<?xml version="1.0" encoding="utf-8"?>
<osm version="0.6" generator="FS25 map pipeline">
  <bounds minlat="52.0251359631" minlon="-1.3999602031" maxlat="52.0988640369" maxlon="-1.2800397969"/>
  <node id="1" lat="52.0570229950" lon="-1.3211453268" version="1" timestamp="2026-09-01T12:00:00Z" changeset="1" uid="1" user="generator"/>
  <node id="2" lat="52.0569239949" lon="-1.3208086362" version="1" timestamp="2026-09-01T12:00:00Z" changeset="1" uid="1" user="generator"/>
  <node id="3" lat="52.0565639946" lon="-1.3205744166" version="1" timestamp="2026-09-01T12:00:00Z" changeset="1" uid="1" user="generator"/>
  <node id="4" lat="52.0555379935" lon="-1.3204573068" version="1" timestamp="2026-09-01T12:00:00Z" changeset="1" uid="1" user="generator"/>
  <node id="5" lat="52.0551959932" lon="-1.3202816422" version="1" timestamp="2026-09-01T12:00:00Z" changeset="1" uid="1" user="generator"/>
  <node id="6" lat="52.0545569926" lon="-1.3195350674" version="1" timestamp="2026-09-01T12:00:00Z" changeset="1" uid="1" user="generator"/>
  <node id="7" lat="52.0543229923" lon="-1.3189202411" version="1" timestamp="2026-09-01T12:00:00Z" changeset="1" uid="1" user="generator"/>
  <node id="8" lat="52.0538549919" lon="-1.3166951554" version="1" timestamp="2026-09-01T12:00:00Z" changeset="1" uid="1" user="generator"/>
  <node id="9" lat="52.0530629911" lon="-1.3146457344" version="1" timestamp="2026-09-01T12:00:00Z" changeset="1" uid="1" user="generator"/>
  <node id="10" lat="52.0541519922" lon="-1.3145139859" version="1" timestamp="2026-09-01T12:00:00Z" changeset="1" uid="1" user="generator"/>
  <node id="11" lat="52.0543229923" lon="-1.3140601856" version="1" timestamp="2026-09-01T12:00:00Z" changeset="1" uid="1" user="generator"/>
  <node id="12" lat="52.0544849925" lon="-1.3133575269" version="1" timestamp="2026-09-01T12:00:00Z" changeset="1" uid="1" user="generator"/>
  <node id="13" lat="52.0546289926" lon="-1.3119229322" version="1" timestamp="2026-09-01T12:00:00Z" changeset="1" uid="1" user="generator"/>
  <node id="14" lat="52.0545209925" lon="-1.3095514594" version="1" timestamp="2026-09-01T12:00:00Z" changeset="1" uid="1" user="generator"/>
  <node id="15" lat="52.0541609922" lon="-1.3074434835" version="1" timestamp="2026-09-01T12:00:00Z" changeset="1" uid="1" user="generator"/>
  <node id="16" lat="52.0530449910" lon="-1.3038423580" version="1" timestamp="2026-09-01T12:00:00Z" changeset="1" uid="1" user="generator"/>
  <node id="17" lat="52.0526129906" lon="-1.3027590926" version="1" timestamp="2026-09-01T12:00:00Z" changeset="1" uid="1" user="generator"/>
  <node id="18" lat="52.0519919900" lon="-1.3016904659" version="1" timestamp="2026-09-01T12:00:00Z" changeset="1" uid="1" user="generator"/>
  <node id="19" lat="52.0515599896" lon="-1.3011927494" version="1" timestamp="2026-09-01T12:00:00Z" changeset="1" uid="1" user="generator"/>
  <node id="20" lat="52.0506959887" lon="-1.3006364780" version="1" timestamp="2026-09-01T12:00:00Z" changeset="1" uid="1" user="generator"/>
  <node id="21" lat="52.0493639874" lon="-1.3004900908" version="1" timestamp="2026-09-01T12:00:00Z" changeset="1" uid="1" user="generator"/>
  <node id="22" lat="52.0475999856" lon="-1.3010463622" version="1" timestamp="2026-09-01T12:00:00Z" changeset="1" uid="1" user="generator"/>
  <node id="23" lat="52.0464839845" lon="-1.3012220268" version="1" timestamp="2026-09-01T12:00:00Z" changeset="1" uid="1" user="generator"/>
  <node id="24" lat="52.0456559837" lon="-1.3018075757" version="1" timestamp="2026-09-01T12:00:00Z" changeset="1" uid="1" user="generator"/>
  <node id="25" lat="52.0448459828" lon="-1.3020417952" version="1" timestamp="2026-09-01T12:00:00Z" changeset="1" uid="1" user="generator"/>
  <node id="26" lat="52.0444589825" lon="-1.3023199309" version="1" timestamp="2026-09-01T12:00:00Z" changeset="1" uid="1" user="generator"/>
  <node id="27" lat="52.0444229824" lon="-1.3024663182" version="1" timestamp="2026-09-01T12:00:00Z" changeset="1" uid="1" user="generator"/>
  <node id="28" lat="52.0445129825" lon="-1.3027005377" version="1" timestamp="2026-09-01T12:00:00Z" changeset="1" uid="1" user="generator"/>
  <node id="29" lat="52.0451519832" lon="-1.3036813320" version="1" timestamp="2026-09-01T12:00:00Z" changeset="1" uid="1" user="generator"/>
  <node id="30" lat="52.0467179847" lon="-1.3054672561" version="1" timestamp="2026-09-01T12:00:00Z" changeset="1" uid="1" user="generator"/>
  <node id="31" lat="52.0476899857" lon="-1.3062284696" version="1" timestamp="2026-09-01T12:00:00Z" changeset="1" uid="1" user="generator"/>
  <node id="32" lat="52.0491299871" lon="-1.3066090763" version="1" timestamp="2026-09-01T12:00:00Z" changeset="1" uid="1" user="generator"/>
  <node id="33" lat="52.0498319878" lon="-1.3077216192" version="1" timestamp="2026-09-01T12:00:00Z" changeset="1" uid="1" user="generator"/>
  <node id="34" lat="52.0506059886" lon="-1.3079265613" version="1" timestamp="2026-09-01T12:00:00Z" changeset="1" uid="1" user="generator"/>
  <node id="35" lat="52.0509029889" lon="-1.3082632519" version="1" timestamp="2026-09-01T12:00:00Z" changeset="1" uid="1" user="generator"/>
  <node id="36" lat="52.0507859888" lon="-1.3085413876" version="1" timestamp="2026-09-01T12:00:00Z" changeset="1" uid="1" user="generator"/>
  <node id="37" lat="52.0502099882" lon="-1.3087463297" version="1" timestamp="2026-09-01T12:00:00Z" changeset="1" uid="1" user="generator"/>
  <node id="38" lat="52.0496339876" lon="-1.3087170522" version="1" timestamp="2026-09-01T12:00:00Z" changeset="1" uid="1" user="generator"/>
  <node id="39" lat="52.0495799876" lon="-1.3088927169" version="1" timestamp="2026-09-01T12:00:00Z" changeset="1" uid="1" user="generator"/>
  <node id="40" lat="52.0490219870" lon="-1.3093318785" version="1" timestamp="2026-09-01T12:00:00Z" changeset="1" uid="1" user="generator"/>
  <node id="41" lat="52.0486529867" lon="-1.3103712278" version="1" timestamp="2026-09-01T12:00:00Z" changeset="1" uid="1" user="generator"/>
  <node id="42" lat="52.0484549865" lon="-1.3116594352" version="1" timestamp="2026-09-01T12:00:00Z" changeset="1" uid="1" user="generator"/>
  <node id="43" lat="52.0484189864" lon="-1.3134453593" version="1" timestamp="2026-09-01T12:00:00Z" changeset="1" uid="1" user="generator"/>
  <node id="44" lat="52.0487069867" lon="-1.3156997224" version="1" timestamp="2026-09-01T12:00:00Z" changeset="1" uid="1" user="generator"/>
  <node id="45" lat="52.0494089874" lon="-1.3177198659" version="1" timestamp="2026-09-01T12:00:00Z" changeset="1" uid="1" user="generator"/>
  <node id="46" lat="52.0503539884" lon="-1.3195204287" version="1" timestamp="2026-09-01T12:00:00Z" changeset="1" uid="1" user="generator"/>
  <node id="47" lat="52.0510379890" lon="-1.3203401971" version="1" timestamp="2026-09-01T12:00:00Z" changeset="1" uid="1" user="generator"/>
  <node id="48" lat="52.0523879904" lon="-1.3211892429" version="1" timestamp="2026-09-01T12:00:00Z" changeset="1" uid="1" user="generator"/>
  <node id="49" lat="52.0541339921" lon="-1.3229166121" version="1" timestamp="2026-09-01T12:00:00Z" changeset="1" uid="1" user="generator"/>
  <node id="50" lat="52.0550159930" lon="-1.3234143286" version="1" timestamp="2026-09-01T12:00:00Z" changeset="1" uid="1" user="generator"/>
  <node id="51" lat="52.0557179937" lon="-1.3233557737" version="1" timestamp="2026-09-01T12:00:00Z" changeset="1" uid="1" user="generator"/>
  <node id="52" lat="52.0563119943" lon="-1.3229166121" version="1" timestamp="2026-09-01T12:00:00Z" changeset="1" uid="1" user="generator"/>
  <node id="53" lat="52.0566809947" lon="-1.3223164245" version="1" timestamp="2026-09-01T12:00:00Z" changeset="1" uid="1" user="generator"/>
  <node id="54" lat="52.0880730261" lon="-1.3876343996" version="1" timestamp="2026-09-01T12:00:00Z" changeset="1" uid="1" user="generator"/>
  <node id="55" lat="52.0880370260" lon="-1.3865804117" version="1" timestamp="2026-09-01T12:00:00Z" changeset="1" uid="1" user="generator"/>
  <node id="56" lat="52.0877850258" lon="-1.3854678689" version="1" timestamp="2026-09-01T12:00:00Z" changeset="1" uid="1" user="generator"/>
  <node id="57" lat="52.0872810253" lon="-1.3843260486" version="1" timestamp="2026-09-01T12:00:00Z" changeset="1" uid="1" user="generator"/>
  <node id="58" lat="52.0867140247" lon="-1.3834330866" version="1" timestamp="2026-09-01T12:00:00Z" changeset="1" uid="1" user="generator"/>
  <node id="59" lat="52.0859400239" lon="-1.3825547633" version="1" timestamp="2026-09-01T12:00:00Z" changeset="1" uid="1" user="generator"/>
  <node id="60" lat="52.0852380232" lon="-1.3820277693" version="1" timestamp="2026-09-01T12:00:00Z" changeset="1" uid="1" user="generator"/>
  <node id="61" lat="52.0842480222" lon="-1.3816471626" version="1" timestamp="2026-09-01T12:00:00Z" changeset="1" uid="1" user="generator"/>
  <node id="62" lat="52.0842120222" lon="-1.3817057175" version="1" timestamp="2026-09-01T12:00:00Z" changeset="1" uid="1" user="generator"/>
  <node id="63" lat="52.0840320220" lon="-1.3816178851" version="1" timestamp="2026-09-01T12:00:00Z" changeset="1" uid="1" user="generator"/>
  <node id="64" lat="52.0839960220" lon="-1.3816764400" version="1" timestamp="2026-09-01T12:00:00Z" changeset="1" uid="1" user="generator"/>
  <node id="65" lat="52.0830780211" lon="-1.3815593302" version="1" timestamp="2026-09-01T12:00:00Z" changeset="1" uid="1" user="generator"/>
  <node id="66" lat="52.0830600211" lon="-1.3816764400" version="1" timestamp="2026-09-01T12:00:00Z" changeset="1" uid="1" user="generator"/>
  <node id="67" lat="52.0830420210" lon="-1.3815593302" version="1" timestamp="2026-09-01T12:00:00Z" changeset="1" uid="1" user="generator"/>
  <node id="68" lat="52.0827360207" lon="-1.3814714979" version="1" timestamp="2026-09-01T12:00:00Z" changeset="1" uid="1" user="generator"/>
  <node id="69" lat="52.0827000207" lon="-1.3815886077" version="1" timestamp="2026-09-01T12:00:00Z" changeset="1" uid="1" user="generator"/>
  <node id="70" lat="52.0826820207" lon="-1.3814714979" version="1" timestamp="2026-09-01T12:00:00Z" changeset="1" uid="1" user="generator"/>
  <node id="71" lat="52.0820700201" lon="-1.3811787235" version="1" timestamp="2026-09-01T12:00:00Z" changeset="1" uid="1" user="generator"/>
  <node id="72" lat="52.0814220194" lon="-1.3805931746" version="1" timestamp="2026-09-01T12:00:00Z" changeset="1" uid="1" user="generator"/>
  <node id="73" lat="52.0807560188" lon="-1.3795684641" version="1" timestamp="2026-09-01T12:00:00Z" changeset="1" uid="1" user="generator"/>
  <node id="74" lat="52.0807110187" lon="-1.3795831028" version="1" timestamp="2026-09-01T12:00:00Z" changeset="1" uid="1" user="generator"/>
  <node id="75" lat="52.0807470187" lon="-1.3795245480" version="1" timestamp="2026-09-01T12:00:00Z" changeset="1" uid="1" user="generator"/>
  <node id="76" lat="52.0805670186" lon="-1.3792903284" version="1" timestamp="2026-09-01T12:00:00Z" changeset="1" uid="1" user="generator"/>
  <node id="77" lat="52.0806030186" lon="-1.3792317735" version="1" timestamp="2026-09-01T12:00:00Z" changeset="1" uid="1" user="generator"/>
  <node id="78" lat="52.0803690184" lon="-1.3787340570" version="1" timestamp="2026-09-01T12:00:00Z" changeset="1" uid="1" user="generator"/>
  <node id="79" lat="52.0802610183" lon="-1.3786462247" version="1" timestamp="2026-09-01T12:00:00Z" changeset="1" uid="1" user="generator"/>
  <node id="80" lat="52.0802970183" lon="-1.3785876698" version="1" timestamp="2026-09-01T12:00:00Z" changeset="1" uid="1" user="generator"/>
  <node id="81" lat="52.0799370179" lon="-1.3777971788" version="1" timestamp="2026-09-01T12:00:00Z" changeset="1" uid="1" user="generator"/>
  <node id="82" lat="52.0798830179" lon="-1.3777971788" version="1" timestamp="2026-09-01T12:00:00Z" changeset="1" uid="1" user="generator"/>
  <node id="83" lat="52.0799190179" lon="-1.3777386239" version="1" timestamp="2026-09-01T12:00:00Z" changeset="1" uid="1" user="generator"/>
  <node id="84" lat="52.0797750178" lon="-1.3774165721" version="1" timestamp="2026-09-01T12:00:00Z" changeset="1" uid="1" user="generator"/>
  <node id="85" lat="52.0797210177" lon="-1.3774165721" version="1" timestamp="2026-09-01T12:00:00Z" changeset="1" uid="1" user="generator"/>
  <node id="86" lat="52.0797570178" lon="-1.3773580172" version="1" timestamp="2026-09-01T12:00:00Z" changeset="1" uid="1" user="generator"/>
  <node id="87" lat="52.0795770176" lon="-1.3769188555" version="1" timestamp="2026-09-01T12:00:00Z" changeset="1" uid="1" user="generator"/>
  <node id="88" lat="52.0795230175" lon="-1.3769188555" version="1" timestamp="2026-09-01T12:00:00Z" changeset="1" uid="1" user="generator"/>
  <node id="89" lat="52.0795590176" lon="-1.3768603006" version="1" timestamp="2026-09-01T12:00:00Z" changeset="1" uid="1" user="generator"/>
  <node id="90" lat="52.0790190170" lon="-1.3754549834" version="1" timestamp="2026-09-01T12:00:00Z" changeset="1" uid="1" user="generator"/>
  <node id="91" lat="52.0788030168" lon="-1.3746937699" version="1" timestamp="2026-09-01T12:00:00Z" changeset="1" uid="1" user="generator"/>
  <node id="92" lat="52.0785510166" lon="-1.3732884526" version="1" timestamp="2026-09-01T12:00:00Z" changeset="1" uid="1" user="generator"/>
  <node id="93" lat="52.0785870166" lon="-1.3732591752" version="1" timestamp="2026-09-01T12:00:00Z" changeset="1" uid="1" user="generator"/>
  <node id="94" lat="52.0785330165" lon="-1.3730542331" version="1" timestamp="2026-09-01T12:00:00Z" changeset="1" uid="1" user="generator"/>
  <node id="95" lat="52.0785330165" lon="-1.3722930196" version="1" timestamp="2026-09-01T12:00:00Z" changeset="1" uid="1" user="generator"/>
  <node id="96" lat="52.0786230166" lon="-1.3712683090" version="1" timestamp="2026-09-01T12:00:00Z" changeset="1" uid="1" user="generator"/>
  <node id="97" lat="52.0786050166" lon="-1.3708877023" version="1" timestamp="2026-09-01T12:00:00Z" changeset="1" uid="1" user="generator"/>
  <node id="98" lat="52.0786590167" lon="-1.3706827602" version="1" timestamp="2026-09-01T12:00:00Z" changeset="1" uid="1" user="generator"/>
  <node id="99" lat="52.0786230166" lon="-1.3706534827" version="1" timestamp="2026-09-01T12:00:00Z" changeset="1" uid="1" user="generator"/>
  <node id="100" lat="52.0789290169" lon="-1.3689261136" version="1" timestamp="2026-09-01T12:00:00Z" changeset="1" uid="1" user="generator"/>
  <node id="101" lat="52.0791450171" lon="-1.3681649001" version="1" timestamp="2026-09-01T12:00:00Z" changeset="1" uid="1" user="generator"/>
  <node id="102" lat="52.0795410175" lon="-1.3671694670" version="1" timestamp="2026-09-01T12:00:00Z" changeset="1" uid="1" user="generator"/>
  <node id="103" lat="52.0795050175" lon="-1.3671109122" version="1" timestamp="2026-09-01T12:00:00Z" changeset="1" uid="1" user="generator"/>
  <node id="104" lat="52.0795500176" lon="-1.3671255509" version="1" timestamp="2026-09-01T12:00:00Z" changeset="1" uid="1" user="generator"/>
  <node id="105" lat="52.0796670177" lon="-1.3668766926" version="1" timestamp="2026-09-01T12:00:00Z" changeset="1" uid="1" user="generator"/>
  <node id="106" lat="52.0796310176" lon="-1.3668181377" version="1" timestamp="2026-09-01T12:00:00Z" changeset="1" uid="1" user="generator"/>
  <node id="107" lat="52.0796760177" lon="-1.3668327764" version="1" timestamp="2026-09-01T12:00:00Z" changeset="1" uid="1" user="generator"/>
  <node id="108" lat="52.0797570178" lon="-1.3667010280" version="1" timestamp="2026-09-01T12:00:00Z" changeset="1" uid="1" user="generator"/>
  <node id="109" lat="52.0797210177" lon="-1.3666424731" version="1" timestamp="2026-09-01T12:00:00Z" changeset="1" uid="1" user="generator"/>
  <node id="110" lat="52.0799010179" lon="-1.3664375310" version="1" timestamp="2026-09-01T12:00:00Z" changeset="1" uid="1" user="generator"/>
  <node id="111" lat="52.0801350181" lon="-1.3659690919" version="1" timestamp="2026-09-01T12:00:00Z" changeset="1" uid="1" user="generator"/>
  <node id="112" lat="52.0800990181" lon="-1.3659105370" version="1" timestamp="2026-09-01T12:00:00Z" changeset="1" uid="1" user="generator"/>
  <node id="113" lat="52.0802250182" lon="-1.3657934272" version="1" timestamp="2026-09-01T12:00:00Z" changeset="1" uid="1" user="generator"/>
  <node id="114" lat="52.0801890182" lon="-1.3657348723" version="1" timestamp="2026-09-01T12:00:00Z" changeset="1" uid="1" user="generator"/>
  <node id="115" lat="52.0803690184" lon="-1.3655299302" version="1" timestamp="2026-09-01T12:00:00Z" changeset="1" uid="1" user="generator"/>
  <node id="116" lat="52.0803330183" lon="-1.3654713753" version="1" timestamp="2026-09-01T12:00:00Z" changeset="1" uid="1" user="generator"/>
  <node id="117" lat="52.0805220185" lon="-1.3652810720" version="1" timestamp="2026-09-01T12:00:00Z" changeset="1" uid="1" user="generator"/>
  <node id="118" lat="52.0807830188" lon="-1.3647979942" version="1" timestamp="2026-09-01T12:00:00Z" changeset="1" uid="1" user="generator"/>
  <node id="119" lat="52.0814490194" lon="-1.3633633995" version="1" timestamp="2026-09-01T12:00:00Z" changeset="1" uid="1" user="generator"/>
  <node id="120" lat="52.0817190197" lon="-1.3625143536" version="1" timestamp="2026-09-01T12:00:00Z" changeset="1" uid="1" user="generator"/>
  <node id="121" lat="52.0818810199" lon="-1.3617238627" version="1" timestamp="2026-09-01T12:00:00Z" changeset="1" uid="1" user="generator"/>
  <node id="122" lat="52.0819350199" lon="-1.3608162619" version="1" timestamp="2026-09-01T12:00:00Z" changeset="1" uid="1" user="generator"/>
  <node id="123" lat="52.0818450198" lon="-1.3599964935" version="1" timestamp="2026-09-01T12:00:00Z" changeset="1" uid="1" user="generator"/>
  <node id="124" lat="52.0816830197" lon="-1.3593231123" version="1" timestamp="2026-09-01T12:00:00Z" changeset="1" uid="1" user="generator"/>
  <node id="125" lat="52.0813050193" lon="-1.3583276793" version="1" timestamp="2026-09-01T12:00:00Z" changeset="1" uid="1" user="generator"/>
  <node id="126" lat="52.0805580186" lon="-1.3570833879" version="1" timestamp="2026-09-01T12:00:00Z" changeset="1" uid="1" user="generator"/>
  <node id="127" lat="52.0801980182" lon="-1.3566735037" version="1" timestamp="2026-09-01T12:00:00Z" changeset="1" uid="1" user="generator"/>
  <node id="128" lat="52.0796040176" lon="-1.3562343421" version="1" timestamp="2026-09-01T12:00:00Z" changeset="1" uid="1" user="generator"/>
  <node id="129" lat="52.0787760168" lon="-1.3559708451" version="1" timestamp="2026-09-01T12:00:00Z" changeset="1" uid="1" user="generator"/>
  <node id="130" lat="52.0787400167" lon="-1.3560294000" version="1" timestamp="2026-09-01T12:00:00Z" changeset="1" uid="1" user="generator"/>
  <node id="131" lat="52.0784700165" lon="-1.3559415677" version="1" timestamp="2026-09-01T12:00:00Z" changeset="1" uid="1" user="generator"/>
  <node id="132" lat="52.0784520165" lon="-1.3560586774" version="1" timestamp="2026-09-01T12:00:00Z" changeset="1" uid="1" user="generator"/>
  <node id="133" lat="52.0784340164" lon="-1.3559415677" version="1" timestamp="2026-09-01T12:00:00Z" changeset="1" uid="1" user="generator"/>
  <node id="134" lat="52.0781820162" lon="-1.3558830128" version="1" timestamp="2026-09-01T12:00:00Z" changeset="1" uid="1" user="generator"/>
  <node id="135" lat="52.0781640162" lon="-1.3560001226" version="1" timestamp="2026-09-01T12:00:00Z" changeset="1" uid="1" user="generator"/>
  <node id="136" lat="52.0781460161" lon="-1.3558830128" version="1" timestamp="2026-09-01T12:00:00Z" changeset="1" uid="1" user="generator"/>
  <node id="137" lat="52.0779840160" lon="-1.3558244579" version="1" timestamp="2026-09-01T12:00:00Z" changeset="1" uid="1" user="generator"/>
  <node id="138" lat="52.0779480159" lon="-1.3559415677" version="1" timestamp="2026-09-01T12:00:00Z" changeset="1" uid="1" user="generator"/>
  <node id="139" lat="52.0779300159" lon="-1.3558244579" version="1" timestamp="2026-09-01T12:00:00Z" changeset="1" uid="1" user="generator"/>
  <node id="140" lat="52.0773720154" lon="-1.3556195158" version="1" timestamp="2026-09-01T12:00:00Z" changeset="1" uid="1" user="generator"/>
  <node id="141" lat="52.0770480150" lon="-1.3553560188" version="1" timestamp="2026-09-01T12:00:00Z" changeset="1" uid="1" user="generator"/>
  <node id="142" lat="52.0770120150" lon="-1.3554438511" version="1" timestamp="2026-09-01T12:00:00Z" changeset="1" uid="1" user="generator"/>
  <node id="143" lat="52.0770120150" lon="-1.3553267414" version="1" timestamp="2026-09-01T12:00:00Z" changeset="1" uid="1" user="generator"/>
  <node id="144" lat="52.0765800146" lon="-1.3549461346" version="1" timestamp="2026-09-01T12:00:00Z" changeset="1" uid="1" user="generator"/>
  <node id="145" lat="52.0758780139" lon="-1.3539799790" version="1" timestamp="2026-09-01T12:00:00Z" changeset="1" uid="1" user="generator"/>
  <node id="146" lat="52.0758060138" lon="-1.3540385339" version="1" timestamp="2026-09-01T12:00:00Z" changeset="1" uid="1" user="generator"/>
  <node id="147" lat="52.0758510139" lon="-1.3539067854" version="1" timestamp="2026-09-01T12:00:00Z" changeset="1" uid="1" user="generator"/>
  <node id="148" lat="52.0753200133" lon="-1.3530723783" version="1" timestamp="2026-09-01T12:00:00Z" changeset="1" uid="1" user="generator"/>
  <node id="149" lat="52.0752750133" lon="-1.3530870170" version="1" timestamp="2026-09-01T12:00:00Z" changeset="1" uid="1" user="generator"/>
  <node id="150" lat="52.0753110133" lon="-1.3530284621" version="1" timestamp="2026-09-01T12:00:00Z" changeset="1" uid="1" user="generator"/>
  <node id="151" lat="52.0751310131" lon="-1.3528235200" version="1" timestamp="2026-09-01T12:00:00Z" changeset="1" uid="1" user="generator"/>
  <node id="152" lat="52.0751670132" lon="-1.3527649651" version="1" timestamp="2026-09-01T12:00:00Z" changeset="1" uid="1" user="generator"/>
  <node id="153" lat="52.0750860131" lon="-1.3526332166" version="1" timestamp="2026-09-01T12:00:00Z" changeset="1" uid="1" user="generator"/>
  <node id="154" lat="52.0750410130" lon="-1.3526478553" version="1" timestamp="2026-09-01T12:00:00Z" changeset="1" uid="1" user="generator"/>
  <node id="155" lat="52.0750770131" lon="-1.3525893005" version="1" timestamp="2026-09-01T12:00:00Z" changeset="1" uid="1" user="generator"/>
  <node id="156" lat="52.0745550126" lon="-1.3512718155" version="1" timestamp="2026-09-01T12:00:00Z" changeset="1" uid="1" user="generator"/>
  <node id="157" lat="52.0743390123" lon="-1.3501007178" version="1" timestamp="2026-09-01T12:00:00Z" changeset="1" uid="1" user="generator"/>
  <node id="158" lat="52.0744110124" lon="-1.3492516720" version="1" timestamp="2026-09-01T12:00:00Z" changeset="1" uid="1" user="generator"/>
  <node id="159" lat="52.0743750124" lon="-1.3492223945" version="1" timestamp="2026-09-01T12:00:00Z" changeset="1" uid="1" user="generator"/>
  <node id="160" lat="52.0748610129" lon="-1.3465581472" version="1" timestamp="2026-09-01T12:00:00Z" changeset="1" uid="1" user="generator"/>
  <node id="161" lat="52.0748790129" lon="-1.3456212690" version="1" timestamp="2026-09-01T12:00:00Z" changeset="1" uid="1" user="generator"/>
  <node id="162" lat="52.0747890128" lon="-1.3449186104" version="1" timestamp="2026-09-01T12:00:00Z" changeset="1" uid="1" user="generator"/>
  <node id="163" lat="52.0743210123" lon="-1.3434547383" version="1" timestamp="2026-09-01T12:00:00Z" changeset="1" uid="1" user="generator"/>
  <node id="164" lat="52.0739610120" lon="-1.3427228022" version="1" timestamp="2026-09-01T12:00:00Z" changeset="1" uid="1" user="generator"/>
  <node id="165" lat="52.0729080109" lon="-1.3410979041" version="1" timestamp="2026-09-01T12:00:00Z" changeset="1" uid="1" user="generator"/>
  <node id="166" lat="52.0722780103" lon="-1.3403659680" version="1" timestamp="2026-09-01T12:00:00Z" changeset="1" uid="1" user="generator"/>
  <node id="167" lat="52.0716120096" lon="-1.3399268064" version="1" timestamp="2026-09-01T12:00:00Z" changeset="1" uid="1" user="generator"/>
  <node id="168" lat="52.0715760096" lon="-1.3399853613" version="1" timestamp="2026-09-01T12:00:00Z" changeset="1" uid="1" user="generator"/>
  <node id="169" lat="52.0713240093" lon="-1.3398682515" version="1" timestamp="2026-09-01T12:00:00Z" changeset="1" uid="1" user="generator"/>
  <node id="170" lat="52.0707120087" lon="-1.3398682515" version="1" timestamp="2026-09-01T12:00:00Z" changeset="1" uid="1" user="generator"/>
  <node id="171" lat="52.0695600076" lon="-1.3401903034" version="1" timestamp="2026-09-01T12:00:00Z" changeset="1" uid="1" user="generator"/>
  <node id="172" lat="52.0695420075" lon="-1.3403074132" version="1" timestamp="2026-09-01T12:00:00Z" changeset="1" uid="1" user="generator"/>
  <node id="173" lat="52.0695240075" lon="-1.3401903034" version="1" timestamp="2026-09-01T12:00:00Z" changeset="1" uid="1" user="generator"/>
  <node id="174" lat="52.0694160074" lon="-1.3402195808" version="1" timestamp="2026-09-01T12:00:00Z" changeset="1" uid="1" user="generator"/>
  <node id="175" lat="52.0693980074" lon="-1.3403366906" version="1" timestamp="2026-09-01T12:00:00Z" changeset="1" uid="1" user="generator"/>
  <node id="176" lat="52.0693800074" lon="-1.3402195808" version="1" timestamp="2026-09-01T12:00:00Z" changeset="1" uid="1" user="generator"/>
  <node id="177" lat="52.0688760069" lon="-1.3402195808" version="1" timestamp="2026-09-01T12:00:00Z" changeset="1" uid="1" user="generator"/>
  <node id="178" lat="52.0688580069" lon="-1.3403366906" version="1" timestamp="2026-09-01T12:00:00Z" changeset="1" uid="1" user="generator"/>
  <node id="179" lat="52.0688400068" lon="-1.3402195808" version="1" timestamp="2026-09-01T12:00:00Z" changeset="1" uid="1" user="generator"/>
  <node id="180" lat="52.0686780067" lon="-1.3401903034" version="1" timestamp="2026-09-01T12:00:00Z" changeset="1" uid="1" user="generator"/>
  <node id="181" lat="52.0686420066" lon="-1.3403074132" version="1" timestamp="2026-09-01T12:00:00Z" changeset="1" uid="1" user="generator"/>
  <node id="182" lat="52.0686240066" lon="-1.3401903034" version="1" timestamp="2026-09-01T12:00:00Z" changeset="1" uid="1" user="generator"/>
  <node id="183" lat="52.0684620065" lon="-1.3401317485" version="1" timestamp="2026-09-01T12:00:00Z" changeset="1" uid="1" user="generator"/>
  <node id="184" lat="52.0684440064" lon="-1.3402488583" version="1" timestamp="2026-09-01T12:00:00Z" changeset="1" uid="1" user="generator"/>
  <node id="185" lat="52.0684260064" lon="-1.3401317485" version="1" timestamp="2026-09-01T12:00:00Z" changeset="1" uid="1" user="generator"/>
  <node id="186" lat="52.0677780058" lon="-1.3398682515" version="1" timestamp="2026-09-01T12:00:00Z" changeset="1" uid="1" user="generator"/>
  <node id="187" lat="52.0677420057" lon="-1.3399268064" version="1" timestamp="2026-09-01T12:00:00Z" changeset="1" uid="1" user="generator"/>
  <node id="188" lat="52.0670940051" lon="-1.3395754771" version="1" timestamp="2026-09-01T12:00:00Z" changeset="1" uid="1" user="generator"/>
  <node id="189" lat="52.0667160047" lon="-1.3392534252" version="1" timestamp="2026-09-01T12:00:00Z" changeset="1" uid="1" user="generator"/>
  <node id="190" lat="52.0666800047" lon="-1.3393412575" version="1" timestamp="2026-09-01T12:00:00Z" changeset="1" uid="1" user="generator"/>
  <node id="191" lat="52.0666800047" lon="-1.3392241478" version="1" timestamp="2026-09-01T12:00:00Z" changeset="1" uid="1" user="generator"/>
  <node id="192" lat="52.0663020043" lon="-1.3389313733" version="1" timestamp="2026-09-01T12:00:00Z" changeset="1" uid="1" user="generator"/>
  <node id="193" lat="52.0656000036" lon="-1.3379652177" version="1" timestamp="2026-09-01T12:00:00Z" changeset="1" uid="1" user="generator"/>
  <node id="194" lat="52.0655640036" lon="-1.3379944952" version="1" timestamp="2026-09-01T12:00:00Z" changeset="1" uid="1" user="generator"/>
  <node id="195" lat="52.0655910036" lon="-1.3379213016" version="1" timestamp="2026-09-01T12:00:00Z" changeset="1" uid="1" user="generator"/>
  <node id="196" lat="52.0654110034" lon="-1.3377163595" version="1" timestamp="2026-09-01T12:00:00Z" changeset="1" uid="1" user="generator"/>
  <node id="197" lat="52.0654470034" lon="-1.3376578046" version="1" timestamp="2026-09-01T12:00:00Z" changeset="1" uid="1" user="generator"/>
  <node id="198" lat="52.0652670033" lon="-1.3374528625" version="1" timestamp="2026-09-01T12:00:00Z" changeset="1" uid="1" user="generator"/>
  <node id="199" lat="52.0653030033" lon="-1.3373943076" version="1" timestamp="2026-09-01T12:00:00Z" changeset="1" uid="1" user="generator"/>
  <node id="200" lat="52.0652220032" lon="-1.3372625591" version="1" timestamp="2026-09-01T12:00:00Z" changeset="1" uid="1" user="generator"/>
  <node id="201" lat="52.0651770032" lon="-1.3372771978" version="1" timestamp="2026-09-01T12:00:00Z" changeset="1" uid="1" user="generator"/>
  <node id="202" lat="52.0652130032" lon="-1.3372186429" version="1" timestamp="2026-09-01T12:00:00Z" changeset="1" uid="1" user="generator"/>
  <node id="203" lat="52.0650960031" lon="-1.3369697847" version="1" timestamp="2026-09-01T12:00:00Z" changeset="1" uid="1" user="generator"/>
  <node id="204" lat="52.0650510031" lon="-1.3369844234" version="1" timestamp="2026-09-01T12:00:00Z" changeset="1" uid="1" user="generator"/>
  <node id="205" lat="52.0650870031" lon="-1.3369258685" version="1" timestamp="2026-09-01T12:00:00Z" changeset="1" uid="1" user="generator"/>
  <node id="206" lat="52.0646910027" lon="-1.3359011580" version="1" timestamp="2026-09-01T12:00:00Z" changeset="1" uid="1" user="generator"/>
  <node id="207" lat="52.0641150021" lon="-1.3333832979" version="1" timestamp="2026-09-01T12:00:00Z" changeset="1" uid="1" user="generator"/>
  <node id="208" lat="52.0639890020" lon="-1.3325342521" version="1" timestamp="2026-09-01T12:00:00Z" changeset="1" uid="1" user="generator"/>
  <node id="209" lat="52.0640250020" lon="-1.3325049746" version="1" timestamp="2026-09-01T12:00:00Z" changeset="1" uid="1" user="generator"/>
  <node id="210" lat="52.0639350019" lon="-1.3315388190" version="1" timestamp="2026-09-01T12:00:00Z" changeset="1" uid="1" user="generator"/>
  <node id="211" lat="52.0634310014" lon="-1.3291380687" version="1" timestamp="2026-09-01T12:00:00Z" changeset="1" uid="1" user="generator"/>
  <node id="212" lat="52.0634670015" lon="-1.3291087912" version="1" timestamp="2026-09-01T12:00:00Z" changeset="1" uid="1" user="generator"/>
  <node id="213" lat="52.0633950014" lon="-1.3288160168" version="1" timestamp="2026-09-01T12:00:00Z" changeset="1" uid="1" user="generator"/>
  <node id="214" lat="52.0634310014" lon="-1.3287867394" version="1" timestamp="2026-09-01T12:00:00Z" changeset="1" uid="1" user="generator"/>
  <node id="215" lat="52.0633410013" lon="-1.3272350349" version="1" timestamp="2026-09-01T12:00:00Z" changeset="1" uid="1" user="generator"/>
  <node id="216" lat="52.0636290016" lon="-1.3244829552" version="1" timestamp="2026-09-01T12:00:00Z" changeset="1" uid="1" user="generator"/>
  <node id="217" lat="52.0635210015" lon="-1.3232825801" version="1" timestamp="2026-09-01T12:00:00Z" changeset="1" uid="1" user="generator"/>
  <node id="218" lat="52.0631610012" lon="-1.3221700373" version="1" timestamp="2026-09-01T12:00:00Z" changeset="1" uid="1" user="generator"/>
  <node id="219" lat="52.0624140004" lon="-1.3207500813" version="1" timestamp="2026-09-01T12:00:00Z" changeset="1" uid="1" user="generator"/>
  <node id="220" lat="52.0618019998" lon="-1.3199303129" version="1" timestamp="2026-09-01T12:00:00Z" changeset="1" uid="1" user="generator"/>
  <node id="221" lat="52.0610999991" lon="-1.3192862091" version="1" timestamp="2026-09-01T12:00:00Z" changeset="1" uid="1" user="generator"/>
  <node id="222" lat="52.0603799984" lon="-1.3188177700" version="1" timestamp="2026-09-01T12:00:00Z" changeset="1" uid="1" user="generator"/>
  <node id="223" lat="52.0603439983" lon="-1.3188763249" version="1" timestamp="2026-09-01T12:00:00Z" changeset="1" uid="1" user="generator"/>
  <node id="224" lat="52.0601639982" lon="-1.3187592152" version="1" timestamp="2026-09-01T12:00:00Z" changeset="1" uid="1" user="generator"/>
  <node id="225" lat="52.0597679978" lon="-1.3187299377" version="1" timestamp="2026-09-01T12:00:00Z" changeset="1" uid="1" user="generator"/>
  <node id="226" lat="52.0590659971" lon="-1.3189641573" version="1" timestamp="2026-09-01T12:00:00Z" changeset="1" uid="1" user="generator"/>
  <node id="227" lat="52.0585259965" lon="-1.3193154866" version="1" timestamp="2026-09-01T12:00:00Z" changeset="1" uid="1" user="generator"/>
  <node id="228" lat="52.0582199962" lon="-1.3195497061" version="1" timestamp="2026-09-01T12:00:00Z" changeset="1" uid="1" user="generator"/>
  <node id="229" lat="52.0582199962" lon="-1.3196668159" version="1" timestamp="2026-09-01T12:00:00Z" changeset="1" uid="1" user="generator"/>
  <node id="230" lat="52.0581839962" lon="-1.3195789836" version="1" timestamp="2026-09-01T12:00:00Z" changeset="1" uid="1" user="generator"/>
  <node id="231" lat="52.0572119952" lon="-1.3204573068" version="1" timestamp="2026-09-01T12:00:00Z" changeset="1" uid="1" user="generator"/>
  <node id="232" lat="52.0572119952" lon="-1.3205744166" version="1" timestamp="2026-09-01T12:00:00Z" changeset="1" uid="1" user="generator"/>
  <node id="233" lat="52.0571759952" lon="-1.3204865843" version="1" timestamp="2026-09-01T12:00:00Z" changeset="1" uid="1" user="generator"/>
  <node id="234" lat="52.0568519949" lon="-1.3207793587" version="1" timestamp="2026-09-01T12:00:00Z" changeset="1" uid="1" user="generator"/>
  <node id="235" lat="52.0569329949" lon="-1.3208232749" version="1" timestamp="2026-09-01T12:00:00Z" changeset="1" uid="1" user="generator"/>
  <node id="236" lat="52.0570499950" lon="-1.3211599655" version="1" timestamp="2026-09-01T12:00:00Z" changeset="1" uid="1" user="generator"/>
  <node id="237" lat="52.0583639964" lon="-1.3199888678" version="1" timestamp="2026-09-01T12:00:00Z" changeset="1" uid="1" user="generator"/>
  <node id="238" lat="52.0583639964" lon="-1.3198717580" version="1" timestamp="2026-09-01T12:00:00Z" changeset="1" uid="1" user="generator"/>
  <node id="239" lat="52.0583999964" lon="-1.3199595903" version="1" timestamp="2026-09-01T12:00:00Z" changeset="1" uid="1" user="generator"/>
  <node id="240" lat="52.0588859969" lon="-1.3196082610" version="1" timestamp="2026-09-01T12:00:00Z" changeset="1" uid="1" user="generator"/>
  <node id="241" lat="52.0588859969" lon="-1.3194618738" version="1" timestamp="2026-09-01T12:00:00Z" changeset="1" uid="1" user="generator"/>
  <node id="242" lat="52.0589219969" lon="-1.3195789836" version="1" timestamp="2026-09-01T12:00:00Z" changeset="1" uid="1" user="generator"/>
  <node id="243" lat="52.0590299970" lon="-1.3195204287" version="1" timestamp="2026-09-01T12:00:00Z" changeset="1" uid="1" user="generator"/>
  <node id="244" lat="52.0590299970" lon="-1.3194033189" version="1" timestamp="2026-09-01T12:00:00Z" changeset="1" uid="1" user="generator"/>
  <node id="245" lat="52.0590659971" lon="-1.3194911512" version="1" timestamp="2026-09-01T12:00:00Z" changeset="1" uid="1" user="generator"/>
  <node id="246" lat="52.0594799975" lon="-1.3193154866" version="1" timestamp="2026-09-01T12:00:00Z" changeset="1" uid="1" user="generator"/>
  <node id="247" lat="52.0596059976" lon="-1.3192569317" version="1" timestamp="2026-09-01T12:00:00Z" changeset="1" uid="1" user="generator"/>
  <node id="248" lat="52.0596239976" lon="-1.3191398219" version="1" timestamp="2026-09-01T12:00:00Z" changeset="1" uid="1" user="generator"/>
  <node id="249" lat="52.0596599977" lon="-1.3192569317" version="1" timestamp="2026-09-01T12:00:00Z" changeset="1" uid="1" user="generator"/>
  <node id="250" lat="52.0597499977" lon="-1.3192276542" version="1" timestamp="2026-09-01T12:00:00Z" changeset="1" uid="1" user="generator"/>
  <node id="251" lat="52.0597679978" lon="-1.3191105445" version="1" timestamp="2026-09-01T12:00:00Z" changeset="1" uid="1" user="generator"/>
  <node id="252" lat="52.0597859978" lon="-1.3192276542" version="1" timestamp="2026-09-01T12:00:00Z" changeset="1" uid="1" user="generator"/>
  <node id="253" lat="52.0600019980" lon="-1.3192276542" version="1" timestamp="2026-09-01T12:00:00Z" changeset="1" uid="1" user="generator"/>
  <node id="254" lat="52.0600199980" lon="-1.3191105445" version="1" timestamp="2026-09-01T12:00:00Z" changeset="1" uid="1" user="generator"/>
  <node id="255" lat="52.0600379980" lon="-1.3192276542" version="1" timestamp="2026-09-01T12:00:00Z" changeset="1" uid="1" user="generator"/>
  <node id="256" lat="52.0602179982" lon="-1.3192862091" version="1" timestamp="2026-09-01T12:00:00Z" changeset="1" uid="1" user="generator"/>
  <node id="257" lat="52.0602359982" lon="-1.3191690994" version="1" timestamp="2026-09-01T12:00:00Z" changeset="1" uid="1" user="generator"/>
  <node id="258" lat="52.0602539983" lon="-1.3192862091" version="1" timestamp="2026-09-01T12:00:00Z" changeset="1" uid="1" user="generator"/>
  <node id="259" lat="52.0605959986" lon="-1.3194618738" version="1" timestamp="2026-09-01T12:00:00Z" changeset="1" uid="1" user="generator"/>
  <node id="260" lat="52.0606319986" lon="-1.3193447640" version="1" timestamp="2026-09-01T12:00:00Z" changeset="1" uid="1" user="generator"/>
  <node id="261" lat="52.0606319986" lon="-1.3194911512" version="1" timestamp="2026-09-01T12:00:00Z" changeset="1" uid="1" user="generator"/>
  <node id="262" lat="52.0607219987" lon="-1.3195497061" version="1" timestamp="2026-09-01T12:00:00Z" changeset="1" uid="1" user="generator"/>
  <node id="263" lat="52.0607579988" lon="-1.3194618738" version="1" timestamp="2026-09-01T12:00:00Z" changeset="1" uid="1" user="generator"/>
  <node id="264" lat="52.0607579988" lon="-1.3195789836" version="1" timestamp="2026-09-01T12:00:00Z" changeset="1" uid="1" user="generator"/>
  <node id="265" lat="52.0613339993" lon="-1.3200474226" version="1" timestamp="2026-09-01T12:00:00Z" changeset="1" uid="1" user="generator"/>
  <node id="266" lat="52.0613699994" lon="-1.3199888678" version="1" timestamp="2026-09-01T12:00:00Z" changeset="1" uid="1" user="generator"/>
  <node id="267" lat="52.0613699994" lon="-1.3200767001" version="1" timestamp="2026-09-01T12:00:00Z" changeset="1" uid="1" user="generator"/>
  <node id="268" lat="52.0616939997" lon="-1.3204280294" version="1" timestamp="2026-09-01T12:00:00Z" changeset="1" uid="1" user="generator"/>
  <node id="269" lat="52.0617299997" lon="-1.3203694745" version="1" timestamp="2026-09-01T12:00:00Z" changeset="1" uid="1" user="generator"/>
  <node id="270" lat="52.0617209997" lon="-1.3204426681" version="1" timestamp="2026-09-01T12:00:00Z" changeset="1" uid="1" user="generator"/>
  <node id="271" lat="52.0620360000" lon="-1.3208671910" version="1" timestamp="2026-09-01T12:00:00Z" changeset="1" uid="1" user="generator"/>
  <node id="272" lat="52.0620720001" lon="-1.3208086362" version="1" timestamp="2026-09-01T12:00:00Z" changeset="1" uid="1" user="generator"/>
  <node id="273" lat="52.0621980002" lon="-1.3211014106" version="1" timestamp="2026-09-01T12:00:00Z" changeset="1" uid="1" user="generator"/>
  <node id="274" lat="52.0622340002" lon="-1.3210428557" version="1" timestamp="2026-09-01T12:00:00Z" changeset="1" uid="1" user="generator"/>
  <node id="275" lat="52.0629630010" lon="-1.3225213666" version="1" timestamp="2026-09-01T12:00:00Z" changeset="1" uid="1" user="generator"/>
  <node id="276" lat="52.0632510013" lon="-1.3234582447" version="1" timestamp="2026-09-01T12:00:00Z" changeset="1" uid="1" user="generator"/>
  <node id="277" lat="52.0633590014" lon="-1.3245122327" version="1" timestamp="2026-09-01T12:00:00Z" changeset="1" uid="1" user="generator"/>
  <node id="278" lat="52.0630710011" lon="-1.3272643123" version="1" timestamp="2026-09-01T12:00:00Z" changeset="1" uid="1" user="generator"/>
  <node id="279" lat="52.0631250011" lon="-1.3287867394" version="1" timestamp="2026-09-01T12:00:00Z" changeset="1" uid="1" user="generator"/>
  <node id="280" lat="52.0632150012" lon="-1.3293137333" version="1" timestamp="2026-09-01T12:00:00Z" changeset="1" uid="1" user="generator"/>
  <node id="281" lat="52.0631790012" lon="-1.3293430108" version="1" timestamp="2026-09-01T12:00:00Z" changeset="1" uid="1" user="generator"/>
  <node id="282" lat="52.0636830017" lon="-1.3317730385" version="1" timestamp="2026-09-01T12:00:00Z" changeset="1" uid="1" user="generator"/>
  <node id="283" lat="52.0636470016" lon="-1.3318023160" version="1" timestamp="2026-09-01T12:00:00Z" changeset="1" uid="1" user="generator"/>
  <node id="284" lat="52.0637370017" lon="-1.3322414776" version="1" timestamp="2026-09-01T12:00:00Z" changeset="1" uid="1" user="generator"/>
  <node id="285" lat="52.0637010017" lon="-1.3322707551" version="1" timestamp="2026-09-01T12:00:00Z" changeset="1" uid="1" user="generator"/>
  <node id="286" lat="52.0638090018" lon="-1.3330612460" version="1" timestamp="2026-09-01T12:00:00Z" changeset="1" uid="1" user="generator"/>
  <node id="287" lat="52.0637730018" lon="-1.3330905235" version="1" timestamp="2026-09-01T12:00:00Z" changeset="1" uid="1" user="generator"/>
  <node id="288" lat="52.0638990019" lon="-1.3337639047" version="1" timestamp="2026-09-01T12:00:00Z" changeset="1" uid="1" user="generator"/>
  <node id="289" lat="52.0644570025" lon="-1.3361646550" version="1" timestamp="2026-09-01T12:00:00Z" changeset="1" uid="1" user="generator"/>
  <node id="290" lat="52.0649250029" lon="-1.3374235850" version="1" timestamp="2026-09-01T12:00:00Z" changeset="1" uid="1" user="generator"/>
  <node id="291" lat="52.0653930034" lon="-1.3383019083" version="1" timestamp="2026-09-01T12:00:00Z" changeset="1" uid="1" user="generator"/>
  <node id="292" lat="52.0659060039" lon="-1.3390484831" version="1" timestamp="2026-09-01T12:00:00Z" changeset="1" uid="1" user="generator"/>
  <node id="293" lat="52.0664640045" lon="-1.3396047545" version="1" timestamp="2026-09-01T12:00:00Z" changeset="1" uid="1" user="generator"/>
  <node id="294" lat="52.0672200052" lon="-1.3401610259" version="1" timestamp="2026-09-01T12:00:00Z" changeset="1" uid="1" user="generator"/>
  <node id="295" lat="52.0674360054" lon="-1.3402488583" version="1" timestamp="2026-09-01T12:00:00Z" changeset="1" uid="1" user="generator"/>
  <node id="296" lat="52.0674720055" lon="-1.3401317485" version="1" timestamp="2026-09-01T12:00:00Z" changeset="1" uid="1" user="generator"/>
  <node id="297" lat="52.0674630055" lon="-1.3402634970" version="1" timestamp="2026-09-01T12:00:00Z" changeset="1" uid="1" user="generator"/>
  <node id="298" lat="52.0675260055" lon="-1.3403074132" version="1" timestamp="2026-09-01T12:00:00Z" changeset="1" uid="1" user="generator"/>
  <node id="299" lat="52.0684800065" lon="-1.3406587425" version="1" timestamp="2026-09-01T12:00:00Z" changeset="1" uid="1" user="generator"/>
  <node id="300" lat="52.0685340065" lon="-1.3404830778" version="1" timestamp="2026-09-01T12:00:00Z" changeset="1" uid="1" user="generator"/>
  <node id="301" lat="52.0685520066" lon="-1.3406587425" version="1" timestamp="2026-09-01T12:00:00Z" changeset="1" uid="1" user="generator"/>
  <node id="302" lat="52.0688580069" lon="-1.3407172974" version="1" timestamp="2026-09-01T12:00:00Z" changeset="1" uid="1" user="generator"/>
  <node id="303" lat="52.0688940069" lon="-1.3406001876" version="1" timestamp="2026-09-01T12:00:00Z" changeset="1" uid="1" user="generator"/>
  <node id="304" lat="52.0689120069" lon="-1.3407172974" version="1" timestamp="2026-09-01T12:00:00Z" changeset="1" uid="1" user="generator"/>
  <node id="305" lat="52.0696860077" lon="-1.3406587425" version="1" timestamp="2026-09-01T12:00:00Z" changeset="1" uid="1" user="generator"/>
  <node id="306" lat="52.0704060084" lon="-1.3404245229" version="1" timestamp="2026-09-01T12:00:00Z" changeset="1" uid="1" user="generator"/>
  <node id="307" lat="52.0704240084" lon="-1.3403074132" version="1" timestamp="2026-09-01T12:00:00Z" changeset="1" uid="1" user="generator"/>
  <node id="308" lat="52.0704420084" lon="-1.3404245229" version="1" timestamp="2026-09-01T12:00:00Z" changeset="1" uid="1" user="generator"/>
  <node id="309" lat="52.0705500086" lon="-1.3403952455" version="1" timestamp="2026-09-01T12:00:00Z" changeset="1" uid="1" user="generator"/>
  <node id="310" lat="52.0705680086" lon="-1.3402781357" version="1" timestamp="2026-09-01T12:00:00Z" changeset="1" uid="1" user="generator"/>
  <node id="311" lat="52.0705860086" lon="-1.3403952455" version="1" timestamp="2026-09-01T12:00:00Z" changeset="1" uid="1" user="generator"/>
  <node id="312" lat="52.0706940087" lon="-1.3403659680" version="1" timestamp="2026-09-01T12:00:00Z" changeset="1" uid="1" user="generator"/>
  <node id="313" lat="52.0707120087" lon="-1.3402488583" version="1" timestamp="2026-09-01T12:00:00Z" changeset="1" uid="1" user="generator"/>
  <node id="314" lat="52.0707300087" lon="-1.3403659680" version="1" timestamp="2026-09-01T12:00:00Z" changeset="1" uid="1" user="generator"/>
  <node id="315" lat="52.0713060093" lon="-1.3403659680" version="1" timestamp="2026-09-01T12:00:00Z" changeset="1" uid="1" user="generator"/>
  <node id="316" lat="52.0713240093" lon="-1.3402488583" version="1" timestamp="2026-09-01T12:00:00Z" changeset="1" uid="1" user="generator"/>
  <node id="317" lat="52.0713420093" lon="-1.3403659680" version="1" timestamp="2026-09-01T12:00:00Z" changeset="1" uid="1" user="generator"/>
  <node id="318" lat="52.0714320094" lon="-1.3403952455" version="1" timestamp="2026-09-01T12:00:00Z" changeset="1" uid="1" user="generator"/>
  <node id="319" lat="52.0714680095" lon="-1.3402781357" version="1" timestamp="2026-09-01T12:00:00Z" changeset="1" uid="1" user="generator"/>
  <node id="320" lat="52.0714860095" lon="-1.3403952455" version="1" timestamp="2026-09-01T12:00:00Z" changeset="1" uid="1" user="generator"/>
  <node id="321" lat="52.0719540100" lon="-1.3406587425" version="1" timestamp="2026-09-01T12:00:00Z" changeset="1" uid="1" user="generator"/>
  <node id="322" lat="52.0719900100" lon="-1.3405709101" version="1" timestamp="2026-09-01T12:00:00Z" changeset="1" uid="1" user="generator"/>
  <node id="323" lat="52.0719900100" lon="-1.3406880199" version="1" timestamp="2026-09-01T12:00:00Z" changeset="1" uid="1" user="generator"/>
  <node id="324" lat="52.0722960103" lon="-1.3409807943" version="1" timestamp="2026-09-01T12:00:00Z" changeset="1" uid="1" user="generator"/>
  <node id="325" lat="52.0723320103" lon="-1.3409222395" version="1" timestamp="2026-09-01T12:00:00Z" changeset="1" uid="1" user="generator"/>
  <node id="326" lat="52.0723500104" lon="-1.3410393492" version="1" timestamp="2026-09-01T12:00:00Z" changeset="1" uid="1" user="generator"/>
  <node id="327" lat="52.0724760105" lon="-1.3411857364" version="1" timestamp="2026-09-01T12:00:00Z" changeset="1" uid="1" user="generator"/>
  <node id="328" lat="52.0725120105" lon="-1.3411271816" version="1" timestamp="2026-09-01T12:00:00Z" changeset="1" uid="1" user="generator"/>
  <node id="329" lat="52.0725030105" lon="-1.3412003752" version="1" timestamp="2026-09-01T12:00:00Z" changeset="1" uid="1" user="generator"/>
  <node id="330" lat="52.0726380106" lon="-1.3413906785" version="1" timestamp="2026-09-01T12:00:00Z" changeset="1" uid="1" user="generator"/>
  <node id="331" lat="52.0726740107" lon="-1.3413321237" version="1" timestamp="2026-09-01T12:00:00Z" changeset="1" uid="1" user="generator"/>
  <node id="332" lat="52.0728180108" lon="-1.3416248981" version="1" timestamp="2026-09-01T12:00:00Z" changeset="1" uid="1" user="generator"/>
  <node id="333" lat="52.0728540109" lon="-1.3415663432" version="1" timestamp="2026-09-01T12:00:00Z" changeset="1" uid="1" user="generator"/>
  <node id="334" lat="52.0728450108" lon="-1.3416395368" version="1" timestamp="2026-09-01T12:00:00Z" changeset="1" uid="1" user="generator"/>
  <node id="335" lat="52.0731420111" lon="-1.3420933372" version="1" timestamp="2026-09-01T12:00:00Z" changeset="1" uid="1" user="generator"/>
  <node id="336" lat="52.0731870112" lon="-1.3420494210" version="1" timestamp="2026-09-01T12:00:00Z" changeset="1" uid="1" user="generator"/>
  <node id="337" lat="52.0733400113" lon="-1.3424153890" version="1" timestamp="2026-09-01T12:00:00Z" changeset="1" uid="1" user="generator"/>
  <node id="338" lat="52.0733850114" lon="-1.3423714729" version="1" timestamp="2026-09-01T12:00:00Z" changeset="1" uid="1" user="generator"/>
  <node id="339" lat="52.0733670114" lon="-1.3424300278" version="1" timestamp="2026-09-01T12:00:00Z" changeset="1" uid="1" user="generator"/>
  <node id="340" lat="52.0736460116" lon="-1.3429131056" version="1" timestamp="2026-09-01T12:00:00Z" changeset="1" uid="1" user="generator"/>
  <node id="341" lat="52.0736910117" lon="-1.3428691894" version="1" timestamp="2026-09-01T12:00:00Z" changeset="1" uid="1" user="generator"/>
  <node id="342" lat="52.0741230121" lon="-1.3438060676" version="1" timestamp="2026-09-01T12:00:00Z" changeset="1" uid="1" user="generator"/>
  <node id="343" lat="52.0744110124" lon="-1.3446258360" version="1" timestamp="2026-09-01T12:00:00Z" changeset="1" uid="1" user="generator"/>
  <node id="344" lat="52.0745910126" lon="-1.3454748818" version="1" timestamp="2026-09-01T12:00:00Z" changeset="1" uid="1" user="generator"/>
  <node id="345" lat="52.0745550126" lon="-1.3455041593" version="1" timestamp="2026-09-01T12:00:00Z" changeset="1" uid="1" user="generator"/>
  <node id="346" lat="52.0746090126" lon="-1.3463532051" version="1" timestamp="2026-09-01T12:00:00Z" changeset="1" uid="1" user="generator"/>
  <node id="347" lat="52.0741230121" lon="-1.3490174524" version="1" timestamp="2026-09-01T12:00:00Z" changeset="1" uid="1" user="generator"/>
  <node id="348" lat="52.0740690121" lon="-1.3500714404" version="1" timestamp="2026-09-01T12:00:00Z" changeset="1" uid="1" user="generator"/>
  <node id="349" lat="52.0742310122" lon="-1.3512132606" version="1" timestamp="2026-09-01T12:00:00Z" changeset="1" uid="1" user="generator"/>
  <node id="350" lat="52.0748070128" lon="-1.3528235200" version="1" timestamp="2026-09-01T12:00:00Z" changeset="1" uid="1" user="generator"/>
  <node id="351" lat="52.0758060138" lon="-1.3545362504" version="1" timestamp="2026-09-01T12:00:00Z" changeset="1" uid="1" user="generator"/>
  <node id="352" lat="52.0766340146" lon="-1.3555609609" version="1" timestamp="2026-09-01T12:00:00Z" changeset="1" uid="1" user="generator"/>
  <node id="353" lat="52.0771560152" lon="-1.3560001226" version="1" timestamp="2026-09-01T12:00:00Z" changeset="1" uid="1" user="generator"/>
  <node id="354" lat="52.0778040158" lon="-1.3562928970" version="1" timestamp="2026-09-01T12:00:00Z" changeset="1" uid="1" user="generator"/>
  <node id="355" lat="52.0778400158" lon="-1.3561757872" version="1" timestamp="2026-09-01T12:00:00Z" changeset="1" uid="1" user="generator"/>
  <node id="356" lat="52.0778580159" lon="-1.3562928970" version="1" timestamp="2026-09-01T12:00:00Z" changeset="1" uid="1" user="generator"/>
  <node id="357" lat="52.0782360162" lon="-1.3564100068" version="1" timestamp="2026-09-01T12:00:00Z" changeset="1" uid="1" user="generator"/>
  <node id="358" lat="52.0787580168" lon="-1.3564685616" version="1" timestamp="2026-09-01T12:00:00Z" changeset="1" uid="1" user="generator"/>
  <node id="359" lat="52.0787760168" lon="-1.3563514519" version="1" timestamp="2026-09-01T12:00:00Z" changeset="1" uid="1" user="generator"/>
  <node id="360" lat="52.0787850168" lon="-1.3564539229" version="1" timestamp="2026-09-01T12:00:00Z" changeset="1" uid="1" user="generator"/>
  <node id="361" lat="52.0788660169" lon="-1.3564978391" version="1" timestamp="2026-09-01T12:00:00Z" changeset="1" uid="1" user="generator"/>
  <node id="362" lat="52.0789020169" lon="-1.3563807293" version="1" timestamp="2026-09-01T12:00:00Z" changeset="1" uid="1" user="generator"/>
  <node id="363" lat="52.0789200169" lon="-1.3564978391" version="1" timestamp="2026-09-01T12:00:00Z" changeset="1" uid="1" user="generator"/>
  <node id="364" lat="52.0790280170" lon="-1.3565271165" version="1" timestamp="2026-09-01T12:00:00Z" changeset="1" uid="1" user="generator"/>
  <node id="365" lat="52.0790460170" lon="-1.3564100068" version="1" timestamp="2026-09-01T12:00:00Z" changeset="1" uid="1" user="generator"/>
  <node id="366" lat="52.0790640171" lon="-1.3565271165" version="1" timestamp="2026-09-01T12:00:00Z" changeset="1" uid="1" user="generator"/>
  <node id="367" lat="52.0795500176" lon="-1.3567320586" version="1" timestamp="2026-09-01T12:00:00Z" changeset="1" uid="1" user="generator"/>
  <node id="368" lat="52.0795860176" lon="-1.3566442263" version="1" timestamp="2026-09-01T12:00:00Z" changeset="1" uid="1" user="generator"/>
  <node id="369" lat="52.0795860176" lon="-1.3567613361" version="1" timestamp="2026-09-01T12:00:00Z" changeset="1" uid="1" user="generator"/>
  <node id="370" lat="52.0800000180" lon="-1.3570248331" version="1" timestamp="2026-09-01T12:00:00Z" changeset="1" uid="1" user="generator"/>
  <node id="371" lat="52.0801620182" lon="-1.3572297752" version="1" timestamp="2026-09-01T12:00:00Z" changeset="1" uid="1" user="generator"/>
  <node id="372" lat="52.0801980182" lon="-1.3571712203" version="1" timestamp="2026-09-01T12:00:00Z" changeset="1" uid="1" user="generator"/>
  <node id="373" lat="52.0803060183" lon="-1.3574054398" version="1" timestamp="2026-09-01T12:00:00Z" changeset="1" uid="1" user="generator"/>
  <node id="374" lat="52.0804500185" lon="-1.3575811045" version="1" timestamp="2026-09-01T12:00:00Z" changeset="1" uid="1" user="generator"/>
  <node id="375" lat="52.0804860185" lon="-1.3575225496" version="1" timestamp="2026-09-01T12:00:00Z" changeset="1" uid="1" user="generator"/>
  <node id="376" lat="52.0811430191" lon="-1.3587961184" version="1" timestamp="2026-09-01T12:00:00Z" changeset="1" uid="1" user="generator"/>
  <node id="377" lat="52.0811970192" lon="-1.3587961184" version="1" timestamp="2026-09-01T12:00:00Z" changeset="1" uid="1" user="generator"/>
  <node id="378" lat="52.0811610192" lon="-1.3588546732" version="1" timestamp="2026-09-01T12:00:00Z" changeset="1" uid="1" user="generator"/>
  <node id="379" lat="52.0814850195" lon="-1.3597329965" version="1" timestamp="2026-09-01T12:00:00Z" changeset="1" uid="1" user="generator"/>
  <node id="380" lat="52.0816470196" lon="-1.3605527649" version="1" timestamp="2026-09-01T12:00:00Z" changeset="1" uid="1" user="generator"/>
  <node id="381" lat="52.0816110196" lon="-1.3605820424" version="1" timestamp="2026-09-01T12:00:00Z" changeset="1" uid="1" user="generator"/>
  <node id="382" lat="52.0816650197" lon="-1.3610797589" version="1" timestamp="2026-09-01T12:00:00Z" changeset="1" uid="1" user="generator"/>
  <node id="383" lat="52.0815390195" lon="-1.3620166371" version="1" timestamp="2026-09-01T12:00:00Z" changeset="1" uid="1" user="generator"/>
  <node id="384" lat="52.0813230193" lon="-1.3628071280" version="1" timestamp="2026-09-01T12:00:00Z" changeset="1" uid="1" user="generator"/>
  <node id="385" lat="52.0809270189" lon="-1.3637732837" version="1" timestamp="2026-09-01T12:00:00Z" changeset="1" uid="1" user="generator"/>
  <node id="386" lat="52.0803690184" lon="-1.3648272716" version="1" timestamp="2026-09-01T12:00:00Z" changeset="1" uid="1" user="generator"/>
  <node id="387" lat="52.0803510184" lon="-1.3649736588" version="1" timestamp="2026-09-01T12:00:00Z" changeset="1" uid="1" user="generator"/>
  <node id="388" lat="52.0803060183" lon="-1.3649297427" version="1" timestamp="2026-09-01T12:00:00Z" changeset="1" uid="1" user="generator"/>
  <node id="389" lat="52.0800270180" lon="-1.3654128205" version="1" timestamp="2026-09-01T12:00:00Z" changeset="1" uid="1" user="generator"/>
  <node id="390" lat="52.0792170172" lon="-1.3670523573" version="1" timestamp="2026-09-01T12:00:00Z" changeset="1" uid="1" user="generator"/>
  <node id="391" lat="52.0788390168" lon="-1.3681356227" version="1" timestamp="2026-09-01T12:00:00Z" changeset="1" uid="1" user="generator"/>
  <node id="392" lat="52.0785150165" lon="-1.3694238301" version="1" timestamp="2026-09-01T12:00:00Z" changeset="1" uid="1" user="generator"/>
  <node id="393" lat="52.0783350163" lon="-1.3709169797" version="1" timestamp="2026-09-01T12:00:00Z" changeset="1" uid="1" user="generator"/>
  <node id="394" lat="52.0782630163" lon="-1.3730249556" version="1" timestamp="2026-09-01T12:00:00Z" changeset="1" uid="1" user="generator"/>
  <node id="395" lat="52.0783890164" lon="-1.3740789436" version="1" timestamp="2026-09-01T12:00:00Z" changeset="1" uid="1" user="generator"/>
  <node id="396" lat="52.0785690166" lon="-1.3749572669" version="1" timestamp="2026-09-01T12:00:00Z" changeset="1" uid="1" user="generator"/>
  <node id="397" lat="52.0792350172" lon="-1.3769774104" version="1" timestamp="2026-09-01T12:00:00Z" changeset="1" uid="1" user="generator"/>
  <node id="398" lat="52.0794690175" lon="-1.3775336818" version="1" timestamp="2026-09-01T12:00:00Z" changeset="1" uid="1" user="generator"/>
  <node id="399" lat="52.0795230175" lon="-1.3775336818" version="1" timestamp="2026-09-01T12:00:00Z" changeset="1" uid="1" user="generator"/>
  <node id="400" lat="52.0794870175" lon="-1.3775922367" version="1" timestamp="2026-09-01T12:00:00Z" changeset="1" uid="1" user="generator"/>
  <node id="401" lat="52.0800090180" lon="-1.3787926119" version="1" timestamp="2026-09-01T12:00:00Z" changeset="1" uid="1" user="generator"/>
  <node id="402" lat="52.0805490185" lon="-1.3799051547" version="1" timestamp="2026-09-01T12:00:00Z" changeset="1" uid="1" user="generator"/>
  <node id="403" lat="52.0812420192" lon="-1.3809445039" version="1" timestamp="2026-09-01T12:00:00Z" changeset="1" uid="1" user="generator"/>
  <node id="404" lat="52.0819260199" lon="-1.3815886077" version="1" timestamp="2026-09-01T12:00:00Z" changeset="1" uid="1" user="generator"/>
  <node id="405" lat="52.0824120204" lon="-1.3818521047" version="1" timestamp="2026-09-01T12:00:00Z" changeset="1" uid="1" user="generator"/>
  <node id="406" lat="52.0824480204" lon="-1.3817349949" version="1" timestamp="2026-09-01T12:00:00Z" changeset="1" uid="1" user="generator"/>
  <node id="407" lat="52.0824390204" lon="-1.3818667434" version="1" timestamp="2026-09-01T12:00:00Z" changeset="1" uid="1" user="generator"/>
  <node id="408" lat="52.0825740206" lon="-1.3819399370" version="1" timestamp="2026-09-01T12:00:00Z" changeset="1" uid="1" user="generator"/>
  <node id="409" lat="52.0835640216" lon="-1.3820863242" version="1" timestamp="2026-09-01T12:00:00Z" changeset="1" uid="1" user="generator"/>
  <node id="410" lat="52.0836000216" lon="-1.3819692144" version="1" timestamp="2026-09-01T12:00:00Z" changeset="1" uid="1" user="generator"/>
  <node id="411" lat="52.0836180216" lon="-1.3820863242" version="1" timestamp="2026-09-01T12:00:00Z" changeset="1" uid="1" user="generator"/>
  <node id="412" lat="52.0839960220" lon="-1.3821156017" version="1" timestamp="2026-09-01T12:00:00Z" changeset="1" uid="1" user="generator"/>
  <node id="413" lat="52.0840320220" lon="-1.3819984919" version="1" timestamp="2026-09-01T12:00:00Z" changeset="1" uid="1" user="generator"/>
  <node id="414" lat="52.0840500221" lon="-1.3821156017" version="1" timestamp="2026-09-01T12:00:00Z" changeset="1" uid="1" user="generator"/>
  <node id="415" lat="52.0842840223" lon="-1.3821741565" version="1" timestamp="2026-09-01T12:00:00Z" changeset="1" uid="1" user="generator"/>
  <node id="416" lat="52.0843200223" lon="-1.3820570468" version="1" timestamp="2026-09-01T12:00:00Z" changeset="1" uid="1" user="generator"/>
  <node id="417" lat="52.0843380223" lon="-1.3821741565" version="1" timestamp="2026-09-01T12:00:00Z" changeset="1" uid="1" user="generator"/>
  <node id="418" lat="52.0845180225" lon="-1.3822327114" version="1" timestamp="2026-09-01T12:00:00Z" changeset="1" uid="1" user="generator"/>
  <node id="419" lat="52.0845360225" lon="-1.3821156017" version="1" timestamp="2026-09-01T12:00:00Z" changeset="1" uid="1" user="generator"/>
  <node id="420" lat="52.0845540226" lon="-1.3822327114" version="1" timestamp="2026-09-01T12:00:00Z" changeset="1" uid="1" user="generator"/>
  <node id="421" lat="52.0849680230" lon="-1.3824083761" version="1" timestamp="2026-09-01T12:00:00Z" changeset="1" uid="1" user="generator"/>
  <node id="422" lat="52.0850040230" lon="-1.3822912663" version="1" timestamp="2026-09-01T12:00:00Z" changeset="1" uid="1" user="generator"/>
  <node id="423" lat="52.0850040230" lon="-1.3824376535" version="1" timestamp="2026-09-01T12:00:00Z" changeset="1" uid="1" user="generator"/>
  <node id="424" lat="52.0852380232" lon="-1.3825547633" version="1" timestamp="2026-09-01T12:00:00Z" changeset="1" uid="1" user="generator"/>
  <node id="425" lat="52.0852740233" lon="-1.3824376535" version="1" timestamp="2026-09-01T12:00:00Z" changeset="1" uid="1" user="generator"/>
  <node id="426" lat="52.0852650233" lon="-1.3825694020" version="1" timestamp="2026-09-01T12:00:00Z" changeset="1" uid="1" user="generator"/>
  <node id="427" lat="52.0854360234" lon="-1.3827011505" version="1" timestamp="2026-09-01T12:00:00Z" changeset="1" uid="1" user="generator"/>
  <node id="428" lat="52.0854720235" lon="-1.3825840407" version="1" timestamp="2026-09-01T12:00:00Z" changeset="1" uid="1" user="generator"/>
  <node id="429" lat="52.0854720235" lon="-1.3827304280" version="1" timestamp="2026-09-01T12:00:00Z" changeset="1" uid="1" user="generator"/>
  <node id="430" lat="52.0856880237" lon="-1.3829060926" version="1" timestamp="2026-09-01T12:00:00Z" changeset="1" uid="1" user="generator"/>
  <node id="431" lat="52.0857240237" lon="-1.3828182603" version="1" timestamp="2026-09-01T12:00:00Z" changeset="1" uid="1" user="generator"/>
  <node id="432" lat="52.0857240237" lon="-1.3829353701" version="1" timestamp="2026-09-01T12:00:00Z" changeset="1" uid="1" user="generator"/>
  <node id="433" lat="52.0861380241" lon="-1.3833745317" version="1" timestamp="2026-09-01T12:00:00Z" changeset="1" uid="1" user="generator"/>
  <node id="434" lat="52.0861740242" lon="-1.3833159768" version="1" timestamp="2026-09-01T12:00:00Z" changeset="1" uid="1" user="generator"/>
  <node id="435" lat="52.0861650242" lon="-1.3833891704" version="1" timestamp="2026-09-01T12:00:00Z" changeset="1" uid="1" user="generator"/>
  <node id="436" lat="52.0863180243" lon="-1.3835794738" version="1" timestamp="2026-09-01T12:00:00Z" changeset="1" uid="1" user="generator"/>
  <node id="437" lat="52.0863540244" lon="-1.3835209189" version="1" timestamp="2026-09-01T12:00:00Z" changeset="1" uid="1" user="generator"/>
  <node id="438" lat="52.0863450243" lon="-1.3835941125" version="1" timestamp="2026-09-01T12:00:00Z" changeset="1" uid="1" user="generator"/>
  <node id="439" lat="52.0864980245" lon="-1.3837844159" version="1" timestamp="2026-09-01T12:00:00Z" changeset="1" uid="1" user="generator"/>
  <node id="440" lat="52.0865340245" lon="-1.3837258610" version="1" timestamp="2026-09-01T12:00:00Z" changeset="1" uid="1" user="generator"/>
  <node id="441" lat="52.0865250245" lon="-1.3837990546" version="1" timestamp="2026-09-01T12:00:00Z" changeset="1" uid="1" user="generator"/>
  <node id="442" lat="52.0866600247" lon="-1.3840186354" version="1" timestamp="2026-09-01T12:00:00Z" changeset="1" uid="1" user="generator"/>
  <node id="443" lat="52.0866960247" lon="-1.3839600806" version="1" timestamp="2026-09-01T12:00:00Z" changeset="1" uid="1" user="generator"/>
  <node id="444" lat="52.0868220248" lon="-1.3842528550" version="1" timestamp="2026-09-01T12:00:00Z" changeset="1" uid="1" user="generator"/>
  <node id="445" lat="52.0868670249" lon="-1.3842089388" version="1" timestamp="2026-09-01T12:00:00Z" changeset="1" uid="1" user="generator"/>
  <node id="446" lat="52.0868490248" lon="-1.3842674937" version="1" timestamp="2026-09-01T12:00:00Z" changeset="1" uid="1" user="generator"/>
  <node id="447" lat="52.0872630253" lon="-1.3850579847" version="1" timestamp="2026-09-01T12:00:00Z" changeset="1" uid="1" user="generator"/>
  <node id="448" lat="52.0873170253" lon="-1.3850579847" version="1" timestamp="2026-09-01T12:00:00Z" changeset="1" uid="1" user="generator"/>
  <node id="449" lat="52.0872810253" lon="-1.3851165396" version="1" timestamp="2026-09-01T12:00:00Z" changeset="1" uid="1" user="generator"/>
  <node id="450" lat="52.0874430254" lon="-1.3854093140" version="1" timestamp="2026-09-01T12:00:00Z" changeset="1" uid="1" user="generator"/>
  <node id="451" lat="52.0877850258" lon="-1.3867853538" version="1" timestamp="2026-09-01T12:00:00Z" changeset="1" uid="1" user="generator"/>
  <node id="452" lat="52.0877490257" lon="-1.3868146312" version="1" timestamp="2026-09-01T12:00:00Z" changeset="1" uid="1" user="generator"/>
  <node id="453" lat="52.0878030258" lon="-1.3876636771" version="1" timestamp="2026-09-01T12:00:00Z" changeset="1" uid="1" user="generator"/>
  <node id="454" lat="52.0877310257" lon="-1.3879564515" version="1" timestamp="2026-09-01T12:00:00Z" changeset="1" uid="1" user="generator"/>
  <node id="455" lat="52.0877670258" lon="-1.3879857290" version="1" timestamp="2026-09-01T12:00:00Z" changeset="1" uid="1" user="generator"/>
  <node id="456" lat="52.0874250254" lon="-1.3895667109" version="1" timestamp="2026-09-01T12:00:00Z" changeset="1" uid="1" user="generator"/>
  <node id="457" lat="52.0869750250" lon="-1.3911184154" version="1" timestamp="2026-09-01T12:00:00Z" changeset="1" uid="1" user="generator"/>
  <node id="458" lat="52.0863810244" lon="-1.3937241078" version="1" timestamp="2026-09-01T12:00:00Z" changeset="1" uid="1" user="generator"/>
  <node id="459" lat="52.0851390231" lon="-1.3977351175" version="1" timestamp="2026-09-01T12:00:00Z" changeset="1" uid="1" user="generator"/>
  <node id="460" lat="52.0845990226" lon="-1.3999309257" version="1" timestamp="2026-09-01T12:00:00Z" changeset="1" uid="1" user="generator"/>
  <node id="461" lat="52.0849230229" lon="-1.3999602031" version="1" timestamp="2026-09-01T12:00:00Z" changeset="1" uid="1" user="generator"/>
  <node id="462" lat="52.0851390231" lon="-1.3988476603" version="1" timestamp="2026-09-01T12:00:00Z" changeset="1" uid="1" user="generator"/>
  <node id="463" lat="52.0853730234" lon="-1.3979986144" version="1" timestamp="2026-09-01T12:00:00Z" changeset="1" uid="1" user="generator"/>
  <node id="464" lat="52.0865610246" lon="-1.3941925469" version="1" timestamp="2026-09-01T12:00:00Z" changeset="1" uid="1" user="generator"/>
  <node id="465" lat="52.0869750250" lon="-1.3925822875" version="1" timestamp="2026-09-01T12:00:00Z" changeset="1" uid="1" user="generator"/>
  <node id="466" lat="52.0872090252" lon="-1.3913819123" version="1" timestamp="2026-09-01T12:00:00Z" changeset="1" uid="1" user="generator"/>
  <node id="467" lat="52.0877130257" lon="-1.3896545432" version="1" timestamp="2026-09-01T12:00:00Z" changeset="1" uid="1" user="generator"/>
  <node id="468" lat="52.0880190260" lon="-1.3881906711" version="1" timestamp="2026-09-01T12:00:00Z" changeset="1" uid="1" user="generator"/>
  <node id="469" lat="52.0445669826" lon="-1.3022320986" version="1" timestamp="2026-09-01T12:00:00Z" changeset="1" uid="1" user="generator"/>
  <node id="470" lat="52.0431899812" lon="-1.3009292524" version="1" timestamp="2026-09-01T12:00:00Z" changeset="1" uid="1" user="generator"/>
  <node id="471" lat="52.0431539812" lon="-1.3009878073" version="1" timestamp="2026-09-01T12:00:00Z" changeset="1" uid="1" user="generator"/>
  <node id="472" lat="52.0430819811" lon="-1.3008121426" version="1" timestamp="2026-09-01T12:00:00Z" changeset="1" uid="1" user="generator"/>
  <node id="473" lat="52.0425959806" lon="-1.3003144261" version="1" timestamp="2026-09-01T12:00:00Z" changeset="1" uid="1" user="generator"/>
  <node id="474" lat="52.0412999793" lon="-1.2994361028" version="1" timestamp="2026-09-01T12:00:00Z" changeset="1" uid="1" user="generator"/>
  <node id="475" lat="52.0405799786" lon="-1.2987919991" version="1" timestamp="2026-09-01T12:00:00Z" changeset="1" uid="1" user="generator"/>
  <node id="476" lat="52.0396979777" lon="-1.2977380111" version="1" timestamp="2026-09-01T12:00:00Z" changeset="1" uid="1" user="generator"/>
  <node id="477" lat="52.0386719767" lon="-1.2960984743" version="1" timestamp="2026-09-01T12:00:00Z" changeset="1" uid="1" user="generator"/>
  <node id="478" lat="52.0385099765" lon="-1.2958642548" version="1" timestamp="2026-09-01T12:00:00Z" changeset="1" uid="1" user="generator"/>
  <node id="479" lat="52.0384379764" lon="-1.2958642548" version="1" timestamp="2026-09-01T12:00:00Z" changeset="1" uid="1" user="generator"/>
  <node id="480" lat="52.0384649765" lon="-1.2957910612" version="1" timestamp="2026-09-01T12:00:00Z" changeset="1" uid="1" user="generator"/>
  <node id="481" lat="52.0383659764" lon="-1.2956300352" version="1" timestamp="2026-09-01T12:00:00Z" changeset="1" uid="1" user="generator"/>
  <node id="482" lat="52.0376279756" lon="-1.2946931571" version="1" timestamp="2026-09-01T12:00:00Z" changeset="1" uid="1" user="generator"/>
  <node id="483" lat="52.0366559747" lon="-1.2939612210" version="1" timestamp="2026-09-01T12:00:00Z" changeset="1" uid="1" user="generator"/>
  <node id="484" lat="52.0357019737" lon="-1.2935513368" version="1" timestamp="2026-09-01T12:00:00Z" changeset="1" uid="1" user="generator"/>
  <node id="485" lat="52.0356659737" lon="-1.2936391691" version="1" timestamp="2026-09-01T12:00:00Z" changeset="1" uid="1" user="generator"/>
  <node id="486" lat="52.0356659737" lon="-1.2935220593" version="1" timestamp="2026-09-01T12:00:00Z" changeset="1" uid="1" user="generator"/>
  <node id="487" lat="52.0351619732" lon="-1.2932000075" version="1" timestamp="2026-09-01T12:00:00Z" changeset="1" uid="1" user="generator"/>
  <node id="488" lat="52.0351259731" lon="-1.2932878398" version="1" timestamp="2026-09-01T12:00:00Z" changeset="1" uid="1" user="generator"/>
  <node id="489" lat="52.0351259731" lon="-1.2931707300" version="1" timestamp="2026-09-01T12:00:00Z" changeset="1" uid="1" user="generator"/>
  <node id="490" lat="52.0348739729" lon="-1.2929365105" version="1" timestamp="2026-09-01T12:00:00Z" changeset="1" uid="1" user="generator"/>
  <node id="491" lat="52.0348379728" lon="-1.2929950654" version="1" timestamp="2026-09-01T12:00:00Z" changeset="1" uid="1" user="generator"/>
  <node id="492" lat="52.0348379728" lon="-1.2929072330" version="1" timestamp="2026-09-01T12:00:00Z" changeset="1" uid="1" user="generator"/>
  <node id="493" lat="52.0345859726" lon="-1.2926437361" version="1" timestamp="2026-09-01T12:00:00Z" changeset="1" uid="1" user="generator"/>
  <node id="494" lat="52.0346129726" lon="-1.2925705425" version="1" timestamp="2026-09-01T12:00:00Z" changeset="1" uid="1" user="generator"/>
  <node id="495" lat="52.0344149724" lon="-1.2921899357" version="1" timestamp="2026-09-01T12:00:00Z" changeset="1" uid="1" user="generator"/>
  <node id="496" lat="52.0341449721" lon="-1.2912237801" version="1" timestamp="2026-09-01T12:00:00Z" changeset="1" uid="1" user="generator"/>
  <node id="497" lat="52.0338749719" lon="-1.2895842433" version="1" timestamp="2026-09-01T12:00:00Z" changeset="1" uid="1" user="generator"/>
  <node id="498" lat="52.0339109719" lon="-1.2895549658" version="1" timestamp="2026-09-01T12:00:00Z" changeset="1" uid="1" user="generator"/>
  <node id="499" lat="52.0338389718" lon="-1.2892329140" version="1" timestamp="2026-09-01T12:00:00Z" changeset="1" uid="1" user="generator"/>
  <node id="500" lat="52.0338749719" lon="-1.2892036365" version="1" timestamp="2026-09-01T12:00:00Z" changeset="1" uid="1" user="generator"/>
  <node id="501" lat="52.0338209718" lon="-1.2889986944" version="1" timestamp="2026-09-01T12:00:00Z" changeset="1" uid="1" user="generator"/>
  <node id="502" lat="52.0338569719" lon="-1.2889694170" version="1" timestamp="2026-09-01T12:00:00Z" changeset="1" uid="1" user="generator"/>
  <node id="503" lat="52.0337669718" lon="-1.2878861516" version="1" timestamp="2026-09-01T12:00:00Z" changeset="1" uid="1" user="generator"/>
  <node id="504" lat="52.0333349713" lon="-1.2863051697" version="1" timestamp="2026-09-01T12:00:00Z" changeset="1" uid="1" user="generator"/>
  <node id="505" lat="52.0325249705" lon="-1.2843728584" version="1" timestamp="2026-09-01T12:00:00Z" changeset="1" uid="1" user="generator"/>
  <node id="506" lat="52.0318679699" lon="-1.2833042318" version="1" timestamp="2026-09-01T12:00:00Z" changeset="1" uid="1" user="generator"/>
  <node id="507" lat="52.0312559693" lon="-1.2824844634" version="1" timestamp="2026-09-01T12:00:00Z" changeset="1" uid="1" user="generator"/>
  <node id="508" lat="52.0301939682" lon="-1.2814597529" version="1" timestamp="2026-09-01T12:00:00Z" changeset="1" uid="1" user="generator"/>
  <node id="509" lat="52.0297439677" lon="-1.2811669784" version="1" timestamp="2026-09-01T12:00:00Z" changeset="1" uid="1" user="generator"/>
  <node id="510" lat="52.0289699670" lon="-1.2808449266" version="1" timestamp="2026-09-01T12:00:00Z" changeset="1" uid="1" user="generator"/>
  <node id="511" lat="52.0289339669" lon="-1.2809620363" version="1" timestamp="2026-09-01T12:00:00Z" changeset="1" uid="1" user="generator"/>
  <node id="512" lat="52.0289159669" lon="-1.2808449266" version="1" timestamp="2026-09-01T12:00:00Z" changeset="1" uid="1" user="generator"/>
  <node id="513" lat="52.0286819667" lon="-1.2807570942" version="1" timestamp="2026-09-01T12:00:00Z" changeset="1" uid="1" user="generator"/>
  <node id="514" lat="52.0284299664" lon="-1.2807570942" version="1" timestamp="2026-09-01T12:00:00Z" changeset="1" uid="1" user="generator"/>
  <node id="515" lat="52.0282679663" lon="-1.2806399845" version="1" timestamp="2026-09-01T12:00:00Z" changeset="1" uid="1" user="generator"/>
  <node id="516" lat="52.0282319662" lon="-1.2807570942" version="1" timestamp="2026-09-01T12:00:00Z" changeset="1" uid="1" user="generator"/>
  <node id="517" lat="52.0282139662" lon="-1.2806399845" version="1" timestamp="2026-09-01T12:00:00Z" changeset="1" uid="1" user="generator"/>
  <node id="518" lat="52.0279799660" lon="-1.2805521521" version="1" timestamp="2026-09-01T12:00:00Z" changeset="1" uid="1" user="generator"/>
  <node id="519" lat="52.0279439659" lon="-1.2806692619" version="1" timestamp="2026-09-01T12:00:00Z" changeset="1" uid="1" user="generator"/>
  <node id="520" lat="52.0279259659" lon="-1.2805521521" version="1" timestamp="2026-09-01T12:00:00Z" changeset="1" uid="1" user="generator"/>
  <node id="521" lat="52.0277639658" lon="-1.2804935972" version="1" timestamp="2026-09-01T12:00:00Z" changeset="1" uid="1" user="generator"/>
  <node id="522" lat="52.0277279657" lon="-1.2805521521" version="1" timestamp="2026-09-01T12:00:00Z" changeset="1" uid="1" user="generator"/>
  <node id="523" lat="52.0275299655" lon="-1.2804350424" version="1" timestamp="2026-09-01T12:00:00Z" changeset="1" uid="1" user="generator"/>
  <node id="524" lat="52.0275119655" lon="-1.2805521521" version="1" timestamp="2026-09-01T12:00:00Z" changeset="1" uid="1" user="generator"/>
  <node id="525" lat="52.0274939655" lon="-1.2804350424" version="1" timestamp="2026-09-01T12:00:00Z" changeset="1" uid="1" user="generator"/>
  <node id="526" lat="52.0272419652" lon="-1.2803472100" version="1" timestamp="2026-09-01T12:00:00Z" changeset="1" uid="1" user="generator"/>
  <node id="527" lat="52.0272239652" lon="-1.2804643198" version="1" timestamp="2026-09-01T12:00:00Z" changeset="1" uid="1" user="generator"/>
  <node id="528" lat="52.0272059652" lon="-1.2803472100" version="1" timestamp="2026-09-01T12:00:00Z" changeset="1" uid="1" user="generator"/>
  <node id="529" lat="52.0270619651" lon="-1.2802886551" version="1" timestamp="2026-09-01T12:00:00Z" changeset="1" uid="1" user="generator"/>
  <node id="530" lat="52.0270259650" lon="-1.2804057649" version="1" timestamp="2026-09-01T12:00:00Z" changeset="1" uid="1" user="generator"/>
  <node id="531" lat="52.0270079650" lon="-1.2802886551" version="1" timestamp="2026-09-01T12:00:00Z" changeset="1" uid="1" user="generator"/>
  <node id="532" lat="52.0268459648" lon="-1.2802301003" version="1" timestamp="2026-09-01T12:00:00Z" changeset="1" uid="1" user="generator"/>
  <node id="533" lat="52.0268099648" lon="-1.2803472100" version="1" timestamp="2026-09-01T12:00:00Z" changeset="1" uid="1" user="generator"/>
  <node id="534" lat="52.0267919648" lon="-1.2802301003" version="1" timestamp="2026-09-01T12:00:00Z" changeset="1" uid="1" user="generator"/>
  <node id="535" lat="52.0266299646" lon="-1.2801715454" version="1" timestamp="2026-09-01T12:00:00Z" changeset="1" uid="1" user="generator"/>
  <node id="536" lat="52.0265939646" lon="-1.2802886551" version="1" timestamp="2026-09-01T12:00:00Z" changeset="1" uid="1" user="generator"/>
  <node id="537" lat="52.0265759646" lon="-1.2801715454" version="1" timestamp="2026-09-01T12:00:00Z" changeset="1" uid="1" user="generator"/>
  <node id="538" lat="52.0261979642" lon="-1.2800544356" version="1" timestamp="2026-09-01T12:00:00Z" changeset="1" uid="1" user="generator"/>
  <node id="539" lat="52.0261079641" lon="-1.2800544356" version="1" timestamp="2026-09-01T12:00:00Z" changeset="1" uid="1" user="generator"/>
  <node id="540" lat="52.0260899641" lon="-1.2801422679" version="1" timestamp="2026-09-01T12:00:00Z" changeset="1" uid="1" user="generator"/>
  <node id="541" lat="52.0260719641" lon="-1.2800544356" version="1" timestamp="2026-09-01T12:00:00Z" changeset="1" uid="1" user="generator"/>
  <node id="542" lat="52.0251449631" lon="-1.2800690743" version="1" timestamp="2026-09-01T12:00:00Z" changeset="1" uid="1" user="generator"/>
  <node id="543" lat="52.0251449631" lon="-1.2802154615" version="1" timestamp="2026-09-01T12:00:00Z" changeset="1" uid="1" user="generator"/>
  <node id="544" lat="52.0252439632" lon="-1.2802886551" version="1" timestamp="2026-09-01T12:00:00Z" changeset="1" uid="1" user="generator"/>
  <node id="545" lat="52.0254779635" lon="-1.2803472100" version="1" timestamp="2026-09-01T12:00:00Z" changeset="1" uid="1" user="generator"/>
  <node id="546" lat="52.0254959635" lon="-1.2802301003" version="1" timestamp="2026-09-01T12:00:00Z" changeset="1" uid="1" user="generator"/>
  <node id="547" lat="52.0255139635" lon="-1.2803472100" version="1" timestamp="2026-09-01T12:00:00Z" changeset="1" uid="1" user="generator"/>
  <node id="548" lat="52.0257659638" lon="-1.2804350424" version="1" timestamp="2026-09-01T12:00:00Z" changeset="1" uid="1" user="generator"/>
  <node id="549" lat="52.0257839638" lon="-1.2803179326" version="1" timestamp="2026-09-01T12:00:00Z" changeset="1" uid="1" user="generator"/>
  <node id="550" lat="52.0258019638" lon="-1.2804350424" version="1" timestamp="2026-09-01T12:00:00Z" changeset="1" uid="1" user="generator"/>
  <node id="551" lat="52.0259279639" lon="-1.2804935972" version="1" timestamp="2026-09-01T12:00:00Z" changeset="1" uid="1" user="generator"/>
  <node id="552" lat="52.0259819640" lon="-1.2803179326" version="1" timestamp="2026-09-01T12:00:00Z" changeset="1" uid="1" user="generator"/>
  <node id="553" lat="52.0259999640" lon="-1.2804935972" version="1" timestamp="2026-09-01T12:00:00Z" changeset="1" uid="1" user="generator"/>
  <node id="554" lat="52.0261619642" lon="-1.2805521521" version="1" timestamp="2026-09-01T12:00:00Z" changeset="1" uid="1" user="generator"/>
  <node id="555" lat="52.0261979642" lon="-1.2804350424" version="1" timestamp="2026-09-01T12:00:00Z" changeset="1" uid="1" user="generator"/>
  <node id="556" lat="52.0262159642" lon="-1.2805521521" version="1" timestamp="2026-09-01T12:00:00Z" changeset="1" uid="1" user="generator"/>
  <node id="557" lat="52.0264499644" lon="-1.2806399845" version="1" timestamp="2026-09-01T12:00:00Z" changeset="1" uid="1" user="generator"/>
  <node id="558" lat="52.0266839647" lon="-1.2806985393" version="1" timestamp="2026-09-01T12:00:00Z" changeset="1" uid="1" user="generator"/>
  <node id="559" lat="52.0267019647" lon="-1.2805814296" version="1" timestamp="2026-09-01T12:00:00Z" changeset="1" uid="1" user="generator"/>
  <node id="560" lat="52.0267199647" lon="-1.2806985393" version="1" timestamp="2026-09-01T12:00:00Z" changeset="1" uid="1" user="generator"/>
  <node id="561" lat="52.0268999649" lon="-1.2807570942" version="1" timestamp="2026-09-01T12:00:00Z" changeset="1" uid="1" user="generator"/>
  <node id="562" lat="52.0269179649" lon="-1.2806399845" version="1" timestamp="2026-09-01T12:00:00Z" changeset="1" uid="1" user="generator"/>
  <node id="563" lat="52.0269359649" lon="-1.2807570942" version="1" timestamp="2026-09-01T12:00:00Z" changeset="1" uid="1" user="generator"/>
  <node id="564" lat="52.0270979651" lon="-1.2808156491" version="1" timestamp="2026-09-01T12:00:00Z" changeset="1" uid="1" user="generator"/>
  <node id="565" lat="52.0271339651" lon="-1.2806985393" version="1" timestamp="2026-09-01T12:00:00Z" changeset="1" uid="1" user="generator"/>
  <node id="566" lat="52.0271519652" lon="-1.2808156491" version="1" timestamp="2026-09-01T12:00:00Z" changeset="1" uid="1" user="generator"/>
  <node id="567" lat="52.0273679654" lon="-1.2809034814" version="1" timestamp="2026-09-01T12:00:00Z" changeset="1" uid="1" user="generator"/>
  <node id="568" lat="52.0274039654" lon="-1.2807863717" version="1" timestamp="2026-09-01T12:00:00Z" changeset="1" uid="1" user="generator"/>
  <node id="569" lat="52.0274219654" lon="-1.2809034814" version="1" timestamp="2026-09-01T12:00:00Z" changeset="1" uid="1" user="generator"/>
  <node id="570" lat="52.0276019656" lon="-1.2809620363" version="1" timestamp="2026-09-01T12:00:00Z" changeset="1" uid="1" user="generator"/>
  <node id="571" lat="52.0276199656" lon="-1.2808449266" version="1" timestamp="2026-09-01T12:00:00Z" changeset="1" uid="1" user="generator"/>
  <node id="572" lat="52.0276379656" lon="-1.2809620363" version="1" timestamp="2026-09-01T12:00:00Z" changeset="1" uid="1" user="generator"/>
  <node id="573" lat="52.0277999658" lon="-1.2810205912" version="1" timestamp="2026-09-01T12:00:00Z" changeset="1" uid="1" user="generator"/>
  <node id="574" lat="52.0278359658" lon="-1.2809034814" version="1" timestamp="2026-09-01T12:00:00Z" changeset="1" uid="1" user="generator"/>
  <node id="575" lat="52.0278539659" lon="-1.2810205912" version="1" timestamp="2026-09-01T12:00:00Z" changeset="1" uid="1" user="generator"/>
  <node id="576" lat="52.0280879661" lon="-1.2811084235" version="1" timestamp="2026-09-01T12:00:00Z" changeset="1" uid="1" user="generator"/>
  <node id="577" lat="52.0281239661" lon="-1.2809913138" version="1" timestamp="2026-09-01T12:00:00Z" changeset="1" uid="1" user="generator"/>
  <node id="578" lat="52.0281419661" lon="-1.2811084235" version="1" timestamp="2026-09-01T12:00:00Z" changeset="1" uid="1" user="generator"/>
  <node id="579" lat="52.0282679663" lon="-1.2811669784" version="1" timestamp="2026-09-01T12:00:00Z" changeset="1" uid="1" user="generator"/>
  <node id="580" lat="52.0283219663" lon="-1.2809913138" version="1" timestamp="2026-09-01T12:00:00Z" changeset="1" uid="1" user="generator"/>
  <node id="581" lat="52.0283399663" lon="-1.2811669784" version="1" timestamp="2026-09-01T12:00:00Z" changeset="1" uid="1" user="generator"/>
  <node id="582" lat="52.0287899668" lon="-1.2813133656" version="1" timestamp="2026-09-01T12:00:00Z" changeset="1" uid="1" user="generator"/>
  <node id="583" lat="52.0288259668" lon="-1.2811962559" version="1" timestamp="2026-09-01T12:00:00Z" changeset="1" uid="1" user="generator"/>
  <node id="584" lat="52.0288439668" lon="-1.2813133656" version="1" timestamp="2026-09-01T12:00:00Z" changeset="1" uid="1" user="generator"/>
  <node id="585" lat="52.0297439677" lon="-1.2816939724" version="1" timestamp="2026-09-01T12:00:00Z" changeset="1" uid="1" user="generator"/>
  <node id="586" lat="52.0297799678" lon="-1.2815768626" version="1" timestamp="2026-09-01T12:00:00Z" changeset="1" uid="1" user="generator"/>
  <node id="587" lat="52.0297799678" lon="-1.2817232498" version="1" timestamp="2026-09-01T12:00:00Z" changeset="1" uid="1" user="generator"/>
  <node id="588" lat="52.0300139680" lon="-1.2818696371" version="1" timestamp="2026-09-01T12:00:00Z" changeset="1" uid="1" user="generator"/>
  <node id="589" lat="52.0300499680" lon="-1.2817525273" version="1" timestamp="2026-09-01T12:00:00Z" changeset="1" uid="1" user="generator"/>
  <node id="590" lat="52.0300499680" lon="-1.2818989145" version="1" timestamp="2026-09-01T12:00:00Z" changeset="1" uid="1" user="generator"/>
  <node id="591" lat="52.0302659683" lon="-1.2820745792" version="1" timestamp="2026-09-01T12:00:00Z" changeset="1" uid="1" user="generator"/>
  <node id="592" lat="52.0303019683" lon="-1.2819867468" version="1" timestamp="2026-09-01T12:00:00Z" changeset="1" uid="1" user="generator"/>
  <node id="593" lat="52.0303019683" lon="-1.2821038566" version="1" timestamp="2026-09-01T12:00:00Z" changeset="1" uid="1" user="generator"/>
  <node id="594" lat="52.0307339687" lon="-1.2825137408" version="1" timestamp="2026-09-01T12:00:00Z" changeset="1" uid="1" user="generator"/>
  <node id="595" lat="52.0307699688" lon="-1.2824551859" version="1" timestamp="2026-09-01T12:00:00Z" changeset="1" uid="1" user="generator"/>
  <node id="596" lat="52.0307879688" lon="-1.2825722957" version="1" timestamp="2026-09-01T12:00:00Z" changeset="1" uid="1" user="generator"/>
  <node id="597" lat="52.0309679690" lon="-1.2827772378" version="1" timestamp="2026-09-01T12:00:00Z" changeset="1" uid="1" user="generator"/>
  <node id="598" lat="52.0310039690" lon="-1.2827186829" version="1" timestamp="2026-09-01T12:00:00Z" changeset="1" uid="1" user="generator"/>
  <node id="599" lat="52.0309949690" lon="-1.2827918765" version="1" timestamp="2026-09-01T12:00:00Z" changeset="1" uid="1" user="generator"/>
  <node id="600" lat="52.0311479691" lon="-1.2829821799" version="1" timestamp="2026-09-01T12:00:00Z" changeset="1" uid="1" user="generator"/>
  <node id="601" lat="52.0311839692" lon="-1.2829236250" version="1" timestamp="2026-09-01T12:00:00Z" changeset="1" uid="1" user="generator"/>
  <node id="602" lat="52.0313639694" lon="-1.2832749543" version="1" timestamp="2026-09-01T12:00:00Z" changeset="1" uid="1" user="generator"/>
  <node id="603" lat="52.0313999694" lon="-1.2832163994" version="1" timestamp="2026-09-01T12:00:00Z" changeset="1" uid="1" user="generator"/>
  <node id="604" lat="52.0313909694" lon="-1.2832895930" version="1" timestamp="2026-09-01T12:00:00Z" changeset="1" uid="1" user="generator"/>
  <node id="605" lat="52.0314899695" lon="-1.2834213415" version="1" timestamp="2026-09-01T12:00:00Z" changeset="1" uid="1" user="generator"/>
  <node id="606" lat="52.0315259695" lon="-1.2833627867" version="1" timestamp="2026-09-01T12:00:00Z" changeset="1" uid="1" user="generator"/>
  <node id="607" lat="52.0316519697" lon="-1.2836555611" version="1" timestamp="2026-09-01T12:00:00Z" changeset="1" uid="1" user="generator"/>
  <node id="608" lat="52.0316879697" lon="-1.2835970062" version="1" timestamp="2026-09-01T12:00:00Z" changeset="1" uid="1" user="generator"/>
  <node id="609" lat="52.0318319698" lon="-1.2839483355" version="1" timestamp="2026-09-01T12:00:00Z" changeset="1" uid="1" user="generator"/>
  <node id="610" lat="52.0319039699" lon="-1.2838897806" version="1" timestamp="2026-09-01T12:00:00Z" changeset="1" uid="1" user="generator"/>
  <node id="611" lat="52.0318769699" lon="-1.2839922517" version="1" timestamp="2026-09-01T12:00:00Z" changeset="1" uid="1" user="generator"/>
  <node id="612" lat="52.0321199701" lon="-1.2843874972" version="1" timestamp="2026-09-01T12:00:00Z" changeset="1" uid="1" user="generator"/>
  <node id="613" lat="52.0321649702" lon="-1.2843435810" version="1" timestamp="2026-09-01T12:00:00Z" changeset="1" uid="1" user="generator"/>
  <node id="614" lat="52.0321829702" lon="-1.2844899682" version="1" timestamp="2026-09-01T12:00:00Z" changeset="1" uid="1" user="generator"/>
  <node id="615" lat="52.0324259704" lon="-1.2849437686" version="1" timestamp="2026-09-01T12:00:00Z" changeset="1" uid="1" user="generator"/>
  <node id="616" lat="52.0324709705" lon="-1.2849291298" version="1" timestamp="2026-09-01T12:00:00Z" changeset="1" uid="1" user="generator"/>
  <node id="617" lat="52.0324349704" lon="-1.2849876847" version="1" timestamp="2026-09-01T12:00:00Z" changeset="1" uid="1" user="generator"/>
  <node id="618" lat="52.0326329706" lon="-1.2853975689" version="1" timestamp="2026-09-01T12:00:00Z" changeset="1" uid="1" user="generator"/>
  <node id="619" lat="52.0326869707" lon="-1.2853975689" version="1" timestamp="2026-09-01T12:00:00Z" changeset="1" uid="1" user="generator"/>
  <node id="620" lat="52.0326509707" lon="-1.2854561238" version="1" timestamp="2026-09-01T12:00:00Z" changeset="1" uid="1" user="generator"/>
  <node id="621" lat="52.0328669709" lon="-1.2859831178" version="1" timestamp="2026-09-01T12:00:00Z" changeset="1" uid="1" user="generator"/>
  <node id="622" lat="52.0329209709" lon="-1.2859831178" version="1" timestamp="2026-09-01T12:00:00Z" changeset="1" uid="1" user="generator"/>
  <node id="623" lat="52.0328849709" lon="-1.2860416727" version="1" timestamp="2026-09-01T12:00:00Z" changeset="1" uid="1" user="generator"/>
  <node id="624" lat="52.0333889714" lon="-1.2875348223" version="1" timestamp="2026-09-01T12:00:00Z" changeset="1" uid="1" user="generator"/>
  <node id="625" lat="52.0335509716" lon="-1.2883545907" version="1" timestamp="2026-09-01T12:00:00Z" changeset="1" uid="1" user="generator"/>
  <node id="626" lat="52.0335149715" lon="-1.2883838681" version="1" timestamp="2026-09-01T12:00:00Z" changeset="1" uid="1" user="generator"/>
  <node id="627" lat="52.0335689716" lon="-1.2885888102" version="1" timestamp="2026-09-01T12:00:00Z" changeset="1" uid="1" user="generator"/>
  <node id="628" lat="52.0335329715" lon="-1.2886180877" version="1" timestamp="2026-09-01T12:00:00Z" changeset="1" uid="1" user="generator"/>
  <node id="629" lat="52.0336589717" lon="-1.2897599079" version="1" timestamp="2026-09-01T12:00:00Z" changeset="1" uid="1" user="generator"/>
  <node id="630" lat="52.0336229716" lon="-1.2897891854" version="1" timestamp="2026-09-01T12:00:00Z" changeset="1" uid="1" user="generator"/>
  <node id="631" lat="52.0338569719" lon="-1.2912530575" version="1" timestamp="2026-09-01T12:00:00Z" changeset="1" uid="1" user="generator"/>
  <node id="632" lat="52.0341629722" lon="-1.2923948778" version="1" timestamp="2026-09-01T12:00:00Z" changeset="1" uid="1" user="generator"/>
  <node id="633" lat="52.0344959725" lon="-1.2930828977" version="1" timestamp="2026-09-01T12:00:00Z" changeset="1" uid="1" user="generator"/>
  <node id="634" lat="52.0347839728" lon="-1.2934342270" version="1" timestamp="2026-09-01T12:00:00Z" changeset="1" uid="1" user="generator"/>
  <node id="635" lat="52.0353419733" lon="-1.2938733887" version="1" timestamp="2026-09-01T12:00:00Z" changeset="1" uid="1" user="generator"/>
  <node id="636" lat="52.0366559747" lon="-1.2944882150" version="1" timestamp="2026-09-01T12:00:00Z" changeset="1" uid="1" user="generator"/>
  <node id="637" lat="52.0366919747" lon="-1.2943711052" version="1" timestamp="2026-09-01T12:00:00Z" changeset="1" uid="1" user="generator"/>
  <node id="638" lat="52.0366919747" lon="-1.2945174924" version="1" timestamp="2026-09-01T12:00:00Z" changeset="1" uid="1" user="generator"/>
  <node id="639" lat="52.0368539749" lon="-1.2946053247" version="1" timestamp="2026-09-01T12:00:00Z" changeset="1" uid="1" user="generator"/>
  <node id="640" lat="52.0368899749" lon="-1.2945174924" version="1" timestamp="2026-09-01T12:00:00Z" changeset="1" uid="1" user="generator"/>
  <node id="641" lat="52.0368899749" lon="-1.2946346022" version="1" timestamp="2026-09-01T12:00:00Z" changeset="1" uid="1" user="generator"/>
  <node id="642" lat="52.0371779752" lon="-1.2948102668" version="1" timestamp="2026-09-01T12:00:00Z" changeset="1" uid="1" user="generator"/>
  <node id="643" lat="52.0376459756" lon="-1.2953079834" version="1" timestamp="2026-09-01T12:00:00Z" changeset="1" uid="1" user="generator"/>
  <node id="644" lat="52.0376819757" lon="-1.2952494285" version="1" timestamp="2026-09-01T12:00:00Z" changeset="1" uid="1" user="generator"/>
  <node id="645" lat="52.0376729757" lon="-1.2953226221" version="1" timestamp="2026-09-01T12:00:00Z" changeset="1" uid="1" user="generator"/>
  <node id="646" lat="52.0378079758" lon="-1.2955129255" version="1" timestamp="2026-09-01T12:00:00Z" changeset="1" uid="1" user="generator"/>
  <node id="647" lat="52.0378439758" lon="-1.2954543706" version="1" timestamp="2026-09-01T12:00:00Z" changeset="1" uid="1" user="generator"/>
  <node id="648" lat="52.0379879760" lon="-1.2957471450" version="1" timestamp="2026-09-01T12:00:00Z" changeset="1" uid="1" user="generator"/>
  <node id="649" lat="52.0380239760" lon="-1.2956885901" version="1" timestamp="2026-09-01T12:00:00Z" changeset="1" uid="1" user="generator"/>
  <node id="650" lat="52.0380149760" lon="-1.2957617837" version="1" timestamp="2026-09-01T12:00:00Z" changeset="1" uid="1" user="generator"/>
  <node id="651" lat="52.0381499761" lon="-1.2959813646" version="1" timestamp="2026-09-01T12:00:00Z" changeset="1" uid="1" user="generator"/>
  <node id="652" lat="52.0381859762" lon="-1.2959228097" version="1" timestamp="2026-09-01T12:00:00Z" changeset="1" uid="1" user="generator"/>
  <node id="653" lat="52.0384559765" lon="-1.2964498036" version="1" timestamp="2026-09-01T12:00:00Z" changeset="1" uid="1" user="generator"/>
  <node id="654" lat="52.0384919765" lon="-1.2963912488" version="1" timestamp="2026-09-01T12:00:00Z" changeset="1" uid="1" user="generator"/>
  <node id="655" lat="52.0384829765" lon="-1.2964644424" version="1" timestamp="2026-09-01T12:00:00Z" changeset="1" uid="1" user="generator"/>
  <node id="656" lat="52.0393379773" lon="-1.2978551209" version="1" timestamp="2026-09-01T12:00:00Z" changeset="1" uid="1" user="generator"/>
  <node id="657" lat="52.0404539785" lon="-1.2992018833" version="1" timestamp="2026-09-01T12:00:00Z" changeset="1" uid="1" user="generator"/>
  <node id="658" lat="52.0410839791" lon="-1.2997874321" version="1" timestamp="2026-09-01T12:00:00Z" changeset="1" uid="1" user="generator"/>
  <node id="659" lat="52.0414799795" lon="-1.3000802066" version="1" timestamp="2026-09-01T12:00:00Z" changeset="1" uid="1" user="generator"/>
  <node id="660" lat="52.0415159795" lon="-1.2999923742" version="1" timestamp="2026-09-01T12:00:00Z" changeset="1" uid="1" user="generator"/>
  <node id="661" lat="52.0415159795" lon="-1.3001094840" version="1" timestamp="2026-09-01T12:00:00Z" changeset="1" uid="1" user="generator"/>
  <node id="662" lat="52.0416779797" lon="-1.3002265938" version="1" timestamp="2026-09-01T12:00:00Z" changeset="1" uid="1" user="generator"/>
  <node id="663" lat="52.0421459801" lon="-1.3005193682" version="1" timestamp="2026-09-01T12:00:00Z" changeset="1" uid="1" user="generator"/>
  <node id="664" lat="52.0421819802" lon="-1.3004315359" version="1" timestamp="2026-09-01T12:00:00Z" changeset="1" uid="1" user="generator"/>
  <node id="665" lat="52.0421819802" lon="-1.3005486457" version="1" timestamp="2026-09-01T12:00:00Z" changeset="1" uid="1" user="generator"/>
  <node id="666" lat="52.0423979804" lon="-1.3006657554" version="1" timestamp="2026-09-01T12:00:00Z" changeset="1" uid="1" user="generator"/>
  <node id="667" lat="52.0428119808" lon="-1.3011049171" version="1" timestamp="2026-09-01T12:00:00Z" changeset="1" uid="1" user="generator"/>
  <node id="668" lat="52.0428479808" lon="-1.3010463622" version="1" timestamp="2026-09-01T12:00:00Z" changeset="1" uid="1" user="generator"/>
  <node id="669" lat="52.0428659809" lon="-1.3011634720" version="1" timestamp="2026-09-01T12:00:00Z" changeset="1" uid="1" user="generator"/>
  <node id="670" lat="52.0430999811" lon="-1.3014269689" version="1" timestamp="2026-09-01T12:00:00Z" changeset="1" uid="1" user="generator"/>
  <node id="671" lat="52.0443599824" lon="-1.3025980667" version="1" timestamp="2026-09-01T12:00:00Z" changeset="1" uid="1" user="generator"/>
  <node id="672" lat="52.0445129825" lon="-1.3026712603" version="1" timestamp="2026-09-01T12:00:00Z" changeset="1" uid="1" user="generator"/>
  <node id="673" lat="52.0444229824" lon="-1.3024370407" version="1" timestamp="2026-09-01T12:00:00Z" changeset="1" uid="1" user="generator"/>
  <node id="674" lat="52.0951650332" lon="-1.3849701523" version="1" timestamp="2026-09-01T12:00:00Z" changeset="1" uid="1" user="generator"/>
  <node id="675" lat="52.0949580330" lon="-1.3844577971" version="1" timestamp="2026-09-01T12:00:00Z" changeset="1" uid="1" user="generator"/>
  <node id="676" lat="52.0915200295" lon="-1.3843406873" version="1" timestamp="2026-09-01T12:00:00Z" changeset="1" uid="1" user="generator"/>
  <node id="677" lat="52.0881900262" lon="-1.3867414376" version="1" timestamp="2026-09-01T12:00:00Z" changeset="1" uid="1" user="generator"/>
  <node id="678" lat="52.0881630262" lon="-1.3878978966" version="1" timestamp="2026-09-01T12:00:00Z" changeset="1" uid="1" user="generator"/>
  <node id="679" lat="52.0879470259" lon="-1.3891275492" version="1" timestamp="2026-09-01T12:00:00Z" changeset="1" uid="1" user="generator"/>
  <node id="680" lat="52.0872810253" lon="-1.3915868544" version="1" timestamp="2026-09-01T12:00:00Z" changeset="1" uid="1" user="generator"/>
  <node id="681" lat="52.0871370251" lon="-1.3923773454" version="1" timestamp="2026-09-01T12:00:00Z" changeset="1" uid="1" user="generator"/>
  <node id="682" lat="52.0867590248" lon="-1.3938997724" version="1" timestamp="2026-09-01T12:00:00Z" changeset="1" uid="1" user="generator"/>
  <node id="683" lat="52.0863270243" lon="-1.3952758123" version="1" timestamp="2026-09-01T12:00:00Z" changeset="1" uid="1" user="generator"/>
  <node id="684" lat="52.0877400257" lon="-1.3977204787" version="1" timestamp="2026-09-01T12:00:00Z" changeset="1" uid="1" user="generator"/>
  <node id="685" lat="52.0888020268" lon="-1.3986280795" version="1" timestamp="2026-09-01T12:00:00Z" changeset="1" uid="1" user="generator"/>
  <node id="686" lat="52.0906380286" lon="-1.3987451892" version="1" timestamp="2026-09-01T12:00:00Z" changeset="1" uid="1" user="generator"/>
  <node id="687" lat="52.0922400302" lon="-1.3984816923" version="1" timestamp="2026-09-01T12:00:00Z" changeset="1" uid="1" user="generator"/>
  <node id="688" lat="52.0926180306" lon="-1.3981010855" version="1" timestamp="2026-09-01T12:00:00Z" changeset="1" uid="1" user="generator"/>
  <node id="689" lat="52.0619910000" lon="-1.3513450091" version="1" timestamp="2026-09-01T12:00:00Z" changeset="1" uid="1" user="generator"/>
  <node id="690" lat="52.0622070002" lon="-1.3509936798" version="1" timestamp="2026-09-01T12:00:00Z" changeset="1" uid="1" user="generator"/>
  <node id="691" lat="52.0645110025" lon="-1.3396633094" version="1" timestamp="2026-09-01T12:00:00Z" changeset="1" uid="1" user="generator"/>
  <node id="692" lat="52.0640070020" lon="-1.3388435410" version="1" timestamp="2026-09-01T12:00:00Z" changeset="1" uid="1" user="generator"/>
  <node id="693" lat="52.0632150012" lon="-1.3380237726" version="1" timestamp="2026-09-01T12:00:00Z" changeset="1" uid="1" user="generator"/>
  <node id="694" lat="52.0580309960" lon="-1.3365013456" version="1" timestamp="2026-09-01T12:00:00Z" changeset="1" uid="1" user="generator"/>
  <node id="695" lat="52.0566089946" lon="-1.3362671260" version="1" timestamp="2026-09-01T12:00:00Z" changeset="1" uid="1" user="generator"/>
  <node id="696" lat="52.0564649945" lon="-1.3365013456" version="1" timestamp="2026-09-01T12:00:00Z" changeset="1" uid="1" user="generator"/>
  <node id="697" lat="52.0564649945" lon="-1.3367062877" version="1" timestamp="2026-09-01T12:00:00Z" changeset="1" uid="1" user="generator"/>
  <node id="698" lat="52.0573289953" lon="-1.3425617763" version="1" timestamp="2026-09-01T12:00:00Z" changeset="1" uid="1" user="generator"/>
  <node id="699" lat="52.0592729973" lon="-1.3506423505" version="1" timestamp="2026-09-01T12:00:00Z" changeset="1" uid="1" user="generator"/>
  <node id="700" lat="52.0594169974" lon="-1.3508765700" version="1" timestamp="2026-09-01T12:00:00Z" changeset="1" uid="1" user="generator"/>
  <node id="701" lat="52.0283849664" lon="-1.3164462972" version="1" timestamp="2026-09-01T12:00:00Z" changeset="1" uid="1" user="generator"/>
  <node id="702" lat="52.0286729667" lon="-1.3169147363" version="1" timestamp="2026-09-01T12:00:00Z" changeset="1" uid="1" user="generator"/>
  <node id="703" lat="52.0340549721" lon="-1.3176173949" version="1" timestamp="2026-09-01T12:00:00Z" changeset="1" uid="1" user="generator"/>
  <node id="704" lat="52.0346309726" lon="-1.3170318460" version="1" timestamp="2026-09-01T12:00:00Z" changeset="1" uid="1" user="generator"/>
  <node id="705" lat="52.0349909730" lon="-1.3164462972" version="1" timestamp="2026-09-01T12:00:00Z" changeset="1" uid="1" user="generator"/>
  <node id="706" lat="52.0357829738" lon="-1.3109714153" version="1" timestamp="2026-09-01T12:00:00Z" changeset="1" uid="1" user="generator"/>
  <node id="707" lat="52.0355669736" lon="-1.3106200860" version="1" timestamp="2026-09-01T12:00:00Z" changeset="1" uid="1" user="generator"/>
  <node id="708" lat="52.0329749710" lon="-1.3079265613" version="1" timestamp="2026-09-01T12:00:00Z" changeset="1" uid="1" user="generator"/>
  <node id="709" lat="52.0309049689" lon="-1.3076923417" version="1" timestamp="2026-09-01T12:00:00Z" changeset="1" uid="1" user="generator"/>
  <node id="710" lat="52.0298249678" lon="-1.3085121101" version="1" timestamp="2026-09-01T12:00:00Z" changeset="1" uid="1" user="generator"/>
  <node id="711" lat="52.0296809677" lon="-1.3087463297" version="1" timestamp="2026-09-01T12:00:00Z" changeset="1" uid="1" user="generator"/>
  <node id="712" lat="52.0283849664" lon="-1.3122596228" version="1" timestamp="2026-09-01T12:00:00Z" changeset="1" uid="1" user="generator"/>
  <node id="713" lat="52.0815930196" lon="-1.3295625916" version="1" timestamp="2026-09-01T12:00:00Z" changeset="1" uid="1" user="generator"/>
  <node id="714" lat="52.0871370251" lon="-1.3349496411" version="1" timestamp="2026-09-01T12:00:00Z" changeset="1" uid="1" user="generator"/>
  <node id="715" lat="52.0873350253" lon="-1.3347154216" version="1" timestamp="2026-09-01T12:00:00Z" changeset="1" uid="1" user="generator"/>
  <node id="716" lat="52.0876230256" lon="-1.3276010029" version="1" timestamp="2026-09-01T12:00:00Z" changeset="1" uid="1" user="generator"/>
  <node id="717" lat="52.0871190251" lon="-1.3263127954" version="1" timestamp="2026-09-01T12:00:00Z" changeset="1" uid="1" user="generator"/>
  <node id="718" lat="52.0830150210" lon="-1.3227995023" version="1" timestamp="2026-09-01T12:00:00Z" changeset="1" uid="1" user="generator"/>
  <node id="719" lat="52.0828170208" lon="-1.3227995023" version="1" timestamp="2026-09-01T12:00:00Z" changeset="1" uid="1" user="generator"/>
  <node id="720" lat="52.0826730207" lon="-1.3230337218" version="1" timestamp="2026-09-01T12:00:00Z" changeset="1" uid="1" user="generator"/>
  <node id="721" lat="52.0821690202" lon="-1.3252588075" version="1" timestamp="2026-09-01T12:00:00Z" changeset="1" uid="1" user="generator"/>
  <node id="722" lat="52.0367369747" lon="-1.3588400345" version="1" timestamp="2026-09-01T12:00:00Z" changeset="1" uid="1" user="generator"/>
  <node id="723" lat="52.0368809749" lon="-1.3590742541" version="1" timestamp="2026-09-01T12:00:00Z" changeset="1" uid="1" user="generator"/>
  <node id="724" lat="52.0418309798" lon="-1.3611822300" version="1" timestamp="2026-09-01T12:00:00Z" changeset="1" uid="1" user="generator"/>
  <node id="725" lat="52.0426229806" lon="-1.3597769127" version="1" timestamp="2026-09-01T12:00:00Z" changeset="1" uid="1" user="generator"/>
  <node id="726" lat="52.0440629821" lon="-1.3550925218" version="1" timestamp="2026-09-01T12:00:00Z" changeset="1" uid="1" user="generator"/>
  <node id="727" lat="52.0434869815" lon="-1.3523111648" version="1" timestamp="2026-09-01T12:00:00Z" changeset="1" uid="1" user="generator"/>
  <node id="728" lat="52.0432169812" lon="-1.3519598354" version="1" timestamp="2026-09-01T12:00:00Z" changeset="1" uid="1" user="generator"/>
  <node id="729" lat="52.0404809785" lon="-1.3534822625" version="1" timestamp="2026-09-01T12:00:00Z" changeset="1" uid="1" user="generator"/>
  <node id="730" lat="52.0369529750" lon="-1.3580495436" version="1" timestamp="2026-09-01T12:00:00Z" changeset="1" uid="1" user="generator"/>
  <node id="731" lat="52.0368089748" lon="-1.3582837631" version="1" timestamp="2026-09-01T12:00:00Z" changeset="1" uid="1" user="generator"/>
  <node id="732" lat="52.0586789967" lon="-1.3840186354" version="1" timestamp="2026-09-01T12:00:00Z" changeset="1" uid="1" user="generator"/>
  <node id="733" lat="52.0604789985" lon="-1.3835501964" version="1" timestamp="2026-09-01T12:00:00Z" changeset="1" uid="1" user="generator"/>
  <node id="734" lat="52.0606229986" lon="-1.3833159768" version="1" timestamp="2026-09-01T12:00:00Z" changeset="1" uid="1" user="generator"/>
  <node id="735" lat="52.0609829990" lon="-1.3819106596" version="1" timestamp="2026-09-01T12:00:00Z" changeset="1" uid="1" user="generator"/>
  <node id="736" lat="52.0601189981" lon="-1.3740935823" version="1" timestamp="2026-09-01T12:00:00Z" changeset="1" uid="1" user="generator"/>
  <node id="737" lat="52.0593269973" lon="-1.3725711553" version="1" timestamp="2026-09-01T12:00:00Z" changeset="1" uid="1" user="generator"/>
  <node id="738" lat="52.0590569971" lon="-1.3729224846" version="1" timestamp="2026-09-01T12:00:00Z" changeset="1" uid="1" user="generator"/>
  <node id="739" lat="52.0575449955" lon="-1.3793635220" version="1" timestamp="2026-09-01T12:00:00Z" changeset="1" uid="1" user="generator"/>
  <node id="740" lat="52.0576169956" lon="-1.3805053423" version="1" timestamp="2026-09-01T12:00:00Z" changeset="1" uid="1" user="generator"/>
  <node id="741" lat="52.0584089964" lon="-1.3836673061" version="1" timestamp="2026-09-01T12:00:00Z" changeset="1" uid="1" user="generator"/>
  <node id="742" lat="52.0341989722" lon="-1.3773433785" version="1" timestamp="2026-09-01T12:00:00Z" changeset="1" uid="1" user="generator"/>
  <node id="743" lat="52.0344869725" lon="-1.3768749394" version="1" timestamp="2026-09-01T12:00:00Z" changeset="1" uid="1" user="generator"/>
  <node id="744" lat="52.0344869725" lon="-1.3766699973" version="1" timestamp="2026-09-01T12:00:00Z" changeset="1" uid="1" user="generator"/>
  <node id="745" lat="52.0337669718" lon="-1.3725711553" version="1" timestamp="2026-09-01T12:00:00Z" changeset="1" uid="1" user="generator"/>
  <node id="746" lat="52.0336229716" lon="-1.3723369357" version="1" timestamp="2026-09-01T12:00:00Z" changeset="1" uid="1" user="generator"/>
  <node id="747" lat="52.0301849682" lon="-1.3730395943" version="1" timestamp="2026-09-01T12:00:00Z" changeset="1" uid="1" user="generator"/>
  <node id="748" lat="52.0291769672" lon="-1.3750304605" version="1" timestamp="2026-09-01T12:00:00Z" changeset="1" uid="1" user="generator"/>
  <node id="749" lat="52.0292489672" lon="-1.3754696221" version="1" timestamp="2026-09-01T12:00:00Z" changeset="1" uid="1" user="generator"/>
  <node id="750" lat="52.0301849682" lon="-1.3778118175" version="1" timestamp="2026-09-01T12:00:00Z" changeset="1" uid="1" user="generator"/>
  <node id="751" lat="52.0304729685" lon="-1.3782802566" version="1" timestamp="2026-09-01T12:00:00Z" changeset="1" uid="1" user="generator"/>
  <node id="752" lat="52.0318949699" lon="-1.3780460371" version="1" timestamp="2026-09-01T12:00:00Z" changeset="1" uid="1" user="generator"/>
  <node id="753" lat="52.0515509896" lon="-1.2936391691" version="1" timestamp="2026-09-01T12:00:00Z" changeset="1" uid="1" user="generator"/>
  <node id="754" lat="52.0488149868" lon="-1.2900087662" version="1" timestamp="2026-09-01T12:00:00Z" changeset="1" uid="1" user="generator"/>
  <node id="755" lat="52.0486889867" lon="-1.2900087662" version="1" timestamp="2026-09-01T12:00:00Z" changeset="1" uid="1" user="generator"/>
  <node id="756" lat="52.0476089856" lon="-1.2923509616" version="1" timestamp="2026-09-01T12:00:00Z" changeset="1" uid="1" user="generator"/>
  <node id="757" lat="52.0471769852" lon="-1.2934049496" version="1" timestamp="2026-09-01T12:00:00Z" changeset="1" uid="1" user="generator"/>
  <node id="758" lat="52.0471049851" lon="-1.2938441112" version="1" timestamp="2026-09-01T12:00:00Z" changeset="1" uid="1" user="generator"/>
  <node id="759" lat="52.0473209853" lon="-1.2941954405" version="1" timestamp="2026-09-01T12:00:00Z" changeset="1" uid="1" user="generator"/>
  <node id="760" lat="52.0479689860" lon="-1.2946638796" version="1" timestamp="2026-09-01T12:00:00Z" changeset="1" uid="1" user="generator"/>
  <node id="761" lat="52.0509209889" lon="-1.2964205262" version="1" timestamp="2026-09-01T12:00:00Z" changeset="1" uid="1" user="generator"/>
  <node id="762" lat="52.0513349893" lon="-1.2965376360" version="1" timestamp="2026-09-01T12:00:00Z" changeset="1" uid="1" user="generator"/>
  <node id="763" lat="52.0514789895" lon="-1.2963034164" version="1" timestamp="2026-09-01T12:00:00Z" changeset="1" uid="1" user="generator"/>
  <node id="764" lat="52.0515509896" lon="-1.2956007578" version="1" timestamp="2026-09-01T12:00:00Z" changeset="1" uid="1" user="generator"/>
  <node id="765" lat="52.0762470142" lon="-1.3132843333" version="1" timestamp="2026-09-01T12:00:00Z" changeset="1" uid="1" user="generator"/>
  <node id="766" lat="52.0771830152" lon="-1.3107371958" version="1" timestamp="2026-09-01T12:00:00Z" changeset="1" uid="1" user="generator"/>
  <node id="767" lat="52.0755270135" lon="-1.3079265613" version="1" timestamp="2026-09-01T12:00:00Z" changeset="1" uid="1" user="generator"/>
  <node id="768" lat="52.0750230130" lon="-1.3074581222" version="1" timestamp="2026-09-01T12:00:00Z" changeset="1" uid="1" user="generator"/>
  <node id="769" lat="52.0740330120" lon="-1.3081607808" version="1" timestamp="2026-09-01T12:00:00Z" changeset="1" uid="1" user="generator"/>
  <node id="770" lat="52.0738890119" lon="-1.3083950004" version="1" timestamp="2026-09-01T12:00:00Z" changeset="1" uid="1" user="generator"/>
  <node id="771" lat="52.0738890119" lon="-1.3087170522" version="1" timestamp="2026-09-01T12:00:00Z" changeset="1" uid="1" user="generator"/>
  <node id="772" lat="52.0756890137" lon="-1.3132843333" version="1" timestamp="2026-09-01T12:00:00Z" changeset="1" uid="1" user="generator"/>
  <node id="773" lat="52.0758330138" lon="-1.3135185529" version="1" timestamp="2026-09-01T12:00:00Z" changeset="1" uid="1" user="generator"/>
  <node id="774" lat="52.0559429939" lon="-1.2870517445" version="1" timestamp="2026-09-01T12:00:00Z" changeset="1" uid="1" user="generator"/>
  <node id="775" lat="52.0585349965" lon="-1.2865833054" version="1" timestamp="2026-09-01T12:00:00Z" changeset="1" uid="1" user="generator"/>
  <node id="776" lat="52.0586789967" lon="-1.2863490858" version="1" timestamp="2026-09-01T12:00:00Z" changeset="1" uid="1" user="generator"/>
  <node id="777" lat="52.0585349965" lon="-1.2836848385" version="1" timestamp="2026-09-01T12:00:00Z" changeset="1" uid="1" user="generator"/>
  <node id="778" lat="52.0583909964" lon="-1.2834506190" version="1" timestamp="2026-09-01T12:00:00Z" changeset="1" uid="1" user="generator"/>
  <node id="779" lat="52.0571129951" lon="-1.2833335092" version="1" timestamp="2026-09-01T12:00:00Z" changeset="1" uid="1" user="generator"/>
  <node id="780" lat="52.0556729937" lon="-1.2841532776" version="1" timestamp="2026-09-01T12:00:00Z" changeset="1" uid="1" user="generator"/>
  <node id="781" lat="52.0554569935" lon="-1.2845046069" version="1" timestamp="2026-09-01T12:00:00Z" changeset="1" uid="1" user="generator"/>
  <node id="782" lat="52.0552409932" lon="-1.2861148663" version="1" timestamp="2026-09-01T12:00:00Z" changeset="1" uid="1" user="generator"/>
  <node id="783" lat="52.0558169938" lon="-1.2870517445" version="1" timestamp="2026-09-01T12:00:00Z" changeset="1" uid="1" user="generator"/>
  <node id="784" lat="52.0741770122" lon="-1.2889255008" version="1" timestamp="2026-09-01T12:00:00Z" changeset="1" uid="1" user="generator"/>
  <node id="785" lat="52.0743210123" lon="-1.2891597204" version="1" timestamp="2026-09-01T12:00:00Z" changeset="1" uid="1" user="generator"/>
  <node id="786" lat="52.0758330138" lon="-1.2904479278" version="1" timestamp="2026-09-01T12:00:00Z" changeset="1" uid="1" user="generator"/>
  <node id="787" lat="52.0759590140" lon="-1.2904479278" version="1" timestamp="2026-09-01T12:00:00Z" changeset="1" uid="1" user="generator"/>
  <node id="788" lat="52.0769670150" lon="-1.2884570617" version="1" timestamp="2026-09-01T12:00:00Z" changeset="1" uid="1" user="generator"/>
  <node id="789" lat="52.0769670150" lon="-1.2869639121" version="1" timestamp="2026-09-01T12:00:00Z" changeset="1" uid="1" user="generator"/>
  <node id="790" lat="52.0766070146" lon="-1.2854414851" version="1" timestamp="2026-09-01T12:00:00Z" changeset="1" uid="1" user="generator"/>
  <node id="791" lat="52.0764090144" lon="-1.2852072656" version="1" timestamp="2026-09-01T12:00:00Z" changeset="1" uid="1" user="generator"/>
  <node id="792" lat="52.0745370125" lon="-1.2876665708" version="1" timestamp="2026-09-01T12:00:00Z" changeset="1" uid="1" user="generator"/>
  <node id="793" lat="52.0743930124" lon="-1.2879007903" version="1" timestamp="2026-09-01T12:00:00Z" changeset="1" uid="1" user="generator"/>
  <node id="794" lat="52.0856070236" lon="-1.3202230873" version="1" timestamp="2026-09-01T12:00:00Z" changeset="1" uid="1" user="generator"/>
  <node id="795" lat="52.0852470232" lon="-1.3178808919" version="1" timestamp="2026-09-01T12:00:00Z" changeset="1" uid="1" user="generator"/>
  <node id="796" lat="52.0845270225" lon="-1.3170611235" version="1" timestamp="2026-09-01T12:00:00Z" changeset="1" uid="1" user="generator"/>
  <node id="797" lat="52.0828170208" lon="-1.3185835505" version="1" timestamp="2026-09-01T12:00:00Z" changeset="1" uid="1" user="generator"/>
  <node id="798" lat="52.0826010206" lon="-1.3189348798" version="1" timestamp="2026-09-01T12:00:00Z" changeset="1" uid="1" user="generator"/>
  <node id="799" lat="52.0831050211" lon="-1.3200767001" version="1" timestamp="2026-09-01T12:00:00Z" changeset="1" uid="1" user="generator"/>
  <node id="800" lat="52.0839690220" lon="-1.3206622489" version="1" timestamp="2026-09-01T12:00:00Z" changeset="1" uid="1" user="generator"/>
  <node id="801" lat="52.0853190233" lon="-1.3207793587" version="1" timestamp="2026-09-01T12:00:00Z" changeset="1" uid="1" user="generator"/>
  <node id="802" lat="52.0349293949" lon="-1.2839637208" version="1" timestamp="2026-09-01T12:00:00Z" changeset="1" uid="1" user="generator"/>
  <node id="803" lat="52.0371115101" lon="-1.2849653021" version="1" timestamp="2026-09-01T12:00:00Z" changeset="1" uid="1" user="generator"/>
  <node id="804" lat="52.0379685180" lon="-1.2849577193" version="1" timestamp="2026-09-01T12:00:00Z" changeset="1" uid="1" user="generator"/>
  <node id="805" lat="52.0388096858" lon="-1.2845418918" version="1" timestamp="2026-09-01T12:00:00Z" changeset="1" uid="1" user="generator"/>
  <node id="806" lat="52.0396350226" lon="-1.2837178342" version="1" timestamp="2026-09-01T12:00:00Z" changeset="1" uid="1" user="generator"/>
  <node id="807" lat="52.0404445194" lon="-1.2824855613" version="1" timestamp="2026-09-01T12:00:00Z" changeset="1" uid="1" user="generator"/>
  <node id="808" lat="52.0412955423" lon="-1.2821425614" version="1" timestamp="2026-09-01T12:00:00Z" changeset="1" uid="1" user="generator"/>
  <node id="809" lat="52.0421881002" lon="-1.2826888199" version="1" timestamp="2026-09-01T12:00:00Z" changeset="1" uid="1" user="generator"/>
  <node id="810" lat="52.0431221841" lon="-1.2841243661" version="1" timestamp="2026-09-01T12:00:00Z" changeset="1" uid="1" user="generator"/>
  <node id="811" lat="52.0440977941" lon="-1.2864491854" version="1" timestamp="2026-09-01T12:00:00Z" changeset="1" uid="1" user="generator"/>
  <node id="812" lat="52.0449400509" lon="-1.2881340583" version="1" timestamp="2026-09-01T12:00:00Z" changeset="1" uid="1" user="generator"/>
  <node id="813" lat="52.0456489636" lon="-1.2891790142" version="1" timestamp="2026-09-01T12:00:00Z" changeset="1" uid="1" user="generator"/>
  <node id="814" lat="52.0462245322" lon="-1.2895840237" version="1" timestamp="2026-09-01T12:00:00Z" changeset="1" uid="1" user="generator"/>
  <node id="815" lat="52.0466667477" lon="-1.2893491015" version="1" timestamp="2026-09-01T12:00:00Z" changeset="1" uid="1" user="generator"/>
  <node id="816" lat="52.0471694342" lon="-1.2895670574" version="1" timestamp="2026-09-01T12:00:00Z" changeset="1" uid="1" user="generator"/>
  <node id="817" lat="52.0477325737" lon="-1.2902378768" version="1" timestamp="2026-09-01T12:00:00Z" changeset="1" uid="1" user="generator"/>
  <node id="818" lat="52.0483561754" lon="-1.2913615890" version="1" timestamp="2026-09-01T12:00:00Z" changeset="1" uid="1" user="generator"/>
  <node id="819" lat="52.0490402390" lon="-1.2929381793" version="1" timestamp="2026-09-01T12:00:00Z" changeset="1" uid="1" user="generator"/>
  <node id="820" lat="52.0497872848" lon="-1.2940503123" version="1" timestamp="2026-09-01T12:00:00Z" changeset="1" uid="1" user="generator"/>
  <node id="821" lat="52.0505973126" lon="-1.2946980025" version="1" timestamp="2026-09-01T12:00:00Z" changeset="1" uid="1" user="generator"/>
  <node id="822" lat="52.0514703225" lon="-1.2948812500" version="1" timestamp="2026-09-01T12:00:00Z" changeset="1" uid="1" user="generator"/>
  <node id="823" lat="52.0524063054" lon="-1.2946000548" version="1" timestamp="2026-09-01T12:00:00Z" changeset="1" uid="1" user="generator"/>
  <node id="824" lat="52.0531073611" lon="-1.2941844029" version="1" timestamp="2026-09-01T12:00:00Z" changeset="1" uid="1" user="generator"/>
  <node id="825" lat="52.0535734716" lon="-1.2936343091" version="1" timestamp="2026-09-01T12:00:00Z" changeset="1" uid="1" user="generator"/>
  <node id="826" lat="52.0538046458" lon="-1.2929497585" version="1" timestamp="2026-09-01T12:00:00Z" changeset="1" uid="1" user="generator"/>
  <node id="827" lat="52.0538008838" lon="-1.2921307660" version="1" timestamp="2026-09-01T12:00:00Z" changeset="1" uid="1" user="generator"/>
  <node id="828" lat="52.0540436950" lon="-1.2912471874" version="1" timestamp="2026-09-01T12:00:00Z" changeset="1" uid="1" user="generator"/>
  <node id="829" lat="52.0545330795" lon="-1.2902990374" version="1" timestamp="2026-09-01T12:00:00Z" changeset="1" uid="1" user="generator"/>
  <node id="830" lat="52.0552690283" lon="-1.2892863160" version="1" timestamp="2026-09-01T12:00:00Z" changeset="1" uid="1" user="generator"/>
  <node id="831" lat="52.0577253377" lon="-1.2865930694" version="1" timestamp="2026-09-01T12:00:00Z" changeset="1" uid="1" user="generator"/>
  <node id="832" lat="52.0265603856" lon="-1.3285692519" version="1" timestamp="2026-09-01T12:00:00Z" changeset="1" uid="1" user="generator"/>
  <node id="833" lat="52.0275119565" lon="-1.3253579555" version="1" timestamp="2026-09-01T12:00:00Z" changeset="1" uid="1" user="generator"/>
  <node id="834" lat="52.0277835498" lon="-1.3242795356" version="1" timestamp="2026-09-01T12:00:00Z" changeset="1" uid="1" user="generator"/>
  <node id="835" lat="52.0279461079" lon="-1.3234072142" version="1" timestamp="2026-09-01T12:00:00Z" changeset="1" uid="1" user="generator"/>
  <node id="836" lat="52.0279996310" lon="-1.3227409767" version="1" timestamp="2026-09-01T12:00:00Z" changeset="1" uid="1" user="generator"/>
  <node id="837" lat="52.0279441279" lon="-1.3222808524" version="1" timestamp="2026-09-01T12:00:00Z" changeset="1" uid="1" user="generator"/>
  <node id="838" lat="52.0275925966" lon="-1.3216331768" version="1" timestamp="2026-09-01T12:00:00Z" changeset="1" uid="1" user="generator"/>
  <node id="839" lat="52.0269450549" lon="-1.3207979938" version="1" timestamp="2026-09-01T12:00:00Z" changeset="1" uid="1" user="generator"/>
  <node id="840" lat="52.0260014940" lon="-1.3197752742" version="1" timestamp="2026-09-01T12:00:00Z" changeset="1" uid="1" user="generator"/>
  <node id="841" lat="52.0251359631" lon="-1.3185650179" version="1" timestamp="2026-09-01T12:00:00Z" changeset="1" uid="1" user="generator"/>
  <node id="842" lat="52.0251359631" lon="-1.3151672535" version="1" timestamp="2026-09-01T12:00:00Z" changeset="1" uid="1" user="generator"/>
  <node id="843" lat="52.0256655147" lon="-1.3141123287" version="1" timestamp="2026-09-01T12:00:00Z" changeset="1" uid="1" user="generator"/>
  <node id="844" lat="52.0266038556" lon="-1.3130420186" version="1" timestamp="2026-09-01T12:00:00Z" changeset="1" uid="1" user="generator"/>
  <node id="845" lat="52.0273753274" lon="-1.3119563232" version="1" timestamp="2026-09-01T12:00:00Z" changeset="1" uid="1" user="generator"/>
  <node id="846" lat="52.0279799570" lon="-1.3108552278" version="1" timestamp="2026-09-01T12:00:00Z" changeset="1" uid="1" user="generator"/>
  <node id="847" lat="52.0290743851" lon="-1.3080640628" version="1" timestamp="2026-09-01T12:00:00Z" changeset="1" uid="1" user="generator"/>
  <node id="848" lat="52.0335957646" lon="-1.2925774227" version="1" timestamp="2026-09-01T12:00:00Z" changeset="1" uid="1" user="generator"/>
  <node id="849" lat="52.0335598816" lon="-1.3012862469" version="1" timestamp="2026-09-01T12:00:00Z" changeset="1" uid="1" user="generator"/>
  <node id="850" lat="52.0301058311" lon="-1.2893397034" version="1" timestamp="2026-09-01T12:00:00Z" changeset="1" uid="1" user="generator"/>
  <node id="851" lat="52.0278405558" lon="-1.2956019435" version="1" timestamp="2026-09-01T12:00:00Z" changeset="1" uid="1" user="generator"/>
  <node id="852" lat="52.0273161253" lon="-1.2976521404" version="1" timestamp="2026-09-01T12:00:00Z" changeset="1" uid="1" user="generator"/>
  <node id="853" lat="52.0271733762" lon="-1.2992476293" version="1" timestamp="2026-09-01T12:00:00Z" changeset="1" uid="1" user="generator"/>
  <node id="854" lat="52.0274123174" lon="-1.3003884102" version="1" timestamp="2026-09-01T12:00:00Z" changeset="1" uid="1" user="generator"/>
  <node id="855" lat="52.0289638650" lon="-1.3021036146" version="1" timestamp="2026-09-01T12:00:00Z" changeset="1" uid="1" user="generator"/>
  <node id="856" lat="52.0345811306" lon="-1.3022719306" version="1" timestamp="2026-09-01T12:00:00Z" changeset="1" uid="1" user="generator"/>
  <node id="857" lat="52.0351664462" lon="-1.3021145204" version="1" timestamp="2026-09-01T12:00:00Z" changeset="1" uid="1" user="generator"/>
  <node id="858" lat="52.0359156609" lon="-1.3014153897" version="1" timestamp="2026-09-01T12:00:00Z" changeset="1" uid="1" user="generator"/>
  <node id="859" lat="52.0367889678" lon="-1.3002387586" version="1" timestamp="2026-09-01T12:00:00Z" changeset="1" uid="1" user="generator"/>
  <node id="860" lat="52.0386945847" lon="-1.2971280302" version="1" timestamp="2026-09-01T12:00:00Z" changeset="1" uid="1" user="generator"/>
  <node id="861" lat="52.0391513082" lon="-1.2963803575" version="1" timestamp="2026-09-01T12:00:00Z" changeset="1" uid="1" user="generator"/>
  <node id="862" lat="52.0395341325" lon="-1.2957536592" version="1" timestamp="2026-09-01T12:00:00Z" changeset="1" uid="1" user="generator"/>
  <node id="863" lat="52.0972588493" lon="-1.3151324719" version="1" timestamp="2026-09-01T12:00:00Z" changeset="1" uid="1" user="generator"/>
  <node id="864" lat="52.0946454086" lon="-1.3111612503" version="1" timestamp="2026-09-01T12:00:00Z" changeset="1" uid="1" user="generator"/>
  <node id="865" lat="52.0937476307" lon="-1.3100396314" version="1" timestamp="2026-09-01T12:00:00Z" changeset="1" uid="1" user="generator"/>
  <node id="866" lat="52.0929974710" lon="-1.3093849000" version="1" timestamp="2026-09-01T12:00:00Z" changeset="1" uid="1" user="generator"/>
  <node id="867" lat="52.0923949114" lon="-1.3091970413" version="1" timestamp="2026-09-01T12:00:00Z" changeset="1" uid="1" user="generator"/>
  <node id="868" lat="52.0919399699" lon="-1.3094760553" version="1" timestamp="2026-09-01T12:00:00Z" changeset="1" uid="1" user="generator"/>
  <node id="869" lat="52.0914283284" lon="-1.3095855529" version="1" timestamp="2026-09-01T12:00:00Z" changeset="1" uid="1" user="generator"/>
  <node id="870" lat="52.0908599959" lon="-1.3095255049" version="1" timestamp="2026-09-01T12:00:00Z" changeset="1" uid="1" user="generator"/>
  <node id="871" lat="52.0902349812" lon="-1.3092959258" version="1" timestamp="2026-09-01T12:00:00Z" changeset="1" uid="1" user="generator"/>
  <node id="872" lat="52.0885307035" lon="-1.3082981506" version="1" timestamp="2026-09-01T12:00:00Z" changeset="1" uid="1" user="generator"/>
  <node id="873" lat="52.0761998362" lon="-1.2900488763" version="1" timestamp="2026-09-01T12:00:00Z" changeset="1" uid="1" user="generator"/>
  <node id="874" lat="52.0760472140" lon="-1.2940292179" version="1" timestamp="2026-09-01T12:00:00Z" changeset="1" uid="1" user="generator"/>
  <node id="875" lat="52.0759259929" lon="-1.2953273504" version="1" timestamp="2026-09-01T12:00:00Z" changeset="1" uid="1" user="generator"/>
  <node id="876" lat="52.0757445977" lon="-1.2963314642" version="1" timestamp="2026-09-01T12:00:00Z" changeset="1" uid="1" user="generator"/>
  <node id="877" lat="52.0755030195" lon="-1.2970415886" version="1" timestamp="2026-09-01T12:00:00Z" changeset="1" uid="1" user="generator"/>
  <node id="878" lat="52.0752012762" lon="-1.2974577089" version="1" timestamp="2026-09-01T12:00:00Z" changeset="1" uid="1" user="generator"/>
  <node id="879" lat="52.0750202410" lon="-1.2983192416" version="1" timestamp="2026-09-01T12:00:00Z" changeset="1" uid="1" user="generator"/>
  <node id="880" lat="52.0749599320" lon="-1.2996261866" version="1" timestamp="2026-09-01T12:00:00Z" changeset="1" uid="1" user="generator"/>
  <node id="881" lat="52.0750203310" lon="-1.3013785440" version="1" timestamp="2026-09-01T12:00:00Z" changeset="1" uid="1" user="generator"/>
  <node id="882" lat="52.0752014472" lon="-1.3035763285" version="1" timestamp="2026-09-01T12:00:00Z" changeset="1" uid="1" user="generator"/>
  <node id="883" lat="52.0751522082" lon="-1.3053606715" version="1" timestamp="2026-09-01T12:00:00Z" changeset="1" uid="1" user="generator"/>
  <node id="884" lat="52.0748726049" lon="-1.3067315878" version="1" timestamp="2026-09-01T12:00:00Z" changeset="1" uid="1" user="generator"/>
  <node id="885" lat="52.0743626374" lon="-1.3076890627" version="1" timestamp="2026-09-01T12:00:00Z" changeset="1" uid="1" user="generator"/>
  <node id="886" lat="52.0736223056" lon="-1.3082331107" version="1" timestamp="2026-09-01T12:00:00Z" changeset="1" uid="1" user="generator"/>
  <node id="887" lat="52.0730102240" lon="-1.3092028382" version="1" timestamp="2026-09-01T12:00:00Z" changeset="1" uid="1" user="generator"/>
  <node id="888" lat="52.0725263655" lon="-1.3105982450" version="1" timestamp="2026-09-01T12:00:00Z" changeset="1" uid="1" user="generator"/>
  <node id="889" lat="52.0721707572" lon="-1.3124193313" version="1" timestamp="2026-09-01T12:00:00Z" changeset="1" uid="1" user="generator"/>
  <node id="890" lat="52.0716023166" lon="-1.3180362526" version="1" timestamp="2026-09-01T12:00:00Z" changeset="1" uid="1" user="generator"/>
  <node id="891" lat="52.0731728902" lon="-1.2864039664" version="1" timestamp="2026-09-01T12:00:00Z" changeset="1" uid="1" user="generator"/>
  <node id="892" lat="52.0788320958" lon="-1.2879454677" version="1" timestamp="2026-09-01T12:00:00Z" changeset="1" uid="1" user="generator"/>
  <node id="893" lat="52.0796645517" lon="-1.2870977686" version="1" timestamp="2026-09-01T12:00:00Z" changeset="1" uid="1" user="generator"/>
  <node id="894" lat="52.0802765703" lon="-1.2862437456" version="1" timestamp="2026-09-01T12:00:00Z" changeset="1" uid="1" user="generator"/>
  <node id="895" lat="52.0806681517" lon="-1.2853834133" version="1" timestamp="2026-09-01T12:00:00Z" changeset="1" uid="1" user="generator"/>
  <node id="896" lat="52.0808392868" lon="-1.2845167424" version="1" timestamp="2026-09-01T12:00:00Z" changeset="1" uid="1" user="generator"/>
  <node id="897" lat="52.0812070272" lon="-1.2840462393" version="1" timestamp="2026-09-01T12:00:00Z" changeset="1" uid="1" user="generator"/>
  <node id="898" lat="52.0817713728" lon="-1.2839719185" version="1" timestamp="2026-09-01T12:00:00Z" changeset="1" uid="1" user="generator"/>
  <node id="899" lat="52.0825323145" lon="-1.2842937508" version="1" timestamp="2026-09-01T12:00:00Z" changeset="1" uid="1" user="generator"/>
  <node id="900" lat="52.0834898615" lon="-1.2850117654" version="1" timestamp="2026-09-01T12:00:00Z" changeset="1" uid="1" user="generator"/>
  <node id="901" lat="52.0842247392" lon="-1.2857832407" version="1" timestamp="2026-09-01T12:00:00Z" changeset="1" uid="1" user="generator"/>
  <node id="902" lat="52.0847369387" lon="-1.2866081473" version="1" timestamp="2026-09-01T12:00:00Z" changeset="1" uid="1" user="generator"/>
  <node id="903" lat="52.0850264600" lon="-1.2874865291" version="1" timestamp="2026-09-01T12:00:00Z" changeset="1" uid="1" user="generator"/>
  <node id="904" lat="52.0851935722" lon="-1.2898160913" version="1" timestamp="2026-09-01T12:00:00Z" changeset="1" uid="1" user="generator"/>
  <node id="905" lat="52.0268769159" lon="-1.3875379597" version="1" timestamp="2026-09-01T12:00:00Z" changeset="1" uid="1" user="generator"/>
  <node id="906" lat="52.0301448821" lon="-1.3865341973" version="1" timestamp="2026-09-01T12:00:00Z" changeset="1" uid="1" user="generator"/>
  <node id="907" lat="52.0309244539" lon="-1.3094967545" version="1" timestamp="2026-09-01T12:00:00Z" changeset="1" uid="1" user="generator"/>
  <node id="908" lat="52.0314596755" lon="-1.3101121956" version="1" timestamp="2026-09-01T12:00:00Z" changeset="1" uid="1" user="generator"/>
  <node id="909" lat="52.0317900838" lon="-1.3107699865" version="1" timestamp="2026-09-01T12:00:00Z" changeset="1" uid="1" user="generator"/>
  <node id="910" lat="52.0319156879" lon="-1.3114701273" version="1" timestamp="2026-09-01T12:00:00Z" changeset="1" uid="1" user="generator"/>
  <node id="911" lat="52.0318364878" lon="-1.3122126179" version="1" timestamp="2026-09-01T12:00:00Z" changeset="1" uid="1" user="generator"/>
  <node id="912" lat="52.0319367659" lon="-1.3129259042" version="1" timestamp="2026-09-01T12:00:00Z" changeset="1" uid="1" user="generator"/>
  <node id="913" lat="52.0322165312" lon="-1.3136100010" version="1" timestamp="2026-09-01T12:00:00Z" changeset="1" uid="1" user="generator"/>
  <node id="914" lat="52.0326757927" lon="-1.3142648788" version="1" timestamp="2026-09-01T12:00:00Z" changeset="1" uid="1" user="generator"/>
  <node id="915" lat="52.0333145323" lon="-1.3148905670" version="1" timestamp="2026-09-01T12:00:00Z" changeset="1" uid="1" user="generator"/>
  <node id="916" lat="52.0338777439" lon="-1.3152717740" version="1" timestamp="2026-09-01T12:00:00Z" changeset="1" uid="1" user="generator"/>
  <node id="917" lat="52.0343654184" lon="-1.3154085289" version="1" timestamp="2026-09-01T12:00:00Z" changeset="1" uid="1" user="generator"/>
  <node id="918" lat="52.0347775648" lon="-1.3153008172" version="1" timestamp="2026-09-01T12:00:00Z" changeset="1" uid="1" user="generator"/>
  <node id="919" lat="52.0351141831" lon="-1.3149486388" version="1" timestamp="2026-09-01T12:00:00Z" changeset="1" uid="1" user="generator"/>
  <node id="920" lat="52.0355257715" lon="-1.3148098345" version="1" timestamp="2026-09-01T12:00:00Z" changeset="1" uid="1" user="generator"/>
  <node id="921" lat="52.0360123570" lon="-1.3148844041" version="1" timestamp="2026-09-01T12:00:00Z" changeset="1" uid="1" user="generator"/>
  <node id="922" lat="52.0365739216" lon="-1.3151723771" version="1" timestamp="2026-09-01T12:00:00Z" changeset="1" uid="1" user="generator"/>
  <node id="923" lat="52.0372104652" lon="-1.3156737094" version="1" timestamp="2026-09-01T12:00:00Z" changeset="1" uid="1" user="generator"/>
  <node id="924" lat="52.0378697879" lon="-1.3156915540" version="1" timestamp="2026-09-01T12:00:00Z" changeset="1" uid="1" user="generator"/>
  <node id="925" lat="52.0385518896" lon="-1.3152258816" version="1" timestamp="2026-09-01T12:00:00Z" changeset="1" uid="1" user="generator"/>
  <node id="926" lat="52.0392567613" lon="-1.3142767069" version="1" timestamp="2026-09-01T12:00:00Z" changeset="1" uid="1" user="generator"/>
  <node id="927" lat="52.0399844120" lon="-1.3128440299" version="1" timestamp="2026-09-01T12:00:00Z" changeset="1" uid="1" user="generator"/>
  <node id="928" lat="52.0407220887" lon="-1.3120254618" version="1" timestamp="2026-09-01T12:00:00Z" changeset="1" uid="1" user="generator"/>
  <node id="929" lat="52.0414697915" lon="-1.3118210028" version="1" timestamp="2026-09-01T12:00:00Z" changeset="1" uid="1" user="generator"/>
  <node id="930" lat="52.0422275292" lon="-1.3122306528" version="1" timestamp="2026-09-01T12:00:00Z" changeset="1" uid="1" user="generator"/>
  <node id="931" lat="52.0429952840" lon="-1.3132544264" version="1" timestamp="2026-09-01T12:00:00Z" changeset="1" uid="1" user="generator"/>
  <node id="932" lat="52.0435420345" lon="-1.3143753133" version="1" timestamp="2026-09-01T12:00:00Z" changeset="1" uid="1" user="generator"/>
  <node id="933" lat="52.0438677809" lon="-1.3155933281" version="1" timestamp="2026-09-01T12:00:00Z" changeset="1" uid="1" user="generator"/>
  <node id="934" lat="52.0439725230" lon="-1.3169084855" version="1" timestamp="2026-09-01T12:00:00Z" changeset="1" uid="1" user="generator"/>
  <node id="935" lat="52.0438562609" lon="-1.3183207562" version="1" timestamp="2026-09-01T12:00:00Z" changeset="1" uid="1" user="generator"/>
  <node id="936" lat="52.0439151299" lon="-1.3196224898" version="1" timestamp="2026-09-01T12:00:00Z" changeset="1" uid="1" user="generator"/>
  <node id="937" lat="52.0441491301" lon="-1.3208136426" version="1" timestamp="2026-09-01T12:00:00Z" changeset="1" uid="1" user="generator"/>
  <node id="938" lat="52.0445582706" lon="-1.3218942584" version="1" timestamp="2026-09-01T12:00:00Z" changeset="1" uid="1" user="generator"/>
  <node id="939" lat="52.0451425421" lon="-1.3228643079" version="1" timestamp="2026-09-01T12:00:00Z" changeset="1" uid="1" user="generator"/>
  <node id="940" lat="52.0455716266" lon="-1.3237181552" version="1" timestamp="2026-09-01T12:00:00Z" changeset="1" uid="1" user="generator"/>
  <node id="941" lat="52.0458455238" lon="-1.3244558004" version="1" timestamp="2026-09-01T12:00:00Z" changeset="1" uid="1" user="generator"/>
  <node id="942" lat="52.0459642250" lon="-1.3250772581" version="1" timestamp="2026-09-01T12:00:00Z" changeset="1" uid="1" user="generator"/>
  <node id="943" lat="52.0458730009" lon="-1.3263403894" version="1" timestamp="2026-09-01T12:00:00Z" changeset="1" uid="1" user="generator"/>
  <node id="944" lat="52.0946367236" lon="-1.3715624302" version="1" timestamp="2026-09-01T12:00:00Z" changeset="1" uid="1" user="generator"/>
  <node id="945" lat="52.0949616780" lon="-1.3708693746" version="1" timestamp="2026-09-01T12:00:00Z" changeset="1" uid="1" user="generator"/>
  <node id="946" lat="52.0950027450" lon="-1.3701303095" version="1" timestamp="2026-09-01T12:00:00Z" changeset="1" uid="1" user="generator"/>
  <node id="947" lat="52.0949549010" lon="-1.3689294073" version="1" timestamp="2026-09-01T12:00:00Z" changeset="1" uid="1" user="generator"/>
  <node id="948" lat="52.0948181368" lon="-1.3672666389" version="1" timestamp="2026-09-01T12:00:00Z" changeset="1" uid="1" user="generator"/>
  <node id="949" lat="52.0945924616" lon="-1.3651420480" version="1" timestamp="2026-09-01T12:00:00Z" changeset="1" uid="1" user="generator"/>
  <node id="950" lat="52.0946358236" lon="-1.3633031318" version="1" timestamp="2026-09-01T12:00:00Z" changeset="1" uid="1" user="generator"/>
  <node id="951" lat="52.0949482229" lon="-1.3617499049" version="1" timestamp="2026-09-01T12:00:00Z" changeset="1" uid="1" user="generator"/>
  <node id="952" lat="52.0955296505" lon="-1.3604823820" version="1" timestamp="2026-09-01T12:00:00Z" changeset="1" uid="1" user="generator"/>
  <node id="953" lat="52.0963801244" lon="-1.3595005336" version="1" timestamp="2026-09-01T12:00:00Z" changeset="1" uid="1" user="generator"/>
  <node id="954" lat="52.0968758989" lon="-1.3583548341" version="1" timestamp="2026-09-01T12:00:00Z" changeset="1" uid="1" user="generator"/>
  <node id="955" lat="52.0970169920" lon="-1.3570452541" version="1" timestamp="2026-09-01T12:00:00Z" changeset="1" uid="1" user="generator"/>
  <node id="956" lat="52.0968034038" lon="-1.3555718082" version="1" timestamp="2026-09-01T12:00:00Z" changeset="1" uid="1" user="generator"/>
  <node id="957" lat="52.0962351252" lon="-1.3539344819" version="1" timestamp="2026-09-01T12:00:00Z" changeset="1" uid="1" user="generator"/>
  <node id="958" lat="52.0956649747" lon="-1.3526877019" version="1" timestamp="2026-09-01T12:00:00Z" changeset="1" uid="1" user="generator"/>
  <node id="959" lat="52.0950929521" lon="-1.3518314538" version="1" timestamp="2026-09-01T12:00:00Z" changeset="1" uid="1" user="generator"/>
  <node id="960" lat="52.0945190485" lon="-1.3513657376" version="1" timestamp="2026-09-01T12:00:00Z" changeset="1" uid="1" user="generator"/>
  <node id="961" lat="52.0939432819" lon="-1.3512905677" version="1" timestamp="2026-09-01T12:00:00Z" changeset="1" uid="1" user="generator"/>
  <node id="962" lat="52.0934256374" lon="-1.3514001386" version="1" timestamp="2026-09-01T12:00:00Z" changeset="1" uid="1" user="generator"/>
  <node id="963" lat="52.0929661240" lon="-1.3516944354" version="1" timestamp="2026-09-01T12:00:00Z" changeset="1" uid="1" user="generator"/>
  <node id="964" lat="52.0925647326" lon="-1.3521734876" version="1" timestamp="2026-09-01T12:00:00Z" changeset="1" uid="1" user="generator"/>
  <node id="965" lat="52.0922214722" lon="-1.3528372658" version="1" timestamp="2026-09-01T12:00:00Z" changeset="1" uid="1" user="generator"/>
  <node id="966" lat="52.0917806968" lon="-1.3531925036" version="1" timestamp="2026-09-01T12:00:00Z" changeset="1" uid="1" user="generator"/>
  <node id="967" lat="52.0912424062" lon="-1.3532391719" version="1" timestamp="2026-09-01T12:00:00Z" changeset="1" uid="1" user="generator"/>
  <node id="968" lat="52.0906065916" lon="-1.3529772998" version="1" timestamp="2026-09-01T12:00:00Z" changeset="1" uid="1" user="generator"/>
  <node id="969" lat="52.0887732718" lon="-1.3515512102" version="1" timestamp="2026-09-01T12:00:00Z" changeset="1" uid="1" user="generator"/>
  <node id="970" lat="52.0954121644" lon="-1.3758604321" version="1" timestamp="2026-09-01T12:00:00Z" changeset="1" uid="1" user="generator"/>
  <node id="971" lat="52.0955467505" lon="-1.3773656732" version="1" timestamp="2026-09-01T12:00:00Z" changeset="1" uid="1" user="generator"/>
  <node id="972" lat="52.0955057465" lon="-1.3786569548" version="1" timestamp="2026-09-01T12:00:00Z" changeset="1" uid="1" user="generator"/>
  <node id="973" lat="52.0952891433" lon="-1.3797342916" version="1" timestamp="2026-09-01T12:00:00Z" changeset="1" uid="1" user="generator"/>
  <node id="974" lat="52.0948969499" lon="-1.3805976687" version="1" timestamp="2026-09-01T12:00:00Z" changeset="1" uid="1" user="generator"/>
  <node id="975" lat="52.0946219276" lon="-1.3814139824" version="1" timestamp="2026-09-01T12:00:00Z" changeset="1" uid="1" user="generator"/>
  <node id="976" lat="52.0944640765" lon="-1.3821832472" version="1" timestamp="2026-09-01T12:00:00Z" changeset="1" uid="1" user="generator"/>
  <node id="977" lat="52.0944234054" lon="-1.3829054631" version="1" timestamp="2026-09-01T12:00:00Z" changeset="1" uid="1" user="generator"/>
  <node id="978" lat="52.0944999145" lon="-1.3835806156" version="1" timestamp="2026-09-01T12:00:00Z" changeset="1" uid="1" user="generator"/>
  <node id="979" lat="52.0943721864" lon="-1.3842682696" version="1" timestamp="2026-09-01T12:00:00Z" changeset="1" uid="1" user="generator"/>
  <node id="980" lat="52.0940402390" lon="-1.3849684103" version="1" timestamp="2026-09-01T12:00:00Z" changeset="1" uid="1" user="generator"/>
  <node id="981" lat="52.0935040545" lon="-1.3856810526" version="1" timestamp="2026-09-01T12:00:00Z" changeset="1" uid="1" user="generator"/>
  <node id="982" lat="52.0927636508" lon="-1.3864061816" version="1" timestamp="2026-09-01T12:00:00Z" changeset="1" uid="1" user="generator"/>
  <node id="983" lat="52.0922285732" lon="-1.3870733267" version="1" timestamp="2026-09-01T12:00:00Z" changeset="1" uid="1" user="generator"/>
  <node id="984" lat="52.0918988489" lon="-1.3876824732" version="1" timestamp="2026-09-01T12:00:00Z" changeset="1" uid="1" user="generator"/>
  <node id="985" lat="52.0917744598" lon="-1.3882336211" version="1" timestamp="2026-09-01T12:00:00Z" changeset="1" uid="1" user="generator"/>
  <node id="986" lat="52.0919768250" lon="-1.3894665088" version="1" timestamp="2026-09-01T12:00:00Z" changeset="1" uid="1" user="generator"/>
  <node id="987" lat="52.0908940519" lon="-1.3719654050" version="1" timestamp="2026-09-01T12:00:00Z" changeset="1" uid="1" user="generator"/>
  <node id="988" lat="52.0897257067" lon="-1.3720202416" version="1" timestamp="2026-09-01T12:00:00Z" changeset="1" uid="1" user="generator"/>
  <node id="989" lat="52.0888860689" lon="-1.3719687280" version="1" timestamp="2026-09-01T12:00:00Z" changeset="1" uid="1" user="generator"/>
  <node id="990" lat="52.0883751474" lon="-1.3718108640" version="1" timestamp="2026-09-01T12:00:00Z" changeset="1" uid="1" user="generator"/>
  <node id="991" lat="52.0881929512" lon="-1.3715466643" version="1" timestamp="2026-09-01T12:00:00Z" changeset="1" uid="1" user="generator"/>
  <node id="992" lat="52.0877001107" lon="-1.3715620204" version="1" timestamp="2026-09-01T12:00:00Z" changeset="1" uid="1" user="generator"/>
  <node id="993" lat="52.0868966349" lon="-1.3718569613" version="1" timestamp="2026-09-01T12:00:00Z" changeset="1" uid="1" user="generator"/>
  <node id="994" lat="52.0857825328" lon="-1.3724314579" version="1" timestamp="2026-09-01T12:00:00Z" changeset="1" uid="1" user="generator"/>
  <node id="995" lat="52.0843577864" lon="-1.3732855395" version="1" timestamp="2026-09-01T12:00:00Z" changeset="1" uid="1" user="generator"/>
  <node id="996" lat="52.0832226332" lon="-1.3738397322" version="1" timestamp="2026-09-01T12:00:00Z" changeset="1" uid="1" user="generator"/>
  <node id="997" lat="52.0823770554" lon="-1.3740940361" version="1" timestamp="2026-09-01T12:00:00Z" changeset="1" uid="1" user="generator"/>
  <node id="998" lat="52.0818210708" lon="-1.3740484511" version="1" timestamp="2026-09-01T12:00:00Z" changeset="1" uid="1" user="generator"/>
  <node id="999" lat="52.0811550612" lon="-1.3731847812" version="1" timestamp="2026-09-01T12:00:00Z" changeset="1" uid="1" user="generator"/>
  <node id="1000" lat="52.0972392112" lon="-1.3361296245" version="1" timestamp="2026-09-01T12:00:00Z" changeset="1" uid="1" user="generator"/>
  <node id="1001" lat="52.0966424656" lon="-1.3347989794" version="1" timestamp="2026-09-01T12:00:00Z" changeset="1" uid="1" user="generator"/>
  <node id="1002" lat="52.0963097893" lon="-1.3344058272" version="1" timestamp="2026-09-01T12:00:00Z" changeset="1" uid="1" user="generator"/>
  <node id="1003" lat="52.0958831169" lon="-1.3341517869" version="1" timestamp="2026-09-01T12:00:00Z" changeset="1" uid="1" user="generator"/>
  <node id="1004" lat="52.0953624664" lon="-1.3340368583" version="1" timestamp="2026-09-01T12:00:00Z" changeset="1" uid="1" user="generator"/>
  <node id="1005" lat="52.0938258678" lon="-1.3340973015" version="1" timestamp="2026-09-01T12:00:00Z" changeset="1" uid="1" user="generator"/>
  <node id="1006" lat="52.0631663382" lon="-1.3034483714" version="1" timestamp="2026-09-01T12:00:00Z" changeset="1" uid="1" user="generator"/>
  <node id="1007" lat="52.0617333207" lon="-1.2992070654" version="1" timestamp="2026-09-01T12:00:00Z" changeset="1" uid="1" user="generator"/>
  <node id="1008" lat="52.0613431793" lon="-1.2976822815" version="1" timestamp="2026-09-01T12:00:00Z" changeset="1" uid="1" user="generator"/>
  <node id="1009" lat="52.0611361071" lon="-1.2963292245" version="1" timestamp="2026-09-01T12:00:00Z" changeset="1" uid="1" user="generator"/>
  <node id="1010" lat="52.0611120951" lon="-1.2951478943" version="1" timestamp="2026-09-01T12:00:00Z" changeset="1" uid="1" user="generator"/>
  <node id="1011" lat="52.0612711523" lon="-1.2941383056" version="1" timestamp="2026-09-01T12:00:00Z" changeset="1" uid="1" user="generator"/>
  <node id="1012" lat="52.0611539182" lon="-1.2930041853" version="1" timestamp="2026-09-01T12:00:00Z" changeset="1" uid="1" user="generator"/>
  <node id="1013" lat="52.0607604018" lon="-1.2917455480" version="1" timestamp="2026-09-01T12:00:00Z" changeset="1" uid="1" user="generator"/>
  <node id="1014" lat="52.0600905851" lon="-1.2903623645" version="1" timestamp="2026-09-01T12:00:00Z" changeset="1" uid="1" user="generator"/>
  <node id="1015" lat="52.0652089532" lon="-1.3041989865" version="1" timestamp="2026-09-01T12:00:00Z" changeset="1" uid="1" user="generator"/>
  <node id="1016" lat="52.0657945748" lon="-1.3051281794" version="1" timestamp="2026-09-01T12:00:00Z" changeset="1" uid="1" user="generator"/>
  <node id="1017" lat="52.0661487611" lon="-1.3066863395" version="1" timestamp="2026-09-01T12:00:00Z" changeset="1" uid="1" user="generator"/>
  <node id="1018" lat="52.0662715213" lon="-1.3088734523" version="1" timestamp="2026-09-01T12:00:00Z" changeset="1" uid="1" user="generator"/>
  <node id="1019" lat="52.0661628462" lon="-1.3116895178" version="1" timestamp="2026-09-01T12:00:00Z" changeset="1" uid="1" user="generator"/>
  <node id="1020" lat="52.0663459063" lon="-1.3139798190" version="1" timestamp="2026-09-01T12:00:00Z" changeset="1" uid="1" user="generator"/>
  <node id="1021" lat="52.0668206838" lon="-1.3157443705" version="1" timestamp="2026-09-01T12:00:00Z" changeset="1" uid="1" user="generator"/>
  <node id="1022" lat="52.0675871876" lon="-1.3169831576" version="1" timestamp="2026-09-01T12:00:00Z" changeset="1" uid="1" user="generator"/>
  <node id="1023" lat="52.0702327672" lon="-1.3187657294" version="1" timestamp="2026-09-01T12:00:00Z" changeset="1" uid="1" user="generator"/>
  <node id="1024" lat="52.0604257904" lon="-1.3074203250" version="1" timestamp="2026-09-01T12:00:00Z" changeset="1" uid="1" user="generator"/>
  <node id="1025" lat="52.0596799957" lon="-1.3090884512" version="1" timestamp="2026-09-01T12:00:00Z" changeset="1" uid="1" user="generator"/>
  <node id="1026" lat="52.0592846163" lon="-1.3108359340" version="1" timestamp="2026-09-01T12:00:00Z" changeset="1" uid="1" user="generator"/>
  <node id="1027" lat="52.0592396612" lon="-1.3126627732" version="1" timestamp="2026-09-01T12:00:00Z" changeset="1" uid="1" user="generator"/>
  <node id="1028" lat="52.0595451305" lon="-1.3145689690" version="1" timestamp="2026-09-01T12:00:00Z" changeset="1" uid="1" user="generator"/>
  <node id="1029" lat="52.0595526006" lon="-1.3161847618" version="1" timestamp="2026-09-01T12:00:00Z" changeset="1" uid="1" user="generator"/>
  <node id="1030" lat="52.0592620623" lon="-1.3175101662" version="1" timestamp="2026-09-01T12:00:00Z" changeset="1" uid="1" user="generator"/>
  <node id="1031" lat="52.0586735247" lon="-1.3185451678" version="1" timestamp="2026-09-01T12:00:00Z" changeset="1" uid="1" user="generator"/>
  <node id="1032" lat="52.0564571825" lon="-1.3204066715" version="1" timestamp="2026-09-01T12:00:00Z" changeset="1" uid="1" user="generator"/>
  <node id="1033" lat="52.0264757495" lon="-1.3973414383" version="1" timestamp="2026-09-01T12:00:00Z" changeset="1" uid="1" user="generator"/>
  <node id="1034" lat="52.0266405756" lon="-1.3957645406" version="1" timestamp="2026-09-01T12:00:00Z" changeset="1" uid="1" user="generator"/>
  <node id="1035" lat="52.0269484029" lon="-1.3951853889" version="1" timestamp="2026-09-01T12:00:00Z" changeset="1" uid="1" user="generator"/>
  <node id="1036" lat="52.0274981145" lon="-1.3946578679" version="1" timestamp="2026-09-01T12:00:00Z" changeset="1" uid="1" user="generator"/>
  <node id="1037" lat="52.0282897193" lon="-1.3941819484" version="1" timestamp="2026-09-01T12:00:00Z" changeset="1" uid="1" user="generator"/>
  <node id="1038" lat="52.0293232173" lon="-1.3937576451" version="1" timestamp="2026-09-01T12:00:00Z" changeset="1" uid="1" user="generator"/>
  <node id="1039" lat="52.0301150831" lon="-1.3931772491" version="1" timestamp="2026-09-01T12:00:00Z" changeset="1" uid="1" user="generator"/>
  <node id="1040" lat="52.0306653257" lon="-1.3924407750" version="1" timestamp="2026-09-01T12:00:00Z" changeset="1" uid="1" user="generator"/>
  <node id="1041" lat="52.0309739450" lon="-1.3915482082" version="1" timestamp="2026-09-01T12:00:00Z" changeset="1" uid="1" user="generator"/>
  <node id="1042" lat="52.0310409410" lon="-1.3904995634" version="1" timestamp="2026-09-01T12:00:00Z" changeset="1" uid="1" user="generator"/>
  <node id="1043" lat="52.0310288990" lon="-1.3895635489" version="1" timestamp="2026-09-01T12:00:00Z" changeset="1" uid="1" user="generator"/>
  <node id="1044" lat="52.0309378279" lon="-1.3887401794" version="1" timestamp="2026-09-01T12:00:00Z" changeset="1" uid="1" user="generator"/>
  <node id="1045" lat="52.0307677278" lon="-1.3880294402" version="1" timestamp="2026-09-01T12:00:00Z" changeset="1" uid="1" user="generator"/>
  <node id="1046" lat="52.0304695845" lon="-1.3813543149" version="1" timestamp="2026-09-01T12:00:00Z" changeset="1" uid="1" user="generator"/>
  <node id="1047" lat="52.0305724456" lon="-1.3801160401" version="1" timestamp="2026-09-01T12:00:00Z" changeset="1" uid="1" user="generator"/>
  <node id="1048" lat="52.0309095049" lon="-1.3778541820" version="1" timestamp="2026-09-01T12:00:00Z" changeset="1" uid="1" user="generator"/>
  <node id="1049" lat="52.0315788356" lon="-1.3727564815" version="1" timestamp="2026-09-01T12:00:00Z" changeset="1" uid="1" user="generator"/>
  <node id="1050" lat="52.0319297099" lon="-1.3705107406" version="1" timestamp="2026-09-01T12:00:00Z" changeset="1" uid="1" user="generator"/>
  <node id="1051" lat="52.0322523423" lon="-1.3689270798" version="1" timestamp="2026-09-01T12:00:00Z" changeset="1" uid="1" user="generator"/>
  <node id="1052" lat="52.0325467235" lon="-1.3680054991" version="1" timestamp="2026-09-01T12:00:00Z" changeset="1" uid="1" user="generator"/>
  <node id="1053" lat="52.0328128448" lon="-1.3677460131" version="1" timestamp="2026-09-01T12:00:00Z" changeset="1" uid="1" user="generator"/>
  <node id="1054" lat="52.0330431460" lon="-1.3669951345" version="1" timestamp="2026-09-01T12:00:00Z" changeset="1" uid="1" user="generator"/>
  <node id="1055" lat="52.0332376182" lon="-1.3657528633" version="1" timestamp="2026-09-01T12:00:00Z" changeset="1" uid="1" user="generator"/>
  <node id="1056" lat="52.0333962524" lon="-1.3640191849" version="1" timestamp="2026-09-01T12:00:00Z" changeset="1" uid="1" user="generator"/>
  <node id="1057" lat="52.0337032697" lon="-1.3584565000" version="1" timestamp="2026-09-01T12:00:00Z" changeset="1" uid="1" user="generator"/>
  <node id="1058" lat="52.0909966790" lon="-1.2886438372" version="1" timestamp="2026-09-01T12:00:00Z" changeset="1" uid="1" user="generator"/>
  <node id="1059" lat="52.0926803287" lon="-1.2917151580" version="1" timestamp="2026-09-01T12:00:00Z" changeset="1" uid="1" user="generator"/>
  <node id="1060" lat="52.0930723421" lon="-1.2927638029" version="1" timestamp="2026-09-01T12:00:00Z" changeset="1" uid="1" user="generator"/>
  <node id="1061" lat="52.0931828982" lon="-1.2936325817" version="1" timestamp="2026-09-01T12:00:00Z" changeset="1" uid="1" user="generator"/>
  <node id="1062" lat="52.0930120060" lon="-1.2943214946" version="1" timestamp="2026-09-01T12:00:00Z" changeset="1" uid="1" user="generator"/>
  <node id="1063" lat="52.0921895942" lon="-1.2953079395" version="1" timestamp="2026-09-01T12:00:00Z" changeset="1" uid="1" user="generator"/>
  <node id="1064" lat="52.0919018099" lon="-1.2957537471" version="1" timestamp="2026-09-01T12:00:00Z" changeset="1" uid="1" user="generator"/>
  <node id="1065" lat="52.0916963127" lon="-1.2961679351" version="1" timestamp="2026-09-01T12:00:00Z" changeset="1" uid="1" user="generator"/>
  <node id="1066" lat="52.0914729595" lon="-1.2969194870" version="1" timestamp="2026-09-01T12:00:00Z" changeset="1" uid="1" user="generator"/>
  <node id="1067" lat="52.0913419463" lon="-1.2976166269" version="1" timestamp="2026-09-01T12:00:00Z" changeset="1" uid="1" user="generator"/>
  <node id="1068" lat="52.0913110673" lon="-1.2979447831" version="1" timestamp="2026-09-01T12:00:00Z" changeset="1" uid="1" user="generator"/>
  <node id="1069" lat="52.0911895132" lon="-1.2982801855" version="1" timestamp="2026-09-01T12:00:00Z" changeset="1" uid="1" user="generator"/>
  <node id="1070" lat="52.0909772840" lon="-1.2986228487" version="1" timestamp="2026-09-01T12:00:00Z" changeset="1" uid="1" user="generator"/>
  <node id="1071" lat="52.0906743977" lon="-1.2989727434" version="1" timestamp="2026-09-01T12:00:00Z" changeset="1" uid="1" user="generator"/>
  <node id="1072" lat="52.0902808273" lon="-1.2993298843" version="1" timestamp="2026-09-01T12:00:00Z" changeset="1" uid="1" user="generator"/>
  <node id="1073" lat="52.0898978589" lon="-1.3000474597" version="1" timestamp="2026-09-01T12:00:00Z" changeset="1" uid="1" user="generator"/>
  <node id="1074" lat="52.0895254925" lon="-1.3011254845" version="1" timestamp="2026-09-01T12:00:00Z" changeset="1" uid="1" user="generator"/>
  <node id="1075" lat="52.0891637102" lon="-1.3025639438" version="1" timestamp="2026-09-01T12:00:00Z" changeset="1" uid="1" user="generator"/>
  <node id="1076" lat="52.0882857503" lon="-1.3070611786" version="1" timestamp="2026-09-01T12:00:00Z" changeset="1" uid="1" user="generator"/>
  <node id="1077" lat="52.0862684883" lon="-1.3103559596" version="1" timestamp="2026-09-01T12:00:00Z" changeset="1" uid="1" user="generator"/>
  <node id="1078" lat="52.0855630226" lon="-1.3111627141" version="1" timestamp="2026-09-01T12:00:00Z" changeset="1" uid="1" user="generator"/>
  <node id="1079" lat="52.0850569971" lon="-1.3119530880" version="1" timestamp="2026-09-01T12:00:00Z" changeset="1" uid="1" user="generator"/>
  <node id="1080" lat="52.0847503938" lon="-1.3127270958" version="1" timestamp="2026-09-01T12:00:00Z" changeset="1" uid="1" user="generator"/>
  <node id="1081" lat="52.0846432126" lon="-1.3134847374" version="1" timestamp="2026-09-01T12:00:00Z" changeset="1" uid="1" user="generator"/>
  <node id="1082" lat="52.0846737497" lon="-1.3144039320" version="1" timestamp="2026-09-01T12:00:00Z" changeset="1" uid="1" user="generator"/>
  <node id="1083" lat="52.0848419958" lon="-1.3154846796" version="1" timestamp="2026-09-01T12:00:00Z" changeset="1" uid="1" user="generator"/>
  <node id="1084" lat="52.0851479511" lon="-1.3167269946" version="1" timestamp="2026-09-01T12:00:00Z" changeset="1" uid="1" user="generator"/>
  <node id="1085" lat="52.0862571303" lon="-1.3202366867" version="1" timestamp="2026-09-01T12:00:00Z" changeset="1" uid="1" user="generator"/>
  <node id="1086" lat="52.0954801595" lon="-1.3957522880" version="1" timestamp="2026-09-01T12:00:00Z" changeset="1" uid="1" user="generator"/>
  <node id="1087" lat="52.0949882190" lon="-1.3937848146" version="1" timestamp="2026-09-01T12:00:00Z" changeset="1" uid="1" user="generator"/>
  <node id="1088" lat="52.0948510229" lon="-1.3930572115" version="1" timestamp="2026-09-01T12:00:00Z" changeset="1" uid="1" user="generator"/>
  <node id="1089" lat="52.0947734068" lon="-1.3923889832" version="1" timestamp="2026-09-01T12:00:00Z" changeset="1" uid="1" user="generator"/>
  <node id="1090" lat="52.0947553798" lon="-1.3917801441" version="1" timestamp="2026-09-01T12:00:00Z" changeset="1" uid="1" user="generator"/>
  <node id="1091" lat="52.0947969418" lon="-1.3912306797" version="1" timestamp="2026-09-01T12:00:00Z" changeset="1" uid="1" user="generator"/>
  <node id="1092" lat="52.0946479556" lon="-1.3907598399" version="1" timestamp="2026-09-01T12:00:00Z" changeset="1" uid="1" user="generator"/>
  <node id="1093" lat="52.0943084213" lon="-1.3903676100" version="1" timestamp="2026-09-01T12:00:00Z" changeset="1" uid="1" user="generator"/>
  <node id="1094" lat="52.0937783568" lon="-1.3900540046" version="1" timestamp="2026-09-01T12:00:00Z" changeset="1" uid="1" user="generator"/>
  <node id="1095" lat="52.0829986050" lon="-1.3961574732" version="1" timestamp="2026-09-01T12:00:00Z" changeset="1" uid="1" user="generator"/>
  <node id="1096" lat="52.0833877024" lon="-1.3952187505" version="1" timestamp="2026-09-01T12:00:00Z" changeset="1" uid="1" user="generator"/>
  <node id="1097" lat="52.0835182655" lon="-1.3946104824" version="1" timestamp="2026-09-01T12:00:00Z" changeset="1" uid="1" user="generator"/>
  <node id="1098" lat="52.0836237456" lon="-1.3937694146" version="1" timestamp="2026-09-01T12:00:00Z" changeset="1" uid="1" user="generator"/>
  <node id="1099" lat="52.0837041427" lon="-1.3926955619" version="1" timestamp="2026-09-01T12:00:00Z" changeset="1" uid="1" user="generator"/>
  <node id="1100" lat="52.0838424278" lon="-1.3894289605" version="1" timestamp="2026-09-01T12:00:00Z" changeset="1" uid="1" user="generator"/>
  <node id="1101" lat="52.0934689275" lon="-1.3313998390" version="1" timestamp="2026-09-01T12:00:00Z" changeset="1" uid="1" user="generator"/>
  <node id="1102" lat="52.0931828262" lon="-1.3304846554" version="1" timestamp="2026-09-01T12:00:00Z" changeset="1" uid="1" user="generator"/>
  <node id="1103" lat="52.0927533998" lon="-1.3297332791" version="1" timestamp="2026-09-01T12:00:00Z" changeset="1" uid="1" user="generator"/>
  <node id="1104" lat="52.0921806482" lon="-1.3291456954" version="1" timestamp="2026-09-01T12:00:00Z" changeset="1" uid="1" user="generator"/>
  <node id="1105" lat="52.0914645805" lon="-1.3287219191" version="1" timestamp="2026-09-01T12:00:00Z" changeset="1" uid="1" user="generator"/>
  <node id="1106" lat="52.0908471618" lon="-1.3280061295" version="1" timestamp="2026-09-01T12:00:00Z" changeset="1" uid="1" user="generator"/>
  <node id="1107" lat="52.0903284013" lon="-1.3269983560" version="1" timestamp="2026-09-01T12:00:00Z" changeset="1" uid="1" user="generator"/>
  <node id="1108" lat="52.0899082989" lon="-1.3256985840" version="1" timestamp="2026-09-01T12:00:00Z" changeset="1" uid="1" user="generator"/>
  <node id="1109" lat="52.0893206523" lon="-1.3229098490" version="1" timestamp="2026-09-01T12:00:00Z" changeset="1" uid="1" user="generator"/>
  <node id="1110" lat="52.0891096921" lon="-1.3221076909" version="1" timestamp="2026-09-01T12:00:00Z" changeset="1" uid="1" user="generator"/>
  <node id="1111" lat="52.0889539740" lon="-1.3217003392" version="1" timestamp="2026-09-01T12:00:00Z" changeset="1" uid="1" user="generator"/>
  <node id="1112" lat="52.0886252846" lon="-1.3215888654" version="1" timestamp="2026-09-01T12:00:00Z" changeset="1" uid="1" user="generator"/>
  <node id="1113" lat="52.0882693433" lon="-1.3214035538" version="1" timestamp="2026-09-01T12:00:00Z" changeset="1" uid="1" user="generator"/>
  <node id="1114" lat="52.0933300483" lon="-1.3357033742" version="1" timestamp="2026-09-01T12:00:00Z" changeset="1" uid="1" user="generator"/>
  <node id="1115" lat="52.0929501220" lon="-1.3361982655" version="1" timestamp="2026-09-01T12:00:00Z" changeset="1" uid="1" user="generator"/>
  <node id="1116" lat="52.0923886024" lon="-1.3365455984" version="1" timestamp="2026-09-01T12:00:00Z" changeset="1" uid="1" user="generator"/>
  <node id="1117" lat="52.0916454896" lon="-1.3367453877" version="1" timestamp="2026-09-01T12:00:00Z" changeset="1" uid="1" user="generator"/>
  <node id="1118" lat="52.0899947800" lon="-1.3368886129" version="1" timestamp="2026-09-01T12:00:00Z" changeset="1" uid="1" user="generator"/>
  <node id="1119" lat="52.0894674695" lon="-1.3370183413" version="1" timestamp="2026-09-01T12:00:00Z" changeset="1" uid="1" user="generator"/>
  <node id="1120" lat="52.0891388611" lon="-1.3371868183" version="1" timestamp="2026-09-01T12:00:00Z" changeset="1" uid="1" user="generator"/>
  <node id="1121" lat="52.0890089460" lon="-1.3373940294" version="1" timestamp="2026-09-01T12:00:00Z" changeset="1" uid="1" user="generator"/>
  <node id="1122" lat="52.0889019629" lon="-1.3377241912" version="1" timestamp="2026-09-01T12:00:00Z" changeset="1" uid="1" user="generator"/>
  <node id="1123" lat="52.0888179298" lon="-1.3381773182" version="1" timestamp="2026-09-01T12:00:00Z" changeset="1" uid="1" user="generator"/>
  <node id="1124" lat="52.0887568288" lon="-1.3387533665" version="1" timestamp="2026-09-01T12:00:00Z" changeset="1" uid="1" user="generator"/>
  <node id="1125" lat="52.0887186597" lon="-1.3394523801" version="1" timestamp="2026-09-01T12:00:00Z" changeset="1" uid="1" user="generator"/>
  <node id="1126" lat="52.0888851599" lon="-1.3402592810" version="1" timestamp="2026-09-01T12:00:00Z" changeset="1" uid="1" user="generator"/>
  <node id="1127" lat="52.0892563203" lon="-1.3411740694" version="1" timestamp="2026-09-01T12:00:00Z" changeset="1" uid="1" user="generator"/>
  <node id="1128" lat="52.0898321498" lon="-1.3421967451" version="1" timestamp="2026-09-01T12:00:00Z" changeset="1" uid="1" user="generator"/>
  <node id="1129" lat="52.0917833878" lon="-1.3450231748" version="1" timestamp="2026-09-01T12:00:00Z" changeset="1" uid="1" user="generator"/>
  <node id="1130" lat="52.0290893251" lon="-1.3366971238" version="1" timestamp="2026-09-01T12:00:00Z" changeset="1" uid="1" user="generator"/>
  <node id="1131" lat="52.0299669610" lon="-1.3420617907" version="1" timestamp="2026-09-01T12:00:00Z" changeset="1" uid="1" user="generator"/>
  <node id="1132" lat="52.0301765622" lon="-1.3437737306" version="1" timestamp="2026-09-01T12:00:00Z" changeset="1" uid="1" user="generator"/>
  <node id="1133" lat="52.0302447012" lon="-1.3450517496" version="1" timestamp="2026-09-01T12:00:00Z" changeset="1" uid="1" user="generator"/>
  <node id="1134" lat="52.0301713782" lon="-1.3458958329" version="1" timestamp="2026-09-01T12:00:00Z" changeset="1" uid="1" user="generator"/>
  <node id="1135" lat="52.0299566020" lon="-1.3463059806" version="1" timestamp="2026-09-01T12:00:00Z" changeset="1" uid="1" user="generator"/>
  <node id="1136" lat="52.0298166338" lon="-1.3471201716" version="1" timestamp="2026-09-01T12:00:00Z" changeset="1" uid="1" user="generator"/>
  <node id="1137" lat="52.0297514738" lon="-1.3483383768" version="1" timestamp="2026-09-01T12:00:00Z" changeset="1" uid="1" user="generator"/>
  <node id="1138" lat="52.0297611218" lon="-1.3499606106" version="1" timestamp="2026-09-01T12:00:00Z" changeset="1" uid="1" user="generator"/>
  <node id="1139" lat="52.0298455778" lon="-1.3519868585" version="1" timestamp="2026-09-01T12:00:00Z" changeset="1" uid="1" user="generator"/>
  <node id="1140" lat="52.0301421101" lon="-1.3537209468" version="1" timestamp="2026-09-01T12:00:00Z" changeset="1" uid="1" user="generator"/>
  <node id="1141" lat="52.0306507097" lon="-1.3551628609" version="1" timestamp="2026-09-01T12:00:00Z" changeset="1" uid="1" user="generator"/>
  <node id="1142" lat="52.0313713854" lon="-1.3563126007" version="1" timestamp="2026-09-01T12:00:00Z" changeset="1" uid="1" user="generator"/>
  <node id="1143" lat="52.0295846856" lon="-1.3358874561" version="1" timestamp="2026-09-01T12:00:00Z" changeset="1" uid="1" user="generator"/>
  <node id="1144" lat="52.0299804160" lon="-1.3355234643" version="1" timestamp="2026-09-01T12:00:00Z" changeset="1" uid="1" user="generator"/>
  <node id="1145" lat="52.0305737326" lon="-1.3351193624" version="1" timestamp="2026-09-01T12:00:00Z" changeset="1" uid="1" user="generator"/>
  <node id="1146" lat="52.0313646264" lon="-1.3346751504" version="1" timestamp="2026-09-01T12:00:00Z" changeset="1" uid="1" user="generator"/>
  <node id="1147" lat="52.0323531064" lon="-1.3341908137" version="1" timestamp="2026-09-01T12:00:00Z" changeset="1" uid="1" user="generator"/>
  <node id="1148" lat="52.0330558901" lon="-1.3334252964" version="1" timestamp="2026-09-01T12:00:00Z" changeset="1" uid="1" user="generator"/>
  <node id="1149" lat="52.0334729955" lon="-1.3323785985" version="1" timestamp="2026-09-01T12:00:00Z" changeset="1" uid="1" user="generator"/>
  <node id="1150" lat="52.0336044046" lon="-1.3310507201" version="1" timestamp="2026-09-01T12:00:00Z" changeset="1" uid="1" user="generator"/>
  <node id="1151" lat="52.0332187092" lon="-1.3270280580" version="1" timestamp="2026-09-01T12:00:00Z" changeset="1" uid="1" user="generator"/>
  <node id="1152" lat="52.0861733402" lon="-1.3030996332" version="1" timestamp="2026-09-01T12:00:00Z" changeset="1" uid="1" user="generator"/>
  <node id="1153" lat="52.0858561799" lon="-1.3024292529" version="1" timestamp="2026-09-01T12:00:00Z" changeset="1" uid="1" user="generator"/>
  <node id="1154" lat="52.0857060957" lon="-1.3020280934" version="1" timestamp="2026-09-01T12:00:00Z" changeset="1" uid="1" user="generator"/>
  <node id="1155" lat="52.0857230697" lon="-1.3018961253" version="1" timestamp="2026-09-01T12:00:00Z" changeset="1" uid="1" user="generator"/>
  <node id="1156" lat="52.0856935407" lon="-1.3015916546" version="1" timestamp="2026-09-01T12:00:00Z" changeset="1" uid="1" user="generator"/>
  <node id="1157" lat="52.0856174996" lon="-1.3011146957" version="1" timestamp="2026-09-01T12:00:00Z" changeset="1" uid="1" user="generator"/>
  <node id="1158" lat="52.0850723331" lon="-1.2984103383" version="1" timestamp="2026-09-01T12:00:00Z" changeset="1" uid="1" user="generator"/>
  <node id="1159" lat="52.0909111969" lon="-1.3913273538" version="1" timestamp="2026-09-01T12:00:00Z" changeset="1" uid="1" user="generator"/>
  <node id="1160" lat="52.0895782596" lon="-1.3922882834" version="1" timestamp="2026-09-01T12:00:00Z" changeset="1" uid="1" user="generator"/>
  <node id="1161" lat="52.0891709912" lon="-1.3925225908" version="1" timestamp="2026-09-01T12:00:00Z" changeset="1" uid="1" user="generator"/>
  <node id="1162" lat="52.0888529669" lon="-1.3926209776" version="1" timestamp="2026-09-01T12:00:00Z" changeset="1" uid="1" user="generator"/>
  <node id="1163" lat="52.0886405036" lon="-1.3925681172" version="1" timestamp="2026-09-01T12:00:00Z" changeset="1" uid="1" user="generator"/>
  <node id="1164" lat="52.0885418995" lon="-1.3923646097" version="1" timestamp="2026-09-01T12:00:00Z" changeset="1" uid="1" user="generator"/>
  <node id="1165" lat="52.0883047403" lon="-1.3921615706" version="1" timestamp="2026-09-01T12:00:00Z" changeset="1" uid="1" user="generator"/>
  <node id="1166" lat="52.0880443250" lon="-1.3920462614" version="1" timestamp="2026-09-01T12:00:00Z" changeset="1" uid="1" user="generator"/>
  <node id="1167" lat="52.0872381672" lon="-1.3919180848" version="1" timestamp="2026-09-01T12:00:00Z" changeset="1" uid="1" user="generator"/>
  <node id="1168" lat="52.0871322821" lon="-1.3918877680" version="1" timestamp="2026-09-01T12:00:00Z" changeset="1" uid="1" user="generator"/>
  <node id="1169" lat="52.0867702478" lon="-1.3917109615" version="1" timestamp="2026-09-01T12:00:00Z" changeset="1" uid="1" user="generator"/>
  <node id="1170" lat="52.0866351126" lon="-1.3915658332" version="1" timestamp="2026-09-01T12:00:00Z" changeset="1" uid="1" user="generator"/>
  <node id="1171" lat="52.0864551575" lon="-1.3913715042" version="1" timestamp="2026-09-01T12:00:00Z" changeset="1" uid="1" user="generator"/>
  <node id="1172" lat="52.0862216522" lon="-1.3908888070" version="1" timestamp="2026-09-01T12:00:00Z" changeset="1" uid="1" user="generator"/>
  <node id="1173" lat="52.0860633241" lon="-1.3902360518" version="1" timestamp="2026-09-01T12:00:00Z" changeset="1" uid="1" user="generator"/>
  <node id="1174" lat="52.0858245628" lon="-1.3897598834" version="1" timestamp="2026-09-01T12:00:00Z" changeset="1" uid="1" user="generator"/>
  <node id="1175" lat="52.0854960715" lon="-1.3894565106" version="1" timestamp="2026-09-01T12:00:00Z" changeset="1" uid="1" user="generator"/>
  <node id="1176" lat="52.0850717301" lon="-1.3893286853" version="1" timestamp="2026-09-01T12:00:00Z" changeset="1" uid="1" user="generator"/>
  <node id="1177" lat="52.0825875026" lon="-1.3874511814" version="1" timestamp="2026-09-01T12:00:00Z" changeset="1" uid="1" user="generator"/>
  <node id="1178" lat="52.0822057582" lon="-1.3867515530" version="1" timestamp="2026-09-01T12:00:00Z" changeset="1" uid="1" user="generator"/>
  <node id="1179" lat="52.0819442629" lon="-1.3861434019" version="1" timestamp="2026-09-01T12:00:00Z" changeset="1" uid="1" user="generator"/>
  <node id="1180" lat="52.0818029988" lon="-1.3856267136" version="1" timestamp="2026-09-01T12:00:00Z" changeset="1" uid="1" user="generator"/>
  <node id="1181" lat="52.0817819658" lon="-1.3852015173" version="1" timestamp="2026-09-01T12:00:00Z" changeset="1" uid="1" user="generator"/>
  <node id="1182" lat="52.0814810325" lon="-1.3848736832" version="1" timestamp="2026-09-01T12:00:00Z" changeset="1" uid="1" user="generator"/>
  <node id="1183" lat="52.0809002079" lon="-1.3846431965" version="1" timestamp="2026-09-01T12:00:00Z" changeset="1" uid="1" user="generator"/>
  <node id="1184" lat="52.0800394830" lon="-1.3845100720" version="1" timestamp="2026-09-01T12:00:00Z" changeset="1" uid="1" user="generator"/>
  <node id="1185" lat="52.0788988579" lon="-1.3844743096" version="1" timestamp="2026-09-01T12:00:00Z" changeset="1" uid="1" user="generator"/>
  <node id="1186" lat="52.0778733339" lon="-1.3845995585" version="1" timestamp="2026-09-01T12:00:00Z" changeset="1" uid="1" user="generator"/>
  <node id="1187" lat="52.0769629110" lon="-1.3848858187" version="1" timestamp="2026-09-01T12:00:00Z" changeset="1" uid="1" user="generator"/>
  <node id="1188" lat="52.0761675982" lon="-1.3853330902" version="1" timestamp="2026-09-01T12:00:00Z" changeset="1" uid="1" user="generator"/>
  <node id="1189" lat="52.0754873955" lon="-1.3859413876" version="1" timestamp="2026-09-01T12:00:00Z" changeset="1" uid="1" user="generator"/>
  <node id="1190" lat="52.0748539209" lon="-1.3863674476" version="1" timestamp="2026-09-01T12:00:00Z" changeset="1" uid="1" user="generator"/>
  <node id="1191" lat="52.0742671743" lon="-1.3866112555" version="1" timestamp="2026-09-01T12:00:00Z" changeset="1" uid="1" user="generator"/>
  <node id="1192" lat="52.0737271737" lon="-1.3866728406" version="1" timestamp="2026-09-01T12:00:00Z" changeset="1" uid="1" user="generator"/>
  <node id="1193" lat="52.0732339012" lon="-1.3865522029" version="1" timestamp="2026-09-01T12:00:00Z" changeset="1" uid="1" user="generator"/>
  <node id="1194" lat="52.0728095598" lon="-1.3865609276" version="1" timestamp="2026-09-01T12:00:00Z" changeset="1" uid="1" user="generator"/>
  <node id="1195" lat="52.0724541315" lon="-1.3866990293" version="1" timestamp="2026-09-01T12:00:00Z" changeset="1" uid="1" user="generator"/>
  <node id="1196" lat="52.0721676342" lon="-1.3869665226" version="1" timestamp="2026-09-01T12:00:00Z" changeset="1" uid="1" user="generator"/>
  <node id="1197" lat="52.0719500680" lon="-1.3873633930" version="1" timestamp="2026-09-01T12:00:00Z" changeset="1" uid="1" user="generator"/>
  <node id="1198" lat="52.0713977374" lon="-1.3878197991" version="1" timestamp="2026-09-01T12:00:00Z" changeset="1" uid="1" user="generator"/>
  <node id="1199" lat="52.0705106515" lon="-1.3883357701" version="1" timestamp="2026-09-01T12:00:00Z" changeset="1" uid="1" user="generator"/>
  <node id="1200" lat="52.0692888193" lon="-1.3889112768" version="1" timestamp="2026-09-01T12:00:00Z" changeset="1" uid="1" user="generator"/>
  <node id="1201" lat="52.0653973324" lon="-1.3904989486" version="1" timestamp="2026-09-01T12:00:00Z" changeset="1" uid="1" user="generator"/>
  <node id="1202" lat="52.0806691957" lon="-1.3316711238" version="1" timestamp="2026-09-01T12:00:00Z" changeset="1" uid="1" user="generator"/>
  <node id="1203" lat="52.0819456039" lon="-1.3303258692" version="1" timestamp="2026-09-01T12:00:00Z" changeset="1" uid="1" user="generator"/>
  <node id="1204" lat="52.0823688294" lon="-1.3297435116" version="1" timestamp="2026-09-01T12:00:00Z" changeset="1" uid="1" user="generator"/>
  <node id="1205" lat="52.0827047187" lon="-1.3291169011" version="1" timestamp="2026-09-01T12:00:00Z" changeset="1" uid="1" user="generator"/>
  <node id="1206" lat="52.0829532810" lon="-1.3284460231" version="1" timestamp="2026-09-01T12:00:00Z" changeset="1" uid="1" user="generator"/>
  <node id="1207" lat="52.0831144981" lon="-1.3277308777" version="1" timestamp="2026-09-01T12:00:00Z" changeset="1" uid="1" user="generator"/>
  <node id="1208" lat="52.0832978553" lon="-1.3271717371" version="1" timestamp="2026-09-01T12:00:00Z" changeset="1" uid="1" user="generator"/>
  <node id="1209" lat="52.0835033255" lon="-1.3267686013" version="1" timestamp="2026-09-01T12:00:00Z" changeset="1" uid="1" user="generator"/>
  <node id="1210" lat="52.0837309357" lon="-1.3265214558" version="1" timestamp="2026-09-01T12:00:00Z" changeset="1" uid="1" user="generator"/>
  <node id="1211" lat="52.0843552664" lon="-1.3262935894" version="1" timestamp="2026-09-01T12:00:00Z" changeset="1" uid="1" user="generator"/>
  <node id="1212" lat="52.0785010215" lon="-1.3265833483" version="1" timestamp="2026-09-01T12:00:00Z" changeset="1" uid="1" user="generator"/>
  <node id="1213" lat="52.0774263844" lon="-1.3238802059" version="1" timestamp="2026-09-01T12:00:00Z" changeset="1" uid="1" user="generator"/>
  <node id="1214" lat="52.0772190242" lon="-1.3232121825" version="1" timestamp="2026-09-01T12:00:00Z" changeset="1" uid="1" user="generator"/>
  <node id="1215" lat="52.0772306432" lon="-1.3226546521" version="1" timestamp="2026-09-01T12:00:00Z" changeset="1" uid="1" user="generator"/>
  <node id="1216" lat="52.0771947062" lon="-1.3224153822" version="1" timestamp="2026-09-01T12:00:00Z" changeset="1" uid="1" user="generator"/>
  <node id="1217" lat="52.0761244971" lon="-1.3214912397" version="1" timestamp="2026-09-01T12:00:00Z" changeset="1" uid="1" user="generator"/>
  <node id="1218" lat="52.0809467739" lon="-1.3354753615" version="1" timestamp="2026-09-01T12:00:00Z" changeset="1" uid="1" user="generator"/>
  <node id="1219" lat="52.0810074520" lon="-1.3366866279" version="1" timestamp="2026-09-01T12:00:00Z" changeset="1" uid="1" user="generator"/>
  <node id="1220" lat="52.0810177840" lon="-1.3375874801" version="1" timestamp="2026-09-01T12:00:00Z" changeset="1" uid="1" user="generator"/>
  <node id="1221" lat="52.0809777610" lon="-1.3381779037" version="1" timestamp="2026-09-01T12:00:00Z" changeset="1" uid="1" user="generator"/>
  <node id="1222" lat="52.0808873829" lon="-1.3384579132" version="1" timestamp="2026-09-01T12:00:00Z" changeset="1" uid="1" user="generator"/>
  <node id="1223" lat="52.0808379188" lon="-1.3387930374" version="1" timestamp="2026-09-01T12:00:00Z" changeset="1" uid="1" user="generator"/>
  <node id="1224" lat="52.0808293688" lon="-1.3391832618" version="1" timestamp="2026-09-01T12:00:00Z" changeset="1" uid="1" user="generator"/>
  <node id="1225" lat="52.0808617239" lon="-1.3396286303" version="1" timestamp="2026-09-01T12:00:00Z" changeset="1" uid="1" user="generator"/>
  <node id="1226" lat="52.0810059400" lon="-1.3405345036" version="1" timestamp="2026-09-01T12:00:00Z" changeset="1" uid="1" user="generator"/>
  <node id="1227" lat="52.0811408861" lon="-1.3410601069" version="1" timestamp="2026-09-01T12:00:00Z" changeset="1" uid="1" user="generator"/>
  <node id="1228" lat="52.0813008883" lon="-1.3413605960" version="1" timestamp="2026-09-01T12:00:00Z" changeset="1" uid="1" user="generator"/>
  <node id="1229" lat="52.0859808840" lon="-1.3307202949" version="1" timestamp="2026-09-01T12:00:00Z" changeset="1" uid="1" user="generator"/>
  <node id="1230" lat="52.0856861877" lon="-1.3297821431" version="1" timestamp="2026-09-01T12:00:00Z" changeset="1" uid="1" user="generator"/>
  <node id="1231" lat="52.0856272826" lon="-1.3293694629" version="1" timestamp="2026-09-01T12:00:00Z" changeset="1" uid="1" user="generator"/>
  <node id="1232" lat="52.0856349146" lon="-1.3292049237" version="1" timestamp="2026-09-01T12:00:00Z" changeset="1" uid="1" user="generator"/>
  <node id="1233" lat="52.0855599446" lon="-1.3289149892" version="1" timestamp="2026-09-01T12:00:00Z" changeset="1" uid="1" user="generator"/>
  <node id="1234" lat="52.0851621982" lon="-1.3279589197" version="1" timestamp="2026-09-01T12:00:00Z" changeset="1" uid="1" user="generator"/>
  <node id="1235" lat="52.0690246780" lon="-1.3244058385" version="1" timestamp="2026-09-01T12:00:00Z" changeset="1" uid="1" user="generator"/>
  <node id="1236" lat="52.0685338895" lon="-1.3262607987" version="1" timestamp="2026-09-01T12:00:00Z" changeset="1" uid="1" user="generator"/>
  <node id="1237" lat="52.0681244071" lon="-1.3273964707" version="1" timestamp="2026-09-01T12:00:00Z" changeset="1" uid="1" user="generator"/>
  <node id="1238" lat="52.0677819838" lon="-1.3279574265" version="1" timestamp="2026-09-01T12:00:00Z" changeset="1" uid="1" user="generator"/>
  <node id="1239" lat="52.0677418707" lon="-1.3280131415" version="1" timestamp="2026-09-01T12:00:00Z" changeset="1" uid="1" user="generator"/>
  <node id="1240" lat="52.0673715474" lon="-1.3281208532" version="1" timestamp="2026-09-01T12:00:00Z" changeset="1" uid="1" user="generator"/>
  <node id="1241" lat="52.0670455940" lon="-1.3284321895" version="1" timestamp="2026-09-01T12:00:00Z" changeset="1" uid="1" user="generator"/>
  <node id="1242" lat="52.0666630397" lon="-1.3290509536" version="1" timestamp="2026-09-01T12:00:00Z" changeset="1" uid="1" user="generator"/>
  <node id="1243" lat="52.0662881263" lon="-1.3299105979" version="1" timestamp="2026-09-01T12:00:00Z" changeset="1" uid="1" user="generator"/>
  <node id="1244" lat="52.0658988129" lon="-1.3310649782" version="1" timestamp="2026-09-01T12:00:00Z" changeset="1" uid="1" user="generator"/>
  <node id="1245" lat="52.0656917857" lon="-1.3321560168" version="1" timestamp="2026-09-01T12:00:00Z" changeset="1" uid="1" user="generator"/>
  <node id="1246" lat="52.0656362916" lon="-1.3333812192" version="1" timestamp="2026-09-01T12:00:00Z" changeset="1" uid="1" user="generator"/>
  <node id="1247" lat="52.0657510418" lon="-1.3345961013" version="1" timestamp="2026-09-01T12:00:00Z" changeset="1" uid="1" user="generator"/>
  <node id="1248" lat="52.0660223380" lon="-1.3358366012" version="1" timestamp="2026-09-01T12:00:00Z" changeset="1" uid="1" user="generator"/>
  <node id="1249" lat="52.0660645211" lon="-1.3368003268" version="1" timestamp="2026-09-01T12:00:00Z" changeset="1" uid="1" user="generator"/>
  <node id="1250" lat="52.0658885439" lon="-1.3376267412" version="1" timestamp="2026-09-01T12:00:00Z" changeset="1" uid="1" user="generator"/>
  <node id="1251" lat="52.0657363537" lon="-1.3378705637" version="1" timestamp="2026-09-01T12:00:00Z" changeset="1" uid="1" user="generator"/>
  <node id="1252" lat="52.0654516385" lon="-1.3382727919" version="1" timestamp="2026-09-01T12:00:00Z" changeset="1" uid="1" user="generator"/>
  <node id="1253" lat="52.0651985042" lon="-1.3384255909" version="1" timestamp="2026-09-01T12:00:00Z" changeset="1" uid="1" user="generator"/>
  <node id="1254" lat="52.0647956098" lon="-1.3386771134" version="1" timestamp="2026-09-01T12:00:00Z" changeset="1" uid="1" user="generator"/>
  <node id="1255" lat="52.0642543313" lon="-1.3392458277" version="1" timestamp="2026-09-01T12:00:00Z" changeset="1" uid="1" user="generator"/>
  <node id="1256" lat="52.0712074862" lon="-1.3386416730" version="1" timestamp="2026-09-01T12:00:00Z" changeset="1" uid="1" user="generator"/>
  <node id="1257" lat="52.0712700543" lon="-1.3396024416" version="1" timestamp="2026-09-01T12:00:00Z" changeset="1" uid="1" user="generator"/>
  <node id="1258" lat="52.0713383103" lon="-1.3406505741" version="1" timestamp="2026-09-01T12:00:00Z" changeset="1" uid="1" user="generator"/>
  <node id="1259" lat="52.0715725266" lon="-1.3442471469" version="1" timestamp="2026-09-01T12:00:00Z" changeset="1" uid="1" user="generator"/>
  <node id="1260" lat="52.0707317187" lon="-1.3453393419" version="1" timestamp="2026-09-01T12:00:00Z" changeset="1" uid="1" user="generator"/>
  <node id="1261" lat="52.0703076833" lon="-1.3455603280" version="1" timestamp="2026-09-01T12:00:00Z" changeset="1" uid="1" user="generator"/>
  <node id="1262" lat="52.0697959338" lon="-1.3455654370" version="1" timestamp="2026-09-01T12:00:00Z" changeset="1" uid="1" user="generator"/>
  <node id="1263" lat="52.0691964882" lon="-1.3453546394" version="1" timestamp="2026-09-01T12:00:00Z" changeset="1" uid="1" user="generator"/>
  <node id="1264" lat="52.0685093195" lon="-1.3449279499" version="1" timestamp="2026-09-01T12:00:00Z" changeset="1" uid="1" user="generator"/>
  <node id="1265" lat="52.0678291078" lon="-1.3447567501" version="1" timestamp="2026-09-01T12:00:00Z" changeset="1" uid="1" user="generator"/>
  <node id="1266" lat="52.0671558532" lon="-1.3448410105" version="1" timestamp="2026-09-01T12:00:00Z" changeset="1" uid="1" user="generator"/>
  <node id="1267" lat="52.0664895555" lon="-1.3451807460" version="1" timestamp="2026-09-01T12:00:00Z" changeset="1" uid="1" user="generator"/>
  <node id="1268" lat="52.0658302058" lon="-1.3457759418" version="1" timestamp="2026-09-01T12:00:00Z" changeset="1" uid="1" user="generator"/>
  <node id="1269" lat="52.0652394362" lon="-1.3459842801" version="1" timestamp="2026-09-01T12:00:00Z" changeset="1" uid="1" user="generator"/>
  <node id="1270" lat="52.0647172377" lon="-1.3458057462" version="1" timestamp="2026-09-01T12:00:00Z" changeset="1" uid="1" user="generator"/>
  <node id="1271" lat="52.0642636103" lon="-1.3452403402" version="1" timestamp="2026-09-01T12:00:00Z" changeset="1" uid="1" user="generator"/>
  <node id="1272" lat="52.0636736327" lon="-1.3437812403" version="1" timestamp="2026-09-01T12:00:00Z" changeset="1" uid="1" user="generator"/>
  <node id="1273" lat="52.0819647200" lon="-1.3461783017" version="1" timestamp="2026-09-01T12:00:00Z" changeset="1" uid="1" user="generator"/>
  <node id="1274" lat="52.0820733771" lon="-1.3479001666" version="1" timestamp="2026-09-01T12:00:00Z" changeset="1" uid="1" user="generator"/>
  <node id="1275" lat="52.0820251550" lon="-1.3494168407" version="1" timestamp="2026-09-01T12:00:00Z" changeset="1" uid="1" user="generator"/>
  <node id="1276" lat="52.0818200538" lon="-1.3507283091" version="1" timestamp="2026-09-01T12:00:00Z" changeset="1" uid="1" user="generator"/>
  <node id="1277" lat="52.0814580825" lon="-1.3518345865" version="1" timestamp="2026-09-01T12:00:00Z" changeset="1" uid="1" user="generator"/>
  <node id="1278" lat="52.0813987904" lon="-1.3527597684" version="1" timestamp="2026-09-01T12:00:00Z" changeset="1" uid="1" user="generator"/>
  <node id="1279" lat="52.0816421956" lon="-1.3535038839" version="1" timestamp="2026-09-01T12:00:00Z" changeset="1" uid="1" user="generator"/>
  <node id="1280" lat="52.0821882802" lon="-1.3540669037" version="1" timestamp="2026-09-01T12:00:00Z" changeset="1" uid="1" user="generator"/>
  <node id="1281" lat="52.0843102213" lon="-1.3550217583" version="1" timestamp="2026-09-01T12:00:00Z" changeset="1" uid="1" user="generator"/>
  <node id="1282" lat="52.0839175149" lon="-1.3426360092" version="1" timestamp="2026-09-01T12:00:00Z" changeset="1" uid="1" user="generator"/>
  <node id="1283" lat="52.0848047358" lon="-1.3429920083" version="1" timestamp="2026-09-01T12:00:00Z" changeset="1" uid="1" user="generator"/>
  <node id="1284" lat="52.0855325215" lon="-1.3431938470" version="1" timestamp="2026-09-01T12:00:00Z" changeset="1" uid="1" user="generator"/>
  <node id="1285" lat="52.0861008721" lon="-1.3432415253" version="1" timestamp="2026-09-01T12:00:00Z" changeset="1" uid="1" user="generator"/>
  <node id="1286" lat="52.0865097965" lon="-1.3431350286" version="1" timestamp="2026-09-01T12:00:00Z" changeset="1" uid="1" user="generator"/>
  <node id="1287" lat="52.0868644059" lon="-1.3432472051" version="1" timestamp="2026-09-01T12:00:00Z" changeset="1" uid="1" user="generator"/>
  <node id="1288" lat="52.0871647002" lon="-1.3435780549" version="1" timestamp="2026-09-01T12:00:00Z" changeset="1" uid="1" user="generator"/>
  <node id="1289" lat="52.0874106794" lon="-1.3441275632" version="1" timestamp="2026-09-01T12:00:00Z" changeset="1" uid="1" user="generator"/>
  <node id="1290" lat="52.0878898399" lon="-1.3460480024" version="1" timestamp="2026-09-01T12:00:00Z" changeset="1" uid="1" user="generator"/>
  <node id="1291" lat="52.0852722413" lon="-1.3228052260" version="1" timestamp="2026-09-01T12:00:00Z" changeset="1" uid="1" user="generator"/>
  <node id="1292" lat="52.0858122328" lon="-1.3209718725" version="1" timestamp="2026-09-01T12:00:00Z" changeset="1" uid="1" user="generator"/>
  <node id="1293" lat="52.0859854380" lon="-1.3205338820" version="1" timestamp="2026-09-01T12:00:00Z" changeset="1" uid="1" user="generator"/>
  <node id="1294" lat="52.0423442323" lon="-1.3318419284" version="1" timestamp="2026-09-01T12:00:00Z" changeset="1" uid="1" user="generator"/>
  <node id="1295" lat="52.0486582247" lon="-1.3307471569" version="1" timestamp="2026-09-01T12:00:00Z" changeset="1" uid="1" user="generator"/>
  <node id="1296" lat="52.0496791947" lon="-1.3320529748" version="1" timestamp="2026-09-01T12:00:00Z" changeset="1" uid="1" user="generator"/>
  <node id="1297" lat="52.0506070236" lon="-1.3329019182" version="1" timestamp="2026-09-01T12:00:00Z" changeset="1" uid="1" user="generator"/>
  <node id="1298" lat="52.0514417384" lon="-1.3332939724" version="1" timestamp="2026-09-01T12:00:00Z" changeset="1" uid="1" user="generator"/>
  <node id="1299" lat="52.0521833122" lon="-1.3332291375" version="1" timestamp="2026-09-01T12:00:00Z" changeset="1" uid="1" user="generator"/>
  <node id="1300" lat="52.0527711028" lon="-1.3336702608" version="1" timestamp="2026-09-01T12:00:00Z" changeset="1" uid="1" user="generator"/>
  <node id="1301" lat="52.0532050922" lon="-1.3346173275" version="1" timestamp="2026-09-01T12:00:00Z" changeset="1" uid="1" user="generator"/>
  <node id="1302" lat="52.0534852805" lon="-1.3360703523" version="1" timestamp="2026-09-01T12:00:00Z" changeset="1" uid="1" user="generator"/>
  <node id="1303" lat="52.0536885817" lon="-1.3396695601" version="1" timestamp="2026-09-01T12:00:00Z" changeset="1" uid="1" user="generator"/>
  <node id="1304" lat="52.0537159777" lon="-1.3409910414" version="1" timestamp="2026-09-01T12:00:00Z" changeset="1" uid="1" user="generator"/>
  <node id="1305" lat="52.0536938827" lon="-1.3419937792" version="1" timestamp="2026-09-01T12:00:00Z" changeset="1" uid="1" user="generator"/>
  <node id="1306" lat="52.0535148815" lon="-1.3437037429" version="1" timestamp="2026-09-01T12:00:00Z" changeset="1" uid="1" user="generator"/>
  <node id="1307" lat="52.0679746920" lon="-1.3703049202" version="1" timestamp="2026-09-01T12:00:00Z" changeset="1" uid="1" user="generator"/>
  <node id="1308" lat="52.0679573310" lon="-1.3746100510" version="1" timestamp="2026-09-01T12:00:00Z" changeset="1" uid="1" user="generator"/>
  <node id="1309" lat="52.0678132318" lon="-1.3759861348" version="1" timestamp="2026-09-01T12:00:00Z" changeset="1" uid="1" user="generator"/>
  <node id="1310" lat="52.0675319545" lon="-1.3770162469" version="1" timestamp="2026-09-01T12:00:00Z" changeset="1" uid="1" user="generator"/>
  <node id="1311" lat="52.0671135261" lon="-1.3777003876" version="1" timestamp="2026-09-01T12:00:00Z" changeset="1" uid="1" user="generator"/>
  <node id="1312" lat="52.0665579196" lon="-1.3780385567" version="1" timestamp="2026-09-01T12:00:00Z" changeset="1" uid="1" user="generator"/>
  <node id="1313" lat="52.0660364950" lon="-1.3787288017" version="1" timestamp="2026-09-01T12:00:00Z" changeset="1" uid="1" user="generator"/>
  <node id="1314" lat="52.0655492345" lon="-1.3797711372" version="1" timestamp="2026-09-01T12:00:00Z" changeset="1" uid="1" user="generator"/>
  <node id="1315" lat="52.0650961471" lon="-1.3811655633" version="1" timestamp="2026-09-01T12:00:00Z" changeset="1" uid="1" user="generator"/>
  <node id="1316" lat="52.0640488520" lon="-1.3855317962" version="1" timestamp="2026-09-01T12:00:00Z" changeset="1" uid="1" user="generator"/>
  <node id="1317" lat="52.0653986554" lon="-1.3674442651" version="1" timestamp="2026-09-01T12:00:00Z" changeset="1" uid="1" user="generator"/>
  <node id="1318" lat="52.0649483849" lon="-1.3670169901" version="1" timestamp="2026-09-01T12:00:00Z" changeset="1" uid="1" user="generator"/>
  <node id="1319" lat="52.0646648037" lon="-1.3668172740" version="1" timestamp="2026-09-01T12:00:00Z" changeset="1" uid="1" user="generator"/>
  <node id="1320" lat="52.0645479025" lon="-1.3668450876" version="1" timestamp="2026-09-01T12:00:00Z" changeset="1" uid="1" user="generator"/>
  <node id="1321" lat="52.0642017712" lon="-1.3665606865" version="1" timestamp="2026-09-01T12:00:00Z" changeset="1" uid="1" user="generator"/>
  <node id="1322" lat="52.0636264276" lon="-1.3659640708" version="1" timestamp="2026-09-01T12:00:00Z" changeset="1" uid="1" user="generator"/>
  <node id="1323" lat="52.0617880678" lon="-1.3638341807" version="1" timestamp="2026-09-01T12:00:00Z" changeset="1" uid="1" user="generator"/>
  <node id="1324" lat="52.0610689221" lon="-1.3626546950" version="1" timestamp="2026-09-01T12:00:00Z" changeset="1" uid="1" user="generator"/>
  <node id="1325" lat="52.0606644347" lon="-1.3615167833" version="1" timestamp="2026-09-01T12:00:00Z" changeset="1" uid="1" user="generator"/>
  <node id="1326" lat="52.0605745966" lon="-1.3604204455" version="1" timestamp="2026-09-01T12:00:00Z" changeset="1" uid="1" user="generator"/>
  <node id="1327" lat="52.0607994168" lon="-1.3593656817" version="1" timestamp="2026-09-01T12:00:00Z" changeset="1" uid="1" user="generator"/>
  <node id="1328" lat="52.0608414288" lon="-1.3581710742" version="1" timestamp="2026-09-01T12:00:00Z" changeset="1" uid="1" user="generator"/>
  <node id="1329" lat="52.0607006327" lon="-1.3568366523" version="1" timestamp="2026-09-01T12:00:00Z" changeset="1" uid="1" user="generator"/>
  <node id="1330" lat="52.0603770464" lon="-1.3553624013" version="1" timestamp="2026-09-01T12:00:00Z" changeset="1" uid="1" user="generator"/>
  <node id="1331" lat="52.0598706519" lon="-1.3537483066" version="1" timestamp="2026-09-01T12:00:00Z" changeset="1" uid="1" user="generator"/>
  <node id="1332" lat="52.0596033516" lon="-1.3524106495" version="1" timestamp="2026-09-01T12:00:00Z" changeset="1" uid="1" user="generator"/>
  <node id="1333" lat="52.0595751366" lon="-1.3513494154" version="1" timestamp="2026-09-01T12:00:00Z" changeset="1" uid="1" user="generator"/>
  <node id="1334" lat="52.0596888967" lon="-1.3509260489" version="1" timestamp="2026-09-01T12:00:00Z" changeset="1" uid="1" user="generator"/>
  <node id="1335" lat="52.0704096984" lon="-1.3687889488" version="1" timestamp="2026-09-01T12:00:00Z" changeset="1" uid="1" user="generator"/>
  <node id="1336" lat="52.0712073062" lon="-1.3684057071" version="1" timestamp="2026-09-01T12:00:00Z" changeset="1" uid="1" user="generator"/>
  <node id="1337" lat="52.0718285048" lon="-1.3682455887" version="1" timestamp="2026-09-01T12:00:00Z" changeset="1" uid="1" user="generator"/>
  <node id="1338" lat="52.0722733033" lon="-1.3683086231" version="1" timestamp="2026-09-01T12:00:00Z" changeset="1" uid="1" user="generator"/>
  <node id="1339" lat="52.0725417015" lon="-1.3685947808" version="1" timestamp="2026-09-01T12:00:00Z" changeset="1" uid="1" user="generator"/>
  <node id="1340" lat="52.0729582040" lon="-1.3686829059" version="1" timestamp="2026-09-01T12:00:00Z" changeset="1" uid="1" user="generator"/>
  <node id="1341" lat="52.0735227925" lon="-1.3685729691" version="1" timestamp="2026-09-01T12:00:00Z" changeset="1" uid="1" user="generator"/>
  <node id="1342" lat="52.0742354762" lon="-1.3682649850" version="1" timestamp="2026-09-01T12:00:00Z" changeset="1" uid="1" user="generator"/>
  <node id="1343" lat="52.0750962551" lon="-1.3677589391" version="1" timestamp="2026-09-01T12:00:00Z" changeset="1" uid="1" user="generator"/>
  <node id="1344" lat="52.0758477378" lon="-1.3672235278" version="1" timestamp="2026-09-01T12:00:00Z" changeset="1" uid="1" user="generator"/>
  <node id="1345" lat="52.0764899155" lon="-1.3666587367" version="1" timestamp="2026-09-01T12:00:00Z" changeset="1" uid="1" user="generator"/>
  <node id="1346" lat="52.0770227970" lon="-1.3660645949" version="1" timestamp="2026-09-01T12:00:00Z" changeset="1" uid="1" user="generator"/>
  <node id="1347" lat="52.0774463734" lon="-1.3654410586" version="1" timestamp="2026-09-01T12:00:00Z" changeset="1" uid="1" user="generator"/>
  <node id="1348" lat="52.0776685207" lon="-1.3646549739" version="1" timestamp="2026-09-01T12:00:00Z" changeset="1" uid="1" user="generator"/>
  <node id="1349" lat="52.0776892387" lon="-1.3637063408" version="1" timestamp="2026-09-01T12:00:00Z" changeset="1" uid="1" user="generator"/>
  <node id="1350" lat="52.0775085185" lon="-1.3625951301" version="1" timestamp="2026-09-01T12:00:00Z" changeset="1" uid="1" user="generator"/>
  <node id="1351" lat="52.0765531496" lon="-1.3594107104" version="1" timestamp="2026-09-01T12:00:00Z" changeset="1" uid="1" user="generator"/>
  <node id="1352" lat="52.0572314532" lon="-1.3922625193" version="1" timestamp="2026-09-01T12:00:00Z" changeset="1" uid="1" user="generator"/>
  <node id="1353" lat="52.0562547813" lon="-1.3877287023" version="1" timestamp="2026-09-01T12:00:00Z" changeset="1" uid="1" user="generator"/>
  <node id="1354" lat="52.0559898840" lon="-1.3866265969" version="1" timestamp="2026-09-01T12:00:00Z" changeset="1" uid="1" user="generator"/>
  <node id="1355" lat="52.0559070389" lon="-1.3865095164" version="1" timestamp="2026-09-01T12:00:00Z" changeset="1" uid="1" user="generator"/>
  <node id="1356" lat="52.0624020394" lon="-1.3845198799" version="1" timestamp="2026-09-01T12:00:00Z" changeset="1" uid="1" user="generator"/>
  <node id="1357" lat="52.0618601219" lon="-1.3839736360" version="1" timestamp="2026-09-01T12:00:00Z" changeset="1" uid="1" user="generator"/>
  <node id="1358" lat="52.0614350244" lon="-1.3832859528" version="1" timestamp="2026-09-01T12:00:00Z" changeset="1" uid="1" user="generator"/>
  <node id="1359" lat="52.0611267381" lon="-1.3824568010" version="1" timestamp="2026-09-01T12:00:00Z" changeset="1" uid="1" user="generator"/>
  <node id="1360" lat="52.0609352719" lon="-1.3814862098" version="1" timestamp="2026-09-01T12:00:00Z" changeset="1" uid="1" user="generator"/>
  <node id="1361" lat="52.0606480276" lon="-1.3807371318" version="1" timestamp="2026-09-01T12:00:00Z" changeset="1" uid="1" user="generator"/>
  <node id="1362" lat="52.0602650233" lon="-1.3802095962" version="1" timestamp="2026-09-01T12:00:00Z" changeset="1" uid="1" user="generator"/>
  <node id="1363" lat="52.0597862498" lon="-1.3799035884" version="1" timestamp="2026-09-01T12:00:00Z" changeset="1" uid="1" user="generator"/>
  <node id="1364" lat="52.0583498843" lon="-1.3796924102" version="1" timestamp="2026-09-01T12:00:00Z" changeset="1" uid="1" user="generator"/>
  <node id="1365" lat="52.0346462726" lon="-1.3576601389" version="1" timestamp="2026-09-01T12:00:00Z" changeset="1" uid="1" user="generator"/>
  <node id="1366" lat="52.0351262251" lon="-1.3575079548" version="1" timestamp="2026-09-01T12:00:00Z" changeset="1" uid="1" user="generator"/>
  <node id="1367" lat="52.0357089307" lon="-1.3575221251" version="1" timestamp="2026-09-01T12:00:00Z" changeset="1" uid="1" user="generator"/>
  <node id="1368" lat="52.0363943804" lon="-1.3577026644" version="1" timestamp="2026-09-01T12:00:00Z" changeset="1" uid="1" user="generator"/>
  <node id="1369" lat="52.0383648784" lon="-1.3585699355" version="1" timestamp="2026-09-01T12:00:00Z" changeset="1" uid="1" user="generator"/>
  <node id="1370" lat="52.0489726220" lon="-1.3702850993" version="1" timestamp="2026-09-01T12:00:00Z" changeset="1" uid="1" user="generator"/>
  <node id="1371" lat="52.0481519472" lon="-1.3686012072" version="1" timestamp="2026-09-01T12:00:00Z" changeset="1" uid="1" user="generator"/>
  <node id="1372" lat="52.0479415359" lon="-1.3677440222" version="1" timestamp="2026-09-01T12:00:00Z" changeset="1" uid="1" user="generator"/>
  <node id="1373" lat="52.0478489978" lon="-1.3667032091" version="1" timestamp="2026-09-01T12:00:00Z" changeset="1" uid="1" user="generator"/>
  <node id="1374" lat="52.0478743149" lon="-1.3654787386" version="1" timestamp="2026-09-01T12:00:00Z" changeset="1" uid="1" user="generator"/>
  <node id="1375" lat="52.0480174960" lon="-1.3640706546" version="1" timestamp="2026-09-01T12:00:00Z" changeset="1" uid="1" user="generator"/>
  <node id="1376" lat="52.0478796429" lon="-1.3629284830" version="1" timestamp="2026-09-01T12:00:00Z" changeset="1" uid="1" user="generator"/>
  <node id="1377" lat="52.0474607465" lon="-1.3620522238" version="1" timestamp="2026-09-01T12:00:00Z" changeset="1" uid="1" user="generator"/>
  <node id="1378" lat="52.0467608248" lon="-1.3614418770" version="1" timestamp="2026-09-01T12:00:00Z" changeset="1" uid="1" user="generator"/>
  <node id="1379" lat="52.0457798508" lon="-1.3610974425" version="1" timestamp="2026-09-01T12:00:00Z" changeset="1" uid="1" user="generator"/>
  <node id="1380" lat="52.0449352809" lon="-1.3604347036" version="1" timestamp="2026-09-01T12:00:00Z" changeset="1" uid="1" user="generator"/>
  <node id="1381" lat="52.0442271062" lon="-1.3594536312" version="1" timestamp="2026-09-01T12:00:00Z" changeset="1" uid="1" user="generator"/>
  <node id="1382" lat="52.0436553267" lon="-1.3581542397" version="1" timestamp="2026-09-01T12:00:00Z" changeset="1" uid="1" user="generator"/>
  <node id="1383" lat="52.0425668656" lon="-1.3541099562" version="1" timestamp="2026-09-01T12:00:00Z" changeset="1" uid="1" user="generator"/>
  <node id="1384" lat="52.0497131337" lon="-1.3905321785" version="1" timestamp="2026-09-01T12:00:00Z" changeset="1" uid="1" user="generator"/>
  <node id="1385" lat="52.0494042984" lon="-1.3919007965" version="1" timestamp="2026-09-01T12:00:00Z" changeset="1" uid="1" user="generator"/>
  <node id="1386" lat="52.0490604711" lon="-1.3923242654" version="1" timestamp="2026-09-01T12:00:00Z" changeset="1" uid="1" user="generator"/>
  <node id="1387" lat="52.0484963505" lon="-1.3926237736" version="1" timestamp="2026-09-01T12:00:00Z" changeset="1" uid="1" user="generator"/>
  <node id="1388" lat="52.0477119367" lon="-1.3927993065" version="1" timestamp="2026-09-01T12:00:00Z" changeset="1" uid="1" user="generator"/>
  <node id="1389" lat="52.0458799039" lon="-1.3929279663" version="1" timestamp="2026-09-01T12:00:00Z" changeset="1" uid="1" user="generator"/>
  <node id="1390" lat="52.0452299592" lon="-1.3930305837" version="1" timestamp="2026-09-01T12:00:00Z" changeset="1" uid="1" user="generator"/>
  <node id="1391" lat="52.0447573958" lon="-1.3931587311" version="1" timestamp="2026-09-01T12:00:00Z" changeset="1" uid="1" user="generator"/>
  <node id="1392" lat="52.0440194400" lon="-1.3935428804" version="1" timestamp="2026-09-01T12:00:00Z" changeset="1" uid="1" user="generator"/>
  <node id="1393" lat="52.0523448623" lon="-1.3870150646" version="1" timestamp="2026-09-01T12:00:00Z" changeset="1" uid="1" user="generator"/>
  <node id="1394" lat="52.0532583273" lon="-1.3860602247" version="1" timestamp="2026-09-01T12:00:00Z" changeset="1" uid="1" user="generator"/>
  <node id="1395" lat="52.0540325620" lon="-1.3855573847" version="1" timestamp="2026-09-01T12:00:00Z" changeset="1" uid="1" user="generator"/>
  <node id="1396" lat="52.0546675757" lon="-1.3855065590" version="1" timestamp="2026-09-01T12:00:00Z" changeset="1" uid="1" user="generator"/>
  <node id="1397" lat="52.0495387765" lon="-1.3899349772" version="1" timestamp="2026-09-01T12:00:00Z" changeset="1" uid="1" user="generator"/>
  <node id="1398" lat="52.0485409815" lon="-1.3858109127" version="1" timestamp="2026-09-01T12:00:00Z" changeset="1" uid="1" user="generator"/>
  <node id="1399" lat="52.0481846082" lon="-1.3844639893" version="1" timestamp="2026-09-01T12:00:00Z" changeset="1" uid="1" user="generator"/>
  <node id="1400" lat="52.0479086319" lon="-1.3835884327" version="1" timestamp="2026-09-01T12:00:00Z" changeset="1" uid="1" user="generator"/>
  <node id="1401" lat="52.0477130527" lon="-1.3831842430" version="1" timestamp="2026-09-01T12:00:00Z" changeset="1" uid="1" user="generator"/>
  <node id="1402" lat="52.0475978796" lon="-1.3832514054" version="1" timestamp="2026-09-01T12:00:00Z" changeset="1" uid="1" user="generator"/>
  <node id="1403" lat="52.0471336501" lon="-1.3831720196" version="1" timestamp="2026-09-01T12:00:00Z" changeset="1" uid="1" user="generator"/>
  <node id="1404" lat="52.0457170667" lon="-1.3824809988" version="1" timestamp="2026-09-01T12:00:00Z" changeset="1" uid="1" user="generator"/>
  <node id="1405" lat="52.0571774352" lon="-1.3438722932" version="1" timestamp="2026-09-01T12:00:00Z" changeset="1" uid="1" user="generator"/>
  <node id="1406" lat="52.0576601957" lon="-1.3439384455" version="1" timestamp="2026-09-01T12:00:00Z" changeset="1" uid="1" user="generator"/>
  <node id="1407" lat="52.0530782191" lon="-1.3450283276" version="1" timestamp="2026-09-01T12:00:00Z" changeset="1" uid="1" user="generator"/>
  <node id="1408" lat="52.0526207306" lon="-1.3454272767" version="1" timestamp="2026-09-01T12:00:00Z" changeset="1" uid="1" user="generator"/>
  <node id="1409" lat="52.0518804169" lon="-1.3456953263" version="1" timestamp="2026-09-01T12:00:00Z" changeset="1" uid="1" user="generator"/>
  <node id="1410" lat="52.0508572779" lon="-1.3458325058" version="1" timestamp="2026-09-01T12:00:00Z" changeset="1" uid="1" user="generator"/>
  <node id="1411" lat="52.0495513136" lon="-1.3458387858" version="1" timestamp="2026-09-01T12:00:00Z" changeset="1" uid="1" user="generator"/>
  <node id="1412" lat="52.0485079875" lon="-1.3460983596" version="1" timestamp="2026-09-01T12:00:00Z" changeset="1" uid="1" user="generator"/>
  <node id="1413" lat="52.0477272997" lon="-1.3466112126" version="1" timestamp="2026-09-01T12:00:00Z" changeset="1" uid="1" user="generator"/>
  <node id="1414" lat="52.0472092592" lon="-1.3473773740" version="1" timestamp="2026-09-01T12:00:00Z" changeset="1" uid="1" user="generator"/>
  <node id="1415" lat="52.0469538570" lon="-1.3483967999" version="1" timestamp="2026-09-01T12:00:00Z" changeset="1" uid="1" user="generator"/>
  <node id="1416" lat="52.0465202095" lon="-1.3493620626" version="1" timestamp="2026-09-01T12:00:00Z" changeset="1" uid="1" user="generator"/>
  <node id="1417" lat="52.0459083079" lon="-1.3502731473" version="1" timestamp="2026-09-01T12:00:00Z" changeset="1" uid="1" user="generator"/>
  <node id="1418" lat="52.0451181611" lon="-1.3511300395" version="1" timestamp="2026-09-01T12:00:00Z" changeset="1" uid="1" user="generator"/>
  <node id="1419" lat="52.0441497691" lon="-1.3519327684" version="1" timestamp="2026-09-01T12:00:00Z" changeset="1" uid="1" user="generator"/>
  <node id="1420" lat="52.0434153234" lon="-1.3525956244" version="1" timestamp="2026-09-01T12:00:00Z" changeset="1" uid="1" user="generator"/>
  <node id="1421" lat="52.0429148419" lon="-1.3531186220" version="1" timestamp="2026-09-01T12:00:00Z" changeset="1" uid="1" user="generator"/>
  <node id="1422" lat="52.0426483066" lon="-1.3535017612" version="1" timestamp="2026-09-01T12:00:00Z" changeset="1" uid="1" user="generator"/>
  <node id="1423" lat="52.0403032643" lon="-1.3702631266" version="1" timestamp="2026-09-01T12:00:00Z" changeset="1" uid="1" user="generator"/>
  <node id="1424" lat="52.0428112068" lon="-1.3701375703" version="1" timestamp="2026-09-01T12:00:00Z" changeset="1" uid="1" user="generator"/>
  <node id="1425" lat="52.0436822457" lon="-1.3703644558" version="1" timestamp="2026-09-01T12:00:00Z" changeset="1" uid="1" user="generator"/>
  <node id="1426" lat="52.0444211464" lon="-1.3708684524" version="1" timestamp="2026-09-01T12:00:00Z" changeset="1" uid="1" user="generator"/>
  <node id="1427" lat="52.0450279000" lon="-1.3716495745" version="1" timestamp="2026-09-01T12:00:00Z" changeset="1" uid="1" user="generator"/>
  <node id="1428" lat="52.0462144252" lon="-1.3742951428" version="1" timestamp="2026-09-01T12:00:00Z" changeset="1" uid="1" user="generator"/>
  <node id="1429" lat="52.0406212076" lon="-1.3677488676" version="1" timestamp="2026-09-01T12:00:00Z" changeset="1" uid="1" user="generator"/>
  <node id="1430" lat="52.0405636526" lon="-1.3665151894" version="1" timestamp="2026-09-01T12:00:00Z" changeset="1" uid="1" user="generator"/>
  <node id="1431" lat="52.0403213543" lon="-1.3650535423" version="1" timestamp="2026-09-01T12:00:00Z" changeset="1" uid="1" user="generator"/>
  <node id="1432" lat="52.0398943129" lon="-1.3633639118" version="1" timestamp="2026-09-01T12:00:00Z" changeset="1" uid="1" user="generator"/>
  <node id="1433" lat="52.0398950599" lon="-1.3709876116" version="1" timestamp="2026-09-01T12:00:00Z" changeset="1" uid="1" user="generator"/>
  <node id="1434" lat="52.0397749728" lon="-1.3713301576" version="1" timestamp="2026-09-01T12:00:00Z" changeset="1" uid="1" user="generator"/>
  <node id="1435" lat="52.0396980767" lon="-1.3717254617" version="1" timestamp="2026-09-01T12:00:00Z" changeset="1" uid="1" user="generator"/>
  <node id="1436" lat="52.0396643717" lon="-1.3721735090" version="1" timestamp="2026-09-01T12:00:00Z" changeset="1" uid="1" user="generator"/>
  <node id="1437" lat="52.0396738667" lon="-1.3726743290" version="1" timestamp="2026-09-01T12:00:00Z" changeset="1" uid="1" user="generator"/>
  <node id="1438" lat="52.0396220806" lon="-1.3734024736" version="1" timestamp="2026-09-01T12:00:00Z" changeset="1" uid="1" user="generator"/>
  <node id="1439" lat="52.0395090135" lon="-1.3743579722" version="1" timestamp="2026-09-01T12:00:00Z" changeset="1" uid="1" user="generator"/>
  <node id="1440" lat="52.0390990181" lon="-1.3769509875" version="1" timestamp="2026-09-01T12:00:00Z" changeset="1" uid="1" user="generator"/>
  <node id="1441" lat="52.0389524260" lon="-1.3781499427" version="1" timestamp="2026-09-01T12:00:00Z" changeset="1" uid="1" user="generator"/>
  <node id="1442" lat="52.0388948799" lon="-1.3791377051" version="1" timestamp="2026-09-01T12:00:00Z" changeset="1" uid="1" user="generator"/>
  <node id="1443" lat="52.0389263709" lon="-1.3799142600" version="1" timestamp="2026-09-01T12:00:00Z" changeset="1" uid="1" user="generator"/>
  <node id="1444" lat="52.0392277182" lon="-1.3813276286" version="1" timestamp="2026-09-01T12:00:00Z" changeset="1" uid="1" user="generator"/>
  <node id="1445" lat="52.0572599023" lon="-1.3747359001" version="1" timestamp="2026-09-01T12:00:00Z" changeset="1" uid="1" user="generator"/>
  <node id="1446" lat="52.0741852472" lon="-1.3084100197" version="1" timestamp="2026-09-01T12:00:00Z" changeset="1" uid="1" user="generator"/>
  <node id="1447" lat="52.0759099729" lon="-1.2901057770" version="1" timestamp="2026-09-01T12:00:00Z" changeset="1" uid="1" user="generator"/>
  <node id="1448" lat="52.0844692335" lon="-1.3173996439" version="1" timestamp="2026-09-01T12:00:00Z" changeset="1" uid="1" user="generator"/>
  <node id="1449" lat="52.0636114696" lon="-1.3437357285" version="1" timestamp="2026-09-01T12:00:00Z" changeset="1" uid="1" user="generator"/>
  <node id="1450" lat="52.0634871435" lon="-1.3436447050" version="1" timestamp="2026-09-01T12:00:00Z" changeset="1" uid="1" user="generator"/>
  <node id="1451" lat="52.0633006633" lon="-1.3435081842" version="1" timestamp="2026-09-01T12:00:00Z" changeset="1" uid="1" user="generator"/>
  <node id="1452" lat="52.0630520201" lon="-1.3433261371" version="1" timestamp="2026-09-01T12:00:00Z" changeset="1" uid="1" user="generator"/>
  <node id="1453" lat="52.0627978598" lon="-1.3430940987" version="1" timestamp="2026-09-01T12:00:00Z" changeset="1" uid="1" user="generator"/>
  <node id="1454" lat="52.0625381735" lon="-1.3428120838" version="1" timestamp="2026-09-01T12:00:00Z" changeset="1" uid="1" user="generator"/>
  <node id="1455" lat="52.0622729793" lon="-1.3424800776" version="1" timestamp="2026-09-01T12:00:00Z" changeset="1" uid="1" user="generator"/>
  <node id="1456" lat="52.0620022680" lon="-1.3420980801" version="1" timestamp="2026-09-01T12:00:00Z" changeset="1" uid="1" user="generator"/>
  <node id="1457" lat="52.0617992278" lon="-1.3418115711" version="1" timestamp="2026-09-01T12:00:00Z" changeset="1" uid="1" user="generator"/>
  <node id="1458" lat="52.0616638767" lon="-1.3416205797" version="1" timestamp="2026-09-01T12:00:00Z" changeset="1" uid="1" user="generator"/>
  <node id="1459" lat="52.0615961966" lon="-1.3415250766" version="1" timestamp="2026-09-01T12:00:00Z" changeset="1" uid="1" user="generator"/>
  <node id="1460" lat="52.0597084087" lon="-1.3506979191" version="1" timestamp="2026-09-01T12:00:00Z" changeset="1" uid="1" user="generator"/>
  <node id="1461" lat="52.0597474327" lon="-1.3502416594" version="1" timestamp="2026-09-01T12:00:00Z" changeset="1" uid="1" user="generator"/>
  <node id="1462" lat="52.0598059778" lon="-1.3495572699" version="1" timestamp="2026-09-01T12:00:00Z" changeset="1" uid="1" user="generator"/>
  <node id="1463" lat="52.0598840349" lon="-1.3486447506" version="1" timestamp="2026-09-01T12:00:00Z" changeset="1" uid="1" user="generator"/>
  <node id="1464" lat="52.0599475029" lon="-1.3476209330" version="1" timestamp="2026-09-01T12:00:00Z" changeset="1" uid="1" user="generator"/>
  <node id="1465" lat="52.0599964000" lon="-1.3464858466" version="1" timestamp="2026-09-01T12:00:00Z" changeset="1" uid="1" user="generator"/>
  <node id="1466" lat="52.0600307080" lon="-1.3452394473" version="1" timestamp="2026-09-01T12:00:00Z" changeset="1" uid="1" user="generator"/>
  <node id="1467" lat="52.0600504451" lon="-1.3438817790" version="1" timestamp="2026-09-01T12:00:00Z" changeset="1" uid="1" user="generator"/>
  <node id="1468" lat="52.0600652411" lon="-1.3428635096" version="1" timestamp="2026-09-01T12:00:00Z" changeset="1" uid="1" user="generator"/>
  <node id="1469" lat="52.0600751051" lon="-1.3421846682" version="1" timestamp="2026-09-01T12:00:00Z" changeset="1" uid="1" user="generator"/>
  <node id="1470" lat="52.0600800371" lon="-1.3418452548" version="1" timestamp="2026-09-01T12:00:00Z" changeset="1" uid="1" user="generator"/>
  <node id="1471" lat="52.0619005139" lon="-1.3433188177" version="1" timestamp="2026-09-01T12:00:00Z" changeset="1" uid="1" user="generator"/>
  <node id="1472" lat="52.0619204309" lon="-1.3433852629" version="1" timestamp="2026-09-01T12:00:00Z" changeset="1" uid="1" user="generator"/>
  <node id="1473" lat="52.0619602830" lon="-1.3435181532" version="1" timestamp="2026-09-01T12:00:00Z" changeset="1" uid="1" user="generator"/>
  <node id="1474" lat="52.0620200430" lon="-1.3437174887" version="1" timestamp="2026-09-01T12:00:00Z" changeset="1" uid="1" user="generator"/>
  <node id="1475" lat="52.0620997381" lon="-1.3439832547" version="1" timestamp="2026-09-01T12:00:00Z" changeset="1" uid="1" user="generator"/>
  <node id="1476" lat="52.0621691912" lon="-1.3442548029" version="1" timestamp="2026-09-01T12:00:00Z" changeset="1" uid="1" user="generator"/>
  <node id="1477" lat="52.0622284202" lon="-1.3445321482" version="1" timestamp="2026-09-01T12:00:00Z" changeset="1" uid="1" user="generator"/>
  <node id="1478" lat="52.0622774163" lon="-1.3448152610" version="1" timestamp="2026-09-01T12:00:00Z" changeset="1" uid="1" user="generator"/>
  <node id="1479" lat="52.0623161883" lon="-1.3451041416" version="1" timestamp="2026-09-01T12:00:00Z" changeset="1" uid="1" user="generator"/>
  <node id="1480" lat="52.0623452583" lon="-1.3453208239" version="1" timestamp="2026-09-01T12:00:00Z" changeset="1" uid="1" user="generator"/>
  <node id="1481" lat="52.0623646444" lon="-1.3454652642" version="1" timestamp="2026-09-01T12:00:00Z" changeset="1" uid="1" user="generator"/>
  <node id="1482" lat="52.0623743374" lon="-1.3455374916" version="1" timestamp="2026-09-01T12:00:00Z" changeset="1" uid="1" user="generator"/>
  <node id="1483" lat="52.0609972640" lon="-1.3446061908" version="1" timestamp="2026-09-01T12:00:00Z" changeset="1" uid="1" user="generator"/>
  <node id="1484" lat="52.0610189090" lon="-1.3447511727" version="1" timestamp="2026-09-01T12:00:00Z" changeset="1" uid="1" user="generator"/>
  <node id="1485" lat="52.0610621901" lon="-1.3450411219" version="1" timestamp="2026-09-01T12:00:00Z" changeset="1" uid="1" user="generator"/>
  <node id="1486" lat="52.0611271161" lon="-1.3454760383" version="1" timestamp="2026-09-01T12:00:00Z" changeset="1" uid="1" user="generator"/>
  <node id="1487" lat="52.0612136782" lon="-1.3460559366" version="1" timestamp="2026-09-01T12:00:00Z" changeset="1" uid="1" user="generator"/>
  <node id="1488" lat="52.0612785413" lon="-1.3466400509" version="1" timestamp="2026-09-01T12:00:00Z" changeset="1" uid="1" user="generator"/>
  <node id="1489" lat="52.0613217053" lon="-1.3472283811" version="1" timestamp="2026-09-01T12:00:00Z" changeset="1" uid="1" user="generator"/>
  <node id="1490" lat="52.0613431613" lon="-1.3478209126" version="1" timestamp="2026-09-01T12:00:00Z" changeset="1" uid="1" user="generator"/>
  <node id="1491" lat="52.0613429183" lon="-1.3484176601" version="1" timestamp="2026-09-01T12:00:00Z" changeset="1" uid="1" user="generator"/>
  <node id="1492" lat="52.0613427383" lon="-1.3488652244" version="1" timestamp="2026-09-01T12:00:00Z" changeset="1" uid="1" user="generator"/>
  <node id="1493" lat="52.0613426123" lon="-1.3491635908" version="1" timestamp="2026-09-01T12:00:00Z" changeset="1" uid="1" user="generator"/>
  <node id="1494" lat="52.0613425493" lon="-1.3493127886" version="1" timestamp="2026-09-01T12:00:00Z" changeset="1" uid="1" user="generator"/>
  <node id="1495" lat="52.0614864145" lon="-1.3405848316" version="1" timestamp="2026-09-01T12:00:00Z" changeset="1" uid="1" user="generator"/>
  <node id="1496" lat="52.0614813205" lon="-1.3405392905" version="1" timestamp="2026-09-01T12:00:00Z" changeset="1" uid="1" user="generator"/>
  <node id="1497" lat="52.0614711325" lon="-1.3404482084" version="1" timestamp="2026-09-01T12:00:00Z" changeset="1" uid="1" user="generator"/>
  <node id="1498" lat="52.0614558505" lon="-1.3403115852" version="1" timestamp="2026-09-01T12:00:00Z" changeset="1" uid="1" user="generator"/>
  <node id="1499" lat="52.0614354834" lon="-1.3401294209" version="1" timestamp="2026-09-01T12:00:00Z" changeset="1" uid="1" user="generator"/>
  <node id="1500" lat="52.0614218754" lon="-1.3399465979" version="1" timestamp="2026-09-01T12:00:00Z" changeset="1" uid="1" user="generator"/>
  <node id="1501" lat="52.0614150444" lon="-1.3397631016" version="1" timestamp="2026-09-01T12:00:00Z" changeset="1" uid="1" user="generator"/>
  <node id="1502" lat="52.0614149724" lon="-1.3395789318" version="1" timestamp="2026-09-01T12:00:00Z" changeset="1" uid="1" user="generator"/>
  <node id="1503" lat="52.0614216774" lon="-1.3393941033" version="1" timestamp="2026-09-01T12:00:00Z" changeset="1" uid="1" user="generator"/>
  <node id="1504" lat="52.0614267084" lon="-1.3392554893" version="1" timestamp="2026-09-01T12:00:00Z" changeset="1" uid="1" user="generator"/>
  <node id="1505" lat="52.0614300564" lon="-1.3391630750" version="1" timestamp="2026-09-01T12:00:00Z" changeset="1" uid="1" user="generator"/>
  <node id="1506" lat="52.0614317304" lon="-1.3391168606" version="1" timestamp="2026-09-01T12:00:00Z" changeset="1" uid="1" user="generator"/>
  <node id="1507" lat="52.0602538453" lon="-1.3407872265" version="1" timestamp="2026-09-01T12:00:00Z" changeset="1" uid="1" user="generator"/>
  <node id="1508" lat="52.0602373572" lon="-1.3407231675" version="1" timestamp="2026-09-01T12:00:00Z" changeset="1" uid="1" user="generator"/>
  <node id="1509" lat="52.0602043722" lon="-1.3405950494" version="1" timestamp="2026-09-01T12:00:00Z" changeset="1" uid="1" user="generator"/>
  <node id="1510" lat="52.0601548902" lon="-1.3404028723" version="1" timestamp="2026-09-01T12:00:00Z" changeset="1" uid="1" user="generator"/>
  <node id="1511" lat="52.0600889201" lon="-1.3401466507" version="1" timestamp="2026-09-01T12:00:00Z" changeset="1" uid="1" user="generator"/>
  <node id="1512" lat="52.0600327330" lon="-1.3398858765" version="1" timestamp="2026-09-01T12:00:00Z" changeset="1" uid="1" user="generator"/>
  <node id="1513" lat="52.0599863380" lon="-1.3396205936" version="1" timestamp="2026-09-01T12:00:00Z" changeset="1" uid="1" user="generator"/>
  <node id="1514" lat="52.0599497259" lon="-1.3393507727" version="1" timestamp="2026-09-01T12:00:00Z" changeset="1" uid="1" user="generator"/>
  <node id="1515" lat="52.0599228969" lon="-1.3390764284" version="1" timestamp="2026-09-01T12:00:00Z" changeset="1" uid="1" user="generator"/>
  <node id="1516" lat="52.0599027819" lon="-1.3388706666" version="1" timestamp="2026-09-01T12:00:00Z" changeset="1" uid="1" user="generator"/>
  <node id="1517" lat="52.0598893629" lon="-1.3387334871" version="1" timestamp="2026-09-01T12:00:00Z" changeset="1" uid="1" user="generator"/>
  <node id="1518" lat="52.0598826579" lon="-1.3386649047" version="1" timestamp="2026-09-01T12:00:00Z" changeset="1" uid="1" user="generator"/>
  <node id="1519" lat="52.0624148014" lon="-1.3411851948" version="1" timestamp="2026-09-01T12:00:00Z" changeset="1" uid="1" user="generator"/>
  <node id="1520" lat="52.0623746344" lon="-1.3413601714" version="1" timestamp="2026-09-01T12:00:00Z" changeset="1" uid="1" user="generator"/>
  <node id="1521" lat="52.0622942913" lon="-1.3417101101" version="1" timestamp="2026-09-01T12:00:00Z" changeset="1" uid="1" user="generator"/>
  <node id="1522" lat="52.0621737722" lon="-1.3422350254" version="1" timestamp="2026-09-01T12:00:00Z" changeset="1" uid="1" user="generator"/>
  <node id="1523" lat="52.0620130950" lon="-1.3429349173" version="1" timestamp="2026-09-01T12:00:00Z" changeset="1" uid="1" user="generator"/>
  <node id="1524" lat="52.0618450558" lon="-1.3435079354" version="1" timestamp="2026-09-01T12:00:00Z" changeset="1" uid="1" user="generator"/>
  <node id="1525" lat="52.0616696637" lon="-1.3439540943" version="1" timestamp="2026-09-01T12:00:00Z" changeset="1" uid="1" user="generator"/>
  <node id="1526" lat="52.0614869185" lon="-1.3442733648" version="1" timestamp="2026-09-01T12:00:00Z" changeset="1" uid="1" user="generator"/>
  <node id="1527" lat="52.0612968293" lon="-1.3444657616" version="1" timestamp="2026-09-01T12:00:00Z" changeset="1" uid="1" user="generator"/>
  <node id="1528" lat="52.0611028881" lon="-1.3445833544" version="1" timestamp="2026-09-01T12:00:00Z" changeset="1" uid="1" user="generator"/>
  <node id="1529" lat="52.0609051039" lon="-1.3446261288" version="1" timestamp="2026-09-01T12:00:00Z" changeset="1" uid="1" user="generator"/>
  <node id="1530" lat="52.0607034767" lon="-1.3445940992" version="1" timestamp="2026-09-01T12:00:00Z" changeset="1" uid="1" user="generator"/>
  <node id="1531" lat="52.0604980065" lon="-1.3444872658" version="1" timestamp="2026-09-01T12:00:00Z" changeset="1" uid="1" user="generator"/>
  <node id="1532" lat="52.0602881173" lon="-1.3442761169" version="1" timestamp="2026-09-01T12:00:00Z" changeset="1" uid="1" user="generator"/>
  <node id="1533" lat="52.0600738091" lon="-1.3439606671" version="1" timestamp="2026-09-01T12:00:00Z" changeset="1" uid="1" user="generator"/>
  <node id="1534" lat="52.0598550819" lon="-1.3435409018" version="1" timestamp="2026-09-01T12:00:00Z" changeset="1" uid="1" user="generator"/>
  <node id="1535" lat="52.0596319446" lon="-1.3430168356" version="1" timestamp="2026-09-01T12:00:00Z" changeset="1" uid="1" user="generator"/>
  <node id="1536" lat="52.0594645805" lon="-1.3426237859" version="1" timestamp="2026-09-01T12:00:00Z" changeset="1" uid="1" user="generator"/>
  <node id="1537" lat="52.0593530074" lon="-1.3423617528" version="1" timestamp="2026-09-01T12:00:00Z" changeset="1" uid="1" user="generator"/>
  <node id="1538" lat="52.0592972253" lon="-1.3422307362" version="1" timestamp="2026-09-01T12:00:00Z" changeset="1" uid="1" user="generator"/>
  <node id="1539" lat="52.0623634474" lon="-1.3411463729" version="1" timestamp="2026-09-01T12:00:00Z" changeset="1" uid="1" user="generator"/>
  <node id="1540" lat="52.0622607303" lon="-1.3410687145" version="1" timestamp="2026-09-01T12:00:00Z" changeset="1" uid="1" user="generator"/>
  <node id="1541" lat="52.0621066591" lon="-1.3409522342" version="1" timestamp="2026-09-01T12:00:00Z" changeset="1" uid="1" user="generator"/>
  <node id="1542" lat="52.0619012339" lon="-1.3407969320" version="1" timestamp="2026-09-01T12:00:00Z" changeset="1" uid="1" user="generator"/>
  <node id="1543" lat="52.0616968437" lon="-1.3406750939" version="1" timestamp="2026-09-01T12:00:00Z" changeset="1" uid="1" user="generator"/>
  <node id="1544" lat="52.0614934885" lon="-1.3405867492" version="1" timestamp="2026-09-01T12:00:00Z" changeset="1" uid="1" user="generator"/>
  <node id="1545" lat="52.0612911683" lon="-1.3405318687" version="1" timestamp="2026-09-01T12:00:00Z" changeset="1" uid="1" user="generator"/>
  <node id="1546" lat="52.0610898831" lon="-1.3405104669" version="1" timestamp="2026-09-01T12:00:00Z" changeset="1" uid="1" user="generator"/>
  <node id="1547" lat="52.0608903529" lon="-1.3405211531" version="1" timestamp="2026-09-01T12:00:00Z" changeset="1" uid="1" user="generator"/>
  <node id="1548" lat="52.0606925687" lon="-1.3405639421" version="1" timestamp="2026-09-01T12:00:00Z" changeset="1" uid="1" user="generator"/>
  <node id="1549" lat="52.0604965395" lon="-1.3406388045" version="1" timestamp="2026-09-01T12:00:00Z" changeset="1" uid="1" user="generator"/>
  <node id="1550" lat="52.0603022563" lon="-1.3407457697" version="1" timestamp="2026-09-01T12:00:00Z" changeset="1" uid="1" user="generator"/>
  <node id="1551" lat="52.0601119421" lon="-1.3409087718" version="1" timestamp="2026-09-01T12:00:00Z" changeset="1" uid="1" user="generator"/>
  <node id="1552" lat="52.0599255969" lon="-1.3411278257" version="1" timestamp="2026-09-01T12:00:00Z" changeset="1" uid="1" user="generator"/>
  <node id="1553" lat="52.0597432297" lon="-1.3414029019" version="1" timestamp="2026-09-01T12:00:00Z" changeset="1" uid="1" user="generator"/>
  <node id="1554" lat="52.0595648226" lon="-1.3417340444" version="1" timestamp="2026-09-01T12:00:00Z" changeset="1" uid="1" user="generator"/>
  <node id="1555" lat="52.0594310194" lon="-1.3419823903" version="1" timestamp="2026-09-01T12:00:00Z" changeset="1" uid="1" user="generator"/>
  <node id="1556" lat="52.0593418203" lon="-1.3421479542" version="1" timestamp="2026-09-01T12:00:00Z" changeset="1" uid="1" user="generator"/>
  <node id="1557" lat="52.0616137826" lon="-1.3493047666" version="1" timestamp="2026-09-01T12:00:00Z" changeset="1" uid="1" user="generator"/>
  <node id="1558" lat="52.0616536167" lon="-1.3492260981" version="1" timestamp="2026-09-01T12:00:00Z" changeset="1" uid="1" user="generator"/>
  <node id="1559" lat="52.0617845128" lon="-1.3486213579" version="1" timestamp="2026-09-01T12:00:00Z" changeset="1" uid="1" user="generator"/>
  <node id="1560" lat="52.0620064800" lon="-1.3474905606" version="1" timestamp="2026-09-01T12:00:00Z" changeset="1" uid="1" user="generator"/>
  <node id="1561" lat="52.0623195003" lon="-1.3458336915" version="1" timestamp="2026-09-01T12:00:00Z" changeset="1" uid="1" user="generator"/>
  <node id="1562" lat="52.0627235917" lon="-1.3436507654" version="1" timestamp="2026-09-01T12:00:00Z" changeset="1" uid="1" user="generator"/>
  <node id="1563" lat="52.0629997570" lon="-1.3419788038" version="1" timestamp="2026-09-01T12:00:00Z" changeset="1" uid="1" user="generator"/>
  <node id="1564" lat="52.0631479781" lon="-1.3408177775" version="1" timestamp="2026-09-01T12:00:00Z" changeset="1" uid="1" user="generator"/>
  <node id="1565" lat="52.0631682822" lon="-1.3401677158" version="1" timestamp="2026-09-01T12:00:00Z" changeset="1" uid="1" user="generator"/>
  <node id="1566" lat="52.0630606421" lon="-1.3400286041" version="1" timestamp="2026-09-01T12:00:00Z" changeset="1" uid="1" user="generator"/>
  <node id="1567" lat="52.0629390159" lon="-1.3398937375" version="1" timestamp="2026-09-01T12:00:00Z" changeset="1" uid="1" user="generator"/>
  <node id="1568" lat="52.0628033948" lon="-1.3397631162" version="1" timestamp="2026-09-01T12:00:00Z" changeset="1" uid="1" user="generator"/>
  <node id="1569" lat="52.0626537877" lon="-1.3396367255" version="1" timestamp="2026-09-01T12:00:00Z" changeset="1" uid="1" user="generator"/>
  <node id="1570" lat="52.0624901765" lon="-1.3395145654" version="1" timestamp="2026-09-01T12:00:00Z" changeset="1" uid="1" user="generator"/>
  <node id="1571" lat="52.0621410481" lon="-1.3393592046" version="1" timestamp="2026-09-01T12:00:00Z" changeset="1" uid="1" user="generator"/>
  <node id="1572" lat="52.0616063846" lon="-1.3391706432" version="1" timestamp="2026-09-01T12:00:00Z" changeset="1" uid="1" user="generator"/>
  <node id="1573" lat="52.0608861859" lon="-1.3389488812" version="1" timestamp="2026-09-01T12:00:00Z" changeset="1" uid="1" user="generator"/>
  <node id="1574" lat="52.0599804700" lon="-1.3386939040" version="1" timestamp="2026-09-01T12:00:00Z" changeset="1" uid="1" user="generator"/>
  <node id="1575" lat="52.0592276372" lon="-1.3384707074" version="1" timestamp="2026-09-01T12:00:00Z" changeset="1" uid="1" user="generator"/>
  <node id="1576" lat="52.0586276876" lon="-1.3382793208" version="1" timestamp="2026-09-01T12:00:00Z" changeset="1" uid="1" user="generator"/>
  <node id="1577" lat="52.0581806302" lon="-1.3381197001" version="1" timestamp="2026-09-01T12:00:00Z" changeset="1" uid="1" user="generator"/>
  <node id="1578" lat="52.0578864649" lon="-1.3379918895" version="1" timestamp="2026-09-01T12:00:00Z" changeset="1" uid="1" user="generator"/>
  <node id="1579" lat="52.0576591697" lon="-1.3379071605" version="1" timestamp="2026-09-01T12:00:00Z" changeset="1" uid="1" user="generator"/>
  <node id="1580" lat="52.0574987535" lon="-1.3378655134" version="1" timestamp="2026-09-01T12:00:00Z" changeset="1" uid="1" user="generator"/>
  <node id="1581" lat="52.0574052074" lon="-1.3378669626" version="1" timestamp="2026-09-01T12:00:00Z" changeset="1" uid="1" user="generator"/>
  <node id="1582" lat="52.0573785404" lon="-1.3379114936" version="1" timestamp="2026-09-01T12:00:00Z" changeset="1" uid="1" user="generator"/>
  <node id="1583" lat="52.0573595324" lon="-1.3379561124" version="1" timestamp="2026-09-01T12:00:00Z" changeset="1" uid="1" user="generator"/>
  <node id="1584" lat="52.0573481833" lon="-1.3380008337" version="1" timestamp="2026-09-01T12:00:00Z" changeset="1" uid="1" user="generator"/>
  <node id="1585" lat="52.0573444933" lon="-1.3380456575" version="1" timestamp="2026-09-01T12:00:00Z" changeset="1" uid="1" user="generator"/>
  <node id="1586" lat="52.0573484623" lon="-1.3380905691" version="1" timestamp="2026-09-01T12:00:00Z" changeset="1" uid="1" user="generator"/>
  <node id="1587" lat="52.0574285534" lon="-1.3383949667" version="1" timestamp="2026-09-01T12:00:00Z" changeset="1" uid="1" user="generator"/>
  <node id="1588" lat="52.0575847666" lon="-1.3389588502" version="1" timestamp="2026-09-01T12:00:00Z" changeset="1" uid="1" user="generator"/>
  <node id="1589" lat="52.0578170928" lon="-1.3397822197" version="1" timestamp="2026-09-01T12:00:00Z" changeset="1" uid="1" user="generator"/>
  <node id="1590" lat="52.0581255411" lon="-1.3408650899" version="1" timestamp="2026-09-01T12:00:00Z" changeset="1" uid="1" user="generator"/>
  <node id="1591" lat="52.0584102654" lon="-1.3420598731" version="1" timestamp="2026-09-01T12:00:00Z" changeset="1" uid="1" user="generator"/>
  <node id="1592" lat="52.0586712747" lon="-1.3433665692" version="1" timestamp="2026-09-01T12:00:00Z" changeset="1" uid="1" user="generator"/>
  <node id="1593" lat="52.0589085599" lon="-1.3447851931" version="1" timestamp="2026-09-01T12:00:00Z" changeset="1" uid="1" user="generator"/>
  <node id="1594" lat="52.0591221301" lon="-1.3463157446" version="1" timestamp="2026-09-01T12:00:00Z" changeset="1" uid="1" user="generator"/>
  <node id="1595" lat="52.0592888823" lon="-1.3474778103" version="1" timestamp="2026-09-01T12:00:00Z" changeset="1" uid="1" user="generator"/>
  <node id="1596" lat="52.0594088254" lon="-1.3482714193" version="1" timestamp="2026-09-01T12:00:00Z" changeset="1" uid="1" user="generator"/>
  <node id="1597" lat="52.0594819505" lon="-1.3486965570" version="1" timestamp="2026-09-01T12:00:00Z" changeset="1" uid="1" user="generator"/>
  <node id="1598" lat="52.0595082665" lon="-1.3487532089" version="1" timestamp="2026-09-01T12:00:00Z" changeset="1" uid="1" user="generator"/>
  <node id="1599" lat="52.0596533917" lon="-1.3488322433" version="1" timestamp="2026-09-01T12:00:00Z" changeset="1" uid="1" user="generator"/>
  <node id="1600" lat="52.0599173349" lon="-1.3489336457" version="1" timestamp="2026-09-01T12:00:00Z" changeset="1" uid="1" user="generator"/>
  <node id="1601" lat="52.0603000963" lon="-1.3490574161" version="1" timestamp="2026-09-01T12:00:00Z" changeset="1" uid="1" user="generator"/>
  <node id="1602" lat="52.0608016758" lon="-1.3492035691" version="1" timestamp="2026-09-01T12:00:00Z" changeset="1" uid="1" user="generator"/>
  <node id="1603" lat="52.0611878122" lon="-1.3492934948" version="1" timestamp="2026-09-01T12:00:00Z" changeset="1" uid="1" user="generator"/>
  <node id="1604" lat="52.0614585145" lon="-1.3493272370" version="1" timestamp="2026-09-01T12:00:00Z" changeset="1" uid="1" user="generator"/>
  <node id="1605" lat="52.0642268092" lon="-1.3392804190" version="1" timestamp="2026-09-01T12:00:00Z" changeset="1" uid="1" user="generator"/>
  <node id="1606" lat="52.0641717562" lon="-1.3393495870" version="1" timestamp="2026-09-01T12:00:00Z" changeset="1" uid="1" user="generator"/>
  <node id="1607" lat="52.0640891901" lon="-1.3394533316" version="1" timestamp="2026-09-01T12:00:00Z" changeset="1" uid="1" user="generator"/>
  <node id="1608" lat="52.0639790930" lon="-1.3395916675" version="1" timestamp="2026-09-01T12:00:00Z" changeset="1" uid="1" user="generator"/>
  <node id="1609" lat="52.0638414648" lon="-1.3397645801" version="1" timestamp="2026-09-01T12:00:00Z" changeset="1" uid="1" user="generator"/>
  <node id="1610" lat="52.0636763237" lon="-1.3399720693" version="1" timestamp="2026-09-01T12:00:00Z" changeset="1" uid="1" user="generator"/>
  <node id="1611" lat="52.0634836515" lon="-1.3402141499" version="1" timestamp="2026-09-01T12:00:00Z" changeset="1" uid="1" user="generator"/>
  <node id="1612" lat="52.0632634573" lon="-1.3404908217" version="1" timestamp="2026-09-01T12:00:00Z" changeset="1" uid="1" user="generator"/>
  <node id="1613" lat="52.0630232560" lon="-1.3407387577" version="1" timestamp="2026-09-01T12:00:00Z" changeset="1" uid="1" user="generator"/>
  <node id="1614" lat="52.0627630658" lon="-1.3409579872" version="1" timestamp="2026-09-01T12:00:00Z" changeset="1" uid="1" user="generator"/>
  <node id="1615" lat="52.0624828685" lon="-1.3411485102" version="1" timestamp="2026-09-01T12:00:00Z" changeset="1" uid="1" user="generator"/>
  <node id="1616" lat="52.0621826732" lon="-1.3413103120" version="1" timestamp="2026-09-01T12:00:00Z" changeset="1" uid="1" user="generator"/>
  <node id="1617" lat="52.0618624709" lon="-1.3414433926" version="1" timestamp="2026-09-01T12:00:00Z" changeset="1" uid="1" user="generator"/>
  <node id="1618" lat="52.0615222795" lon="-1.3415477520" version="1" timestamp="2026-09-01T12:00:00Z" changeset="1" uid="1" user="generator"/>
  <node id="1619" lat="52.0611620812" lon="-1.3416234049" version="1" timestamp="2026-09-01T12:00:00Z" changeset="1" uid="1" user="generator"/>
  <node id="1620" lat="52.0607818848" lon="-1.3416703367" version="1" timestamp="2026-09-01T12:00:00Z" changeset="1" uid="1" user="generator"/>
  <node id="1621" lat="52.0604212274" lon="-1.3417442769" version="1" timestamp="2026-09-01T12:00:00Z" changeset="1" uid="1" user="generator"/>
  <node id="1622" lat="52.0600801181" lon="-1.3418452255" version="1" timestamp="2026-09-01T12:00:00Z" changeset="1" uid="1" user="generator"/>
  <node id="1623" lat="52.0597585388" lon="-1.3419731825" version="1" timestamp="2026-09-01T12:00:00Z" changeset="1" uid="1" user="generator"/>
  <node id="1624" lat="52.0594565075" lon="-1.3421281334" version="1" timestamp="2026-09-01T12:00:00Z" changeset="1" uid="1" user="generator"/>
  <node id="1625" lat="52.0591740062" lon="-1.3423100927" version="1" timestamp="2026-09-01T12:00:00Z" changeset="1" uid="1" user="generator"/>
  <node id="1626" lat="52.0589110529" lon="-1.3425190605" version="1" timestamp="2026-09-01T12:00:00Z" changeset="1" uid="1" user="generator"/>
  <node id="1627" lat="52.0586676387" lon="-1.3427550367" version="1" timestamp="2026-09-01T12:00:00Z" changeset="1" uid="1" user="generator"/>
  <node id="1628" lat="52.0584437544" lon="-1.3430180213" version="1" timestamp="2026-09-01T12:00:00Z" changeset="1" uid="1" user="generator"/>
  <node id="1629" lat="52.0582478692" lon="-1.3432481274" version="1" timestamp="2026-09-01T12:00:00Z" changeset="1" uid="1" user="generator"/>
  <node id="1630" lat="52.0580799561" lon="-1.3434453548" version="1" timestamp="2026-09-01T12:00:00Z" changeset="1" uid="1" user="generator"/>
  <node id="1631" lat="52.0579400329" lon="-1.3436097184" version="1" timestamp="2026-09-01T12:00:00Z" changeset="1" uid="1" user="generator"/>
  <node id="1632" lat="52.0578280998" lon="-1.3437412180" version="1" timestamp="2026-09-01T12:00:00Z" changeset="1" uid="1" user="generator"/>
  <node id="1633" lat="52.0577441477" lon="-1.3438398245" version="1" timestamp="2026-09-01T12:00:00Z" changeset="1" uid="1" user="generator"/>
  <node id="1634" lat="52.0576881767" lon="-1.3439055816" version="1" timestamp="2026-09-01T12:00:00Z" changeset="1" uid="1" user="generator"/>
  <node id="1635" lat="52.0988370368" lon="-1.3582691244" version="1" timestamp="2026-09-01T12:00:00Z" changeset="1" uid="1" user="generator"/>
  <node id="1636" lat="52.0988100368" lon="-1.3449625266" version="1" timestamp="2026-09-01T12:00:00Z" changeset="1" uid="1" user="generator"/>
  <node id="1637" lat="52.0985310365" lon="-1.3450942751" version="1" timestamp="2026-09-01T12:00:00Z" changeset="1" uid="1" user="generator"/>
  <node id="1638" lat="52.0954350334" lon="-1.3515353125" version="1" timestamp="2026-09-01T12:00:00Z" changeset="1" uid="1" user="generator"/>
  <node id="1639" lat="52.0968930349" lon="-1.3554584899" version="1" timestamp="2026-09-01T12:00:00Z" changeset="1" uid="1" user="generator"/>
  <node id="1640" lat="52.0969470349" lon="-1.3558683741" version="1" timestamp="2026-09-01T12:00:00Z" changeset="1" uid="1" user="generator"/>
  <node id="1641" lat="52.0976490356" lon="-1.3579177951" version="1" timestamp="2026-09-01T12:00:00Z" changeset="1" uid="1" user="generator"/>
  <node id="1642" lat="52.0988370368" lon="-1.3250685041" version="1" timestamp="2026-09-01T12:00:00Z" changeset="1" uid="1" user="generator"/>
  <node id="1643" lat="52.0988370368" lon="-1.3147628442" version="1" timestamp="2026-09-01T12:00:00Z" changeset="1" uid="1" user="generator"/>
  <node id="1644" lat="52.0987560368" lon="-1.3147482055" version="1" timestamp="2026-09-01T12:00:00Z" changeset="1" uid="1" user="generator"/>
  <node id="1645" lat="52.0972710353" lon="-1.3152312833" version="1" timestamp="2026-09-01T12:00:00Z" changeset="1" uid="1" user="generator"/>
  <node id="1646" lat="52.0953450333" lon="-1.3210574944" version="1" timestamp="2026-09-01T12:00:00Z" changeset="1" uid="1" user="generator"/>
  <node id="1647" lat="52.0965960346" lon="-1.3249953105" version="1" timestamp="2026-09-01T12:00:00Z" changeset="1" uid="1" user="generator"/>
  <node id="1648" lat="52.0988370368" lon="-1.3999016482" version="1" timestamp="2026-09-01T12:00:00Z" changeset="1" uid="1" user="generator"/>
  <node id="1649" lat="52.0988280368" lon="-1.3957881675" version="1" timestamp="2026-09-01T12:00:00Z" changeset="1" uid="1" user="generator"/>
  <node id="1650" lat="52.0955160335" lon="-1.3958174449" version="1" timestamp="2026-09-01T12:00:00Z" changeset="1" uid="1" user="generator"/>
  <node id="1651" lat="52.0943190323" lon="-1.3990233249" version="1" timestamp="2026-09-01T12:00:00Z" changeset="1" uid="1" user="generator"/>
  <node id="1652" lat="52.0942650323" lon="-1.3997552610" version="1" timestamp="2026-09-01T12:00:00Z" changeset="1" uid="1" user="generator"/>
  <node id="1653" lat="52.0942740323" lon="-1.3999162870" version="1" timestamp="2026-09-01T12:00:00Z" changeset="1" uid="1" user="generator"/>
  <node id="1654" lat="52.0954170334" lon="-1.3958613611" version="1" timestamp="2026-09-01T12:00:00Z" changeset="1" uid="1" user="generator"/>
  <node id="1655" lat="52.0948770329" lon="-1.3938412175" version="1" timestamp="2026-09-01T12:00:00Z" changeset="1" uid="1" user="generator"/>
  <node id="1656" lat="52.0946970327" lon="-1.3927286747" version="1" timestamp="2026-09-01T12:00:00Z" changeset="1" uid="1" user="generator"/>
  <node id="1657" lat="52.0937880318" lon="-1.3929189781" version="1" timestamp="2026-09-01T12:00:00Z" changeset="1" uid="1" user="generator"/>
  <node id="1658" lat="52.0928790309" lon="-1.3975887302" version="1" timestamp="2026-09-01T12:00:00Z" changeset="1" uid="1" user="generator"/>
  <node id="1659" lat="52.0942560323" lon="-1.3990086862" version="1" timestamp="2026-09-01T12:00:00Z" changeset="1" uid="1" user="generator"/>
  <node id="1660" lat="52.0988370368" lon="-1.3956564190" version="1" timestamp="2026-09-01T12:00:00Z" changeset="1" uid="1" user="generator"/>
  <node id="1661" lat="52.0988370368" lon="-1.3882785034" version="1" timestamp="2026-09-01T12:00:00Z" changeset="1" uid="1" user="generator"/>
  <node id="1662" lat="52.0957860338" lon="-1.3880003677" version="1" timestamp="2026-09-01T12:00:00Z" changeset="1" uid="1" user="generator"/>
  <node id="1663" lat="52.0949310329" lon="-1.3903279244" version="1" timestamp="2026-09-01T12:00:00Z" changeset="1" uid="1" user="generator"/>
  <node id="1664" lat="52.0948590329" lon="-1.3909134733" version="1" timestamp="2026-09-01T12:00:00Z" changeset="1" uid="1" user="generator"/>
  <node id="1665" lat="52.0948590329" lon="-1.3923480680" version="1" timestamp="2026-09-01T12:00:00Z" changeset="1" uid="1" user="generator"/>
  <node id="1666" lat="52.0949490329" lon="-1.3930214491" version="1" timestamp="2026-09-01T12:00:00Z" changeset="1" uid="1" user="generator"/>
  <node id="1667" lat="52.0955790336" lon="-1.3956856965" version="1" timestamp="2026-09-01T12:00:00Z" changeset="1" uid="1" user="generator"/>
  <node id="1668" lat="52.0988370368" lon="-1.3881321162" version="1" timestamp="2026-09-01T12:00:00Z" changeset="1" uid="1" user="generator"/>
  <node id="1669" lat="52.0988370368" lon="-1.3796416577" version="1" timestamp="2026-09-01T12:00:00Z" changeset="1" uid="1" user="generator"/>
  <node id="1670" lat="52.0958940339" lon="-1.3785144762" version="1" timestamp="2026-09-01T12:00:00Z" changeset="1" uid="1" user="generator"/>
  <node id="1671" lat="52.0950210330" lon="-1.3806078133" version="1" timestamp="2026-09-01T12:00:00Z" changeset="1" uid="1" user="generator"/>
  <node id="1672" lat="52.0945710326" lon="-1.3822473501" version="1" timestamp="2026-09-01T12:00:00Z" changeset="1" uid="1" user="generator"/>
  <node id="1673" lat="52.0946070326" lon="-1.3842089388" version="1" timestamp="2026-09-01T12:00:00Z" changeset="1" uid="1" user="generator"/>
  <node id="1674" lat="52.0950660331" lon="-1.3842528550" version="1" timestamp="2026-09-01T12:00:00Z" changeset="1" uid="1" user="generator"/>
  <node id="1675" lat="52.0953270333" lon="-1.3848237651" version="1" timestamp="2026-09-01T12:00:00Z" changeset="1" uid="1" user="generator"/>
  <node id="1676" lat="52.0951110331" lon="-1.3859363080" version="1" timestamp="2026-09-01T12:00:00Z" changeset="1" uid="1" user="generator"/>
  <node id="1677" lat="52.0957860338" lon="-1.3878832579" version="1" timestamp="2026-09-01T12:00:00Z" changeset="1" uid="1" user="generator"/>
  <node id="1678" lat="52.0944090324" lon="-1.3836233900" version="1" timestamp="2026-09-01T12:00:00Z" changeset="1" uid="1" user="generator"/>
  <node id="1679" lat="52.0942740323" lon="-1.3819692144" version="1" timestamp="2026-09-01T12:00:00Z" changeset="1" uid="1" user="generator"/>
  <node id="1680" lat="52.0904310284" lon="-1.3815446915" version="1" timestamp="2026-09-01T12:00:00Z" changeset="1" uid="1" user="generator"/>
  <node id="1681" lat="52.0907820288" lon="-1.3846041843" version="1" timestamp="2026-09-01T12:00:00Z" changeset="1" uid="1" user="generator"/>
  <node id="1682" lat="52.0915560296" lon="-1.3840771903" version="1" timestamp="2026-09-01T12:00:00Z" changeset="1" uid="1" user="generator"/>
  <node id="1683" lat="52.0942920323" lon="-1.3842235775" version="1" timestamp="2026-09-01T12:00:00Z" changeset="1" uid="1" user="generator"/>
  <node id="1684" lat="52.0954530335" lon="-1.3780021209" version="1" timestamp="2026-09-01T12:00:00Z" changeset="1" uid="1" user="generator"/>
  <node id="1685" lat="52.0953450333" lon="-1.3759234225" version="1" timestamp="2026-09-01T12:00:00Z" changeset="1" uid="1" user="generator"/>
  <node id="1686" lat="52.0945800326" lon="-1.3717513869" version="1" timestamp="2026-09-01T12:00:00Z" changeset="1" uid="1" user="generator"/>
  <node id="1687" lat="52.0887030267" lon="-1.3722930196" version="1" timestamp="2026-09-01T12:00:00Z" changeset="1" uid="1" user="generator"/>
  <node id="1688" lat="52.0888020268" lon="-1.3802418453" version="1" timestamp="2026-09-01T12:00:00Z" changeset="1" uid="1" user="generator"/>
  <node id="1689" lat="52.0904220284" lon="-1.3814129430" version="1" timestamp="2026-09-01T12:00:00Z" changeset="1" uid="1" user="generator"/>
  <node id="1690" lat="52.0943100323" lon="-1.3818521047" version="1" timestamp="2026-09-01T12:00:00Z" changeset="1" uid="1" user="generator"/>
  <node id="1691" lat="52.0952190332" lon="-1.3797002126" version="1" timestamp="2026-09-01T12:00:00Z" changeset="1" uid="1" user="generator"/>
  <node id="1692" lat="52.0954350334" lon="-1.3786169472" version="1" timestamp="2026-09-01T12:00:00Z" changeset="1" uid="1" user="generator"/>
  <node id="1693" lat="52.0988370368" lon="-1.3794952705" version="1" timestamp="2026-09-01T12:00:00Z" changeset="1" uid="1" user="generator"/>
  <node id="1694" lat="52.0988370368" lon="-1.3693359978" version="1" timestamp="2026-09-01T12:00:00Z" changeset="1" uid="1" user="generator"/>
  <node id="1695" lat="52.0951740332" lon="-1.3705217343" version="1" timestamp="2026-09-01T12:00:00Z" changeset="1" uid="1" user="generator"/>
  <node id="1696" lat="52.0947690328" lon="-1.3716196384" version="1" timestamp="2026-09-01T12:00:00Z" changeset="1" uid="1" user="generator"/>
  <node id="1697" lat="52.0955430335" lon="-1.3758355901" version="1" timestamp="2026-09-01T12:00:00Z" changeset="1" uid="1" user="generator"/>
  <node id="1698" lat="52.0955970336" lon="-1.3766846360" version="1" timestamp="2026-09-01T12:00:00Z" changeset="1" uid="1" user="generator"/>
  <node id="1699" lat="52.0959030339" lon="-1.3783827277" version="1" timestamp="2026-09-01T12:00:00Z" changeset="1" uid="1" user="generator"/>
  <node id="1700" lat="52.0948950329" lon="-1.3705070955" version="1" timestamp="2026-09-01T12:00:00Z" changeset="1" uid="1" user="generator"/>
  <node id="1701" lat="52.0947510328" lon="-1.3675500738" version="1" timestamp="2026-09-01T12:00:00Z" changeset="1" uid="1" user="generator"/>
  <node id="1702" lat="52.0944810325" lon="-1.3651786009" version="1" timestamp="2026-09-01T12:00:00Z" changeset="1" uid="1" user="generator"/>
  <node id="1703" lat="52.0944990325" lon="-1.3644466648" version="1" timestamp="2026-09-01T12:00:00Z" changeset="1" uid="1" user="generator"/>
  <node id="1704" lat="52.0941840322" lon="-1.3619727209" version="1" timestamp="2026-09-01T12:00:00Z" changeset="1" uid="1" user="generator"/>
  <node id="1705" lat="52.0909440289" lon="-1.3600989646" version="1" timestamp="2026-09-01T12:00:00Z" changeset="1" uid="1" user="generator"/>
  <node id="1706" lat="52.0871910252" lon="-1.3650907686" version="1" timestamp="2026-09-01T12:00:00Z" changeset="1" uid="1" user="generator"/>
  <node id="1707" lat="52.0879470259" lon="-1.3710926444" version="1" timestamp="2026-09-01T12:00:00Z" changeset="1" uid="1" user="generator"/>
  <node id="1708" lat="52.0884060264" lon="-1.3716342771" version="1" timestamp="2026-09-01T12:00:00Z" changeset="1" uid="1" user="generator"/>
  <node id="1709" lat="52.0900260280" lon="-1.3718392192" version="1" timestamp="2026-09-01T12:00:00Z" changeset="1" uid="1" user="generator"/>
  <node id="1710" lat="52.0945080325" lon="-1.3714293350" version="1" timestamp="2026-09-01T12:00:00Z" changeset="1" uid="1" user="generator"/>
  <node id="1711" lat="52.0946160326" lon="-1.3714000575" version="1" timestamp="2026-09-01T12:00:00Z" changeset="1" uid="1" user="generator"/>
  <node id="1712" lat="52.0948590329" lon="-1.3708877023" version="1" timestamp="2026-09-01T12:00:00Z" changeset="1" uid="1" user="generator"/>
  <node id="1713" lat="52.0988370368" lon="-1.3691896106" version="1" timestamp="2026-09-01T12:00:00Z" changeset="1" uid="1" user="generator"/>
  <node id="1714" lat="52.0988370368" lon="-1.3584155116" version="1" timestamp="2026-09-01T12:00:00Z" changeset="1" uid="1" user="generator"/>
  <node id="1715" lat="52.0976580357" lon="-1.3581080985" version="1" timestamp="2026-09-01T12:00:00Z" changeset="1" uid="1" user="generator"/>
  <node id="1716" lat="52.0955880336" lon="-1.3606259585" version="1" timestamp="2026-09-01T12:00:00Z" changeset="1" uid="1" user="generator"/>
  <node id="1717" lat="52.0950390330" lon="-1.3618116950" version="1" timestamp="2026-09-01T12:00:00Z" changeset="1" uid="1" user="generator"/>
  <node id="1718" lat="52.0947330327" lon="-1.3633633995" version="1" timestamp="2026-09-01T12:00:00Z" changeset="1" uid="1" user="generator"/>
  <node id="1719" lat="52.0946970327" lon="-1.3652664332" version="1" timestamp="2026-09-01T12:00:00Z" changeset="1" uid="1" user="generator"/>
  <node id="1720" lat="52.0951470331" lon="-1.3700386564" version="1" timestamp="2026-09-01T12:00:00Z" changeset="1" uid="1" user="generator"/>
  <node id="1721" lat="52.0952100332" lon="-1.3704046245" version="1" timestamp="2026-09-01T12:00:00Z" changeset="1" uid="1" user="generator"/>
  <node id="1722" lat="52.0969110349" lon="-1.3571858590" version="1" timestamp="2026-09-01T12:00:00Z" changeset="1" uid="1" user="generator"/>
  <node id="1723" lat="52.0967130347" lon="-1.3555755996" version="1" timestamp="2026-09-01T12:00:00Z" changeset="1" uid="1" user="generator"/>
  <node id="1724" lat="52.0961910342" lon="-1.3540824500" version="1" timestamp="2026-09-01T12:00:00Z" changeset="1" uid="1" user="generator"/>
  <node id="1725" lat="52.0955340335" lon="-1.3526917715" version="1" timestamp="2026-09-01T12:00:00Z" changeset="1" uid="1" user="generator"/>
  <node id="1726" lat="52.0950480330" lon="-1.3519891129" version="1" timestamp="2026-09-01T12:00:00Z" changeset="1" uid="1" user="generator"/>
  <node id="1727" lat="52.0945080325" lon="-1.3515499512" version="1" timestamp="2026-09-01T12:00:00Z" changeset="1" uid="1" user="generator"/>
  <node id="1728" lat="52.0939140319" lon="-1.3514621189" version="1" timestamp="2026-09-01T12:00:00Z" changeset="1" uid="1" user="generator"/>
  <node id="1729" lat="52.0934280314" lon="-1.3515792287" version="1" timestamp="2026-09-01T12:00:00Z" changeset="1" uid="1" user="generator"/>
  <node id="1730" lat="52.0927080307" lon="-1.3521940550" version="1" timestamp="2026-09-01T12:00:00Z" changeset="1" uid="1" user="generator"/>
  <node id="1731" lat="52.0917450297" lon="-1.3538482305" version="1" timestamp="2026-09-01T12:00:00Z" changeset="1" uid="1" user="generator"/>
  <node id="1732" lat="52.0908270288" lon="-1.3580349048" version="1" timestamp="2026-09-01T12:00:00Z" changeset="1" uid="1" user="generator"/>
  <node id="1733" lat="52.0909710290" lon="-1.3599672161" version="1" timestamp="2026-09-01T12:00:00Z" changeset="1" uid="1" user="generator"/>
  <node id="1734" lat="52.0942560323" lon="-1.3619141660" version="1" timestamp="2026-09-01T12:00:00Z" changeset="1" uid="1" user="generator"/>
  <node id="1735" lat="52.0963350343" lon="-1.3594109447" version="1" timestamp="2026-09-01T12:00:00Z" changeset="1" uid="1" user="generator"/>
  <node id="1736" lat="52.0967850348" lon="-1.3582984018" version="1" timestamp="2026-09-01T12:00:00Z" changeset="1" uid="1" user="generator"/>
  <node id="1737" lat="52.0985310365" lon="-1.3449771653" version="1" timestamp="2026-09-01T12:00:00Z" changeset="1" uid="1" user="generator"/>
  <node id="1738" lat="52.0957500338" lon="-1.3418883951" version="1" timestamp="2026-09-01T12:00:00Z" changeset="1" uid="1" user="generator"/>
  <node id="1739" lat="52.0953900334" lon="-1.3417420079" version="1" timestamp="2026-09-01T12:00:00Z" changeset="1" uid="1" user="generator"/>
  <node id="1740" lat="52.0935000315" lon="-1.3433815447" version="1" timestamp="2026-09-01T12:00:00Z" changeset="1" uid="1" user="generator"/>
  <node id="1741" lat="52.0931760312" lon="-1.3432058800" version="1" timestamp="2026-09-01T12:00:00Z" changeset="1" uid="1" user="generator"/>
  <node id="1742" lat="52.0919880300" lon="-1.3448161394" version="1" timestamp="2026-09-01T12:00:00Z" changeset="1" uid="1" user="generator"/>
  <node id="1743" lat="52.0918170298" lon="-1.3452406623" version="1" timestamp="2026-09-01T12:00:00Z" changeset="1" uid="1" user="generator"/>
  <node id="1744" lat="52.0922310302" lon="-1.3463239277" version="1" timestamp="2026-09-01T12:00:00Z" changeset="1" uid="1" user="generator"/>
  <node id="1745" lat="52.0917090297" lon="-1.3473193607" version="1" timestamp="2026-09-01T12:00:00Z" changeset="1" uid="1" user="generator"/>
  <node id="1746" lat="52.0931040311" lon="-1.3511400670" version="1" timestamp="2026-09-01T12:00:00Z" changeset="1" uid="1" user="generator"/>
  <node id="1747" lat="52.0940400320" lon="-1.3511107896" version="1" timestamp="2026-09-01T12:00:00Z" changeset="1" uid="1" user="generator"/>
  <node id="1748" lat="52.0953900334" lon="-1.3514328415" version="1" timestamp="2026-09-01T12:00:00Z" changeset="1" uid="1" user="generator"/>
  <node id="1749" lat="52.0963890344" lon="-1.3263859890" version="1" timestamp="2026-09-01T12:00:00Z" changeset="1" uid="1" user="generator"/>
  <node id="1750" lat="52.0963170343" lon="-1.3260053823" version="1" timestamp="2026-09-01T12:00:00Z" changeset="1" uid="1" user="generator"/>
  <node id="1751" lat="52.0962360342" lon="-1.3260492984" version="1" timestamp="2026-09-01T12:00:00Z" changeset="1" uid="1" user="generator"/>
  <node id="1752" lat="52.0932930313" lon="-1.3298114499" version="1" timestamp="2026-09-01T12:00:00Z" changeset="1" uid="1" user="generator"/>
  <node id="1753" lat="52.0939140319" lon="-1.3339249306" version="1" timestamp="2026-09-01T12:00:00Z" changeset="1" uid="1" user="generator"/>
  <node id="1754" lat="52.0961910342" lon="-1.3339395693" version="1" timestamp="2026-09-01T12:00:00Z" changeset="1" uid="1" user="generator"/>
  <node id="1755" lat="52.0962270342" lon="-1.3326513618" version="1" timestamp="2026-09-01T12:00:00Z" changeset="1" uid="1" user="generator"/>
  <node id="1756" lat="52.0950030330" lon="-1.3301920566" version="1" timestamp="2026-09-01T12:00:00Z" changeset="1" uid="1" user="generator"/>
  <node id="1757" lat="52.0959750340" lon="-1.3282890228" version="1" timestamp="2026-09-01T12:00:00Z" changeset="1" uid="1" user="generator"/>
  <node id="1758" lat="52.0965330345" lon="-1.3250685041" version="1" timestamp="2026-09-01T12:00:00Z" changeset="1" uid="1" user="generator"/>
  <node id="1759" lat="52.0952820333" lon="-1.3211014106" version="1" timestamp="2026-09-01T12:00:00Z" changeset="1" uid="1" user="generator"/>
  <node id="1760" lat="52.0904220284" lon="-1.3201352550" version="1" timestamp="2026-09-01T12:00:00Z" changeset="1" uid="1" user="generator"/>
  <node id="1761" lat="52.0891530272" lon="-1.3217601531" version="1" timestamp="2026-09-01T12:00:00Z" changeset="1" uid="1" user="generator"/>
  <node id="1762" lat="52.0899810280" lon="-1.3255662206" version="1" timestamp="2026-09-01T12:00:00Z" changeset="1" uid="1" user="generator"/>
  <node id="1763" lat="52.0904130284" lon="-1.3269129830" version="1" timestamp="2026-09-01T12:00:00Z" changeset="1" uid="1" user="generator"/>
  <node id="1764" lat="52.0908810289" lon="-1.3278498612" version="1" timestamp="2026-09-01T12:00:00Z" changeset="1" uid="1" user="generator"/>
  <node id="1765" lat="52.0914660295" lon="-1.3285378811" version="1" timestamp="2026-09-01T12:00:00Z" changeset="1" uid="1" user="generator"/>
  <node id="1766" lat="52.0932480312" lon="-1.3297382563" version="1" timestamp="2026-09-01T12:00:00Z" changeset="1" uid="1" user="generator"/>
  <node id="1767" lat="52.0962540343" lon="-1.3259321887" version="1" timestamp="2026-09-01T12:00:00Z" changeset="1" uid="1" user="generator"/>
  <node id="1768" lat="52.0971990352" lon="-1.3152605607" version="1" timestamp="2026-09-01T12:00:00Z" changeset="1" uid="1" user="generator"/>
  <node id="1769" lat="52.0945080325" lon="-1.3111470800" version="1" timestamp="2026-09-01T12:00:00Z" changeset="1" uid="1" user="generator"/>
  <node id="1770" lat="52.0937700318" lon="-1.3102394793" version="1" timestamp="2026-09-01T12:00:00Z" changeset="1" uid="1" user="generator"/>
  <node id="1771" lat="52.0929420309" lon="-1.3095368206" version="1" timestamp="2026-09-01T12:00:00Z" changeset="1" uid="1" user="generator"/>
  <node id="1772" lat="52.0924200304" lon="-1.3093611560" version="1" timestamp="2026-09-01T12:00:00Z" changeset="1" uid="1" user="generator"/>
  <node id="1773" lat="52.0913760294" lon="-1.3098881499" version="1" timestamp="2026-09-01T12:00:00Z" changeset="1" uid="1" user="generator"/>
  <node id="1774" lat="52.0912770293" lon="-1.3101370082" version="1" timestamp="2026-09-01T12:00:00Z" changeset="1" uid="1" user="generator"/>
  <node id="1775" lat="52.0904670285" lon="-1.3200035065" version="1" timestamp="2026-09-01T12:00:00Z" changeset="1" uid="1" user="generator"/>
  <node id="1776" lat="52.0953000333" lon="-1.3209843008" version="1" timestamp="2026-09-01T12:00:00Z" changeset="1" uid="1" user="generator"/>
  <node id="1777" lat="52.0988370368" lon="-1.3146164570" version="1" timestamp="2026-09-01T12:00:00Z" changeset="1" uid="1" user="generator"/>
  <node id="1778" lat="52.0988280368" lon="-1.3012513043" version="1" timestamp="2026-09-01T12:00:00Z" changeset="1" uid="1" user="generator"/>
  <node id="1779" lat="52.0944720325" lon="-1.3050280944" version="1" timestamp="2026-09-01T12:00:00Z" changeset="1" uid="1" user="generator"/>
  <node id="1780" lat="52.0931310311" lon="-1.3087902458" version="1" timestamp="2026-09-01T12:00:00Z" changeset="1" uid="1" user="generator"/>
  <node id="1781" lat="52.0973520354" lon="-1.3150702573" version="1" timestamp="2026-09-01T12:00:00Z" changeset="1" uid="1" user="generator"/>
  <node id="1782" lat="52.0988370368" lon="-1.3011195558" version="1" timestamp="2026-09-01T12:00:00Z" changeset="1" uid="1" user="generator"/>
  <node id="1783" lat="52.0988280368" lon="-1.2917654128" version="1" timestamp="2026-09-01T12:00:00Z" changeset="1" uid="1" user="generator"/>
  <node id="1784" lat="52.0936800317" lon="-1.2936391691" version="1" timestamp="2026-09-01T12:00:00Z" changeset="1" uid="1" user="generator"/>
  <node id="1785" lat="52.0923480303" lon="-1.2953079834" version="1" timestamp="2026-09-01T12:00:00Z" changeset="1" uid="1" user="generator"/>
  <node id="1786" lat="52.0918350298" lon="-1.2961423905" version="1" timestamp="2026-09-01T12:00:00Z" changeset="1" uid="1" user="generator"/>
  <node id="1787" lat="52.0913130293" lon="-1.2983381987" version="1" timestamp="2026-09-01T12:00:00Z" changeset="1" uid="1" user="generator"/>
  <node id="1788" lat="52.0944360324" lon="-1.3049402621" version="1" timestamp="2026-09-01T12:00:00Z" changeset="1" uid="1" user="generator"/>
  <node id="1789" lat="52.0930950311" lon="-1.2936245304" version="1" timestamp="2026-09-01T12:00:00Z" changeset="1" uid="1" user="generator"/>
  <node id="1790" lat="52.0930050310" lon="-1.2928633169" version="1" timestamp="2026-09-01T12:00:00Z" changeset="1" uid="1" user="generator"/>
  <node id="1791" lat="52.0926450306" lon="-1.2918971613" version="1" timestamp="2026-09-01T12:00:00Z" changeset="1" uid="1" user="generator"/>
  <node id="1792" lat="52.0916640297" lon="-1.2900965985" version="1" timestamp="2026-09-01T12:00:00Z" changeset="1" uid="1" user="generator"/>
  <node id="1793" lat="52.0908810289" lon="-1.2940051372" version="1" timestamp="2026-09-01T12:00:00Z" changeset="1" uid="1" user="generator"/>
  <node id="1794" lat="52.0918980299" lon="-1.2955422029" version="1" timestamp="2026-09-01T12:00:00Z" changeset="1" uid="1" user="generator"/>
  <node id="1795" lat="52.0928700309" lon="-1.2943125503" version="1" timestamp="2026-09-01T12:00:00Z" changeset="1" uid="1" user="generator"/>
  <node id="1796" lat="52.0988370368" lon="-1.2916336643" version="1" timestamp="2026-09-01T12:00:00Z" changeset="1" uid="1" user="generator"/>
  <node id="1797" lat="52.0988370368" lon="-1.2801276292" version="1" timestamp="2026-09-01T12:00:00Z" changeset="1" uid="1" user="generator"/>
  <node id="1798" lat="52.0958760339" lon="-1.2801129905" version="1" timestamp="2026-09-01T12:00:00Z" changeset="1" uid="1" user="generator"/>
  <node id="1799" lat="52.0921410301" lon="-1.2867150539" version="1" timestamp="2026-09-01T12:00:00Z" changeset="1" uid="1" user="generator"/>
  <node id="1800" lat="52.0925910306" lon="-1.2877397644" version="1" timestamp="2026-09-01T12:00:00Z" changeset="1" uid="1" user="generator"/>
  <node id="1801" lat="52.0917270297" lon="-1.2897306305" version="1" timestamp="2026-09-01T12:00:00Z" changeset="1" uid="1" user="generator"/>
  <node id="1802" lat="52.0937160317" lon="-1.2935220593" version="1" timestamp="2026-09-01T12:00:00Z" changeset="1" uid="1" user="generator"/>
  <node id="1803" lat="52.0907190287" lon="-1.3846773779" version="1" timestamp="2026-09-01T12:00:00Z" changeset="1" uid="1" user="generator"/>
  <node id="1804" lat="52.0903590284" lon="-1.3814861366" version="1" timestamp="2026-09-01T12:00:00Z" changeset="1" uid="1" user="generator"/>
  <node id="1805" lat="52.0888380268" lon="-1.3803589551" version="1" timestamp="2026-09-01T12:00:00Z" changeset="1" uid="1" user="generator"/>
  <node id="1806" lat="52.0887480267" lon="-1.3803004002" version="1" timestamp="2026-09-01T12:00:00Z" changeset="1" uid="1" user="generator"/>
  <node id="1807" lat="52.0873170253" lon="-1.3824522922" version="1" timestamp="2026-09-01T12:00:00Z" changeset="1" uid="1" user="generator"/>
  <node id="1808" lat="52.0873890254" lon="-1.3840918291" version="1" timestamp="2026-09-01T12:00:00Z" changeset="1" uid="1" user="generator"/>
  <node id="1809" lat="52.0885680266" lon="-1.3861558888" version="1" timestamp="2026-09-01T12:00:00Z" changeset="1" uid="1" user="generator"/>
  <node id="1810" lat="52.0909170289" lon="-1.3599964935" version="1" timestamp="2026-09-01T12:00:00Z" changeset="1" uid="1" user="generator"/>
  <node id="1811" lat="52.0907730288" lon="-1.3580934597" version="1" timestamp="2026-09-01T12:00:00Z" changeset="1" uid="1" user="generator"/>
  <node id="1812" lat="52.0889100269" lon="-1.3561757872" version="1" timestamp="2026-09-01T12:00:00Z" changeset="1" uid="1" user="generator"/>
  <node id="1813" lat="52.0875780256" lon="-1.3577567691" version="1" timestamp="2026-09-01T12:00:00Z" changeset="1" uid="1" user="generator"/>
  <node id="1814" lat="52.0854360234" lon="-1.3577567691" version="1" timestamp="2026-09-01T12:00:00Z" changeset="1" uid="1" user="generator"/>
  <node id="1815" lat="52.0852290232" lon="-1.3630413476" version="1" timestamp="2026-09-01T12:00:00Z" changeset="1" uid="1" user="generator"/>
  <node id="1816" lat="52.0871640252" lon="-1.3649882975" version="1" timestamp="2026-09-01T12:00:00Z" changeset="1" uid="1" user="generator"/>
  <node id="1817" lat="52.0931850312" lon="-1.3430741315" version="1" timestamp="2026-09-01T12:00:00Z" changeset="1" uid="1" user="generator"/>
  <node id="1818" lat="52.0922130302" lon="-1.3405269940" version="1" timestamp="2026-09-01T12:00:00Z" changeset="1" uid="1" user="generator"/>
  <node id="1819" lat="52.0922670303" lon="-1.3389167346" version="1" timestamp="2026-09-01T12:00:00Z" changeset="1" uid="1" user="generator"/>
  <node id="1820" lat="52.0930140310" lon="-1.3367355651" version="1" timestamp="2026-09-01T12:00:00Z" changeset="1" uid="1" user="generator"/>
  <node id="1821" lat="52.0899720280" lon="-1.3370576170" version="1" timestamp="2026-09-01T12:00:00Z" changeset="1" uid="1" user="generator"/>
  <node id="1822" lat="52.0893240273" lon="-1.3372625591" version="1" timestamp="2026-09-01T12:00:00Z" changeset="1" uid="1" user="generator"/>
  <node id="1823" lat="52.0891170271" lon="-1.3374528625" version="1" timestamp="2026-09-01T12:00:00Z" changeset="1" uid="1" user="generator"/>
  <node id="1824" lat="52.0889190269" lon="-1.3382433534" version="1" timestamp="2026-09-01T12:00:00Z" changeset="1" uid="1" user="generator"/>
  <node id="1825" lat="52.0888470268" lon="-1.3391509542" version="1" timestamp="2026-09-01T12:00:00Z" changeset="1" uid="1" user="generator"/>
  <node id="1826" lat="52.0890270270" lon="-1.3403220519" version="1" timestamp="2026-09-01T12:00:00Z" changeset="1" uid="1" user="generator"/>
  <node id="1827" lat="52.0898370278" lon="-1.3419908661" version="1" timestamp="2026-09-01T12:00:00Z" changeset="1" uid="1" user="generator"/>
  <node id="1828" lat="52.0907820288" lon="-1.3433815447" version="1" timestamp="2026-09-01T12:00:00Z" changeset="1" uid="1" user="generator"/>
  <node id="1829" lat="52.0910520291" lon="-1.3434693770" version="1" timestamp="2026-09-01T12:00:00Z" changeset="1" uid="1" user="generator"/>
  <node id="1830" lat="52.0914210294" lon="-1.3443037841" version="1" timestamp="2026-09-01T12:00:00Z" changeset="1" uid="1" user="generator"/>
  <node id="1831" lat="52.0917540298" lon="-1.3447868619" version="1" timestamp="2026-09-01T12:00:00Z" changeset="1" uid="1" user="generator"/>
  <node id="1832" lat="52.0918800299" lon="-1.3448746942" version="1" timestamp="2026-09-01T12:00:00Z" changeset="1" uid="1" user="generator"/>
  <node id="1833" lat="52.0937250317" lon="-1.3341445114" version="1" timestamp="2026-09-01T12:00:00Z" changeset="1" uid="1" user="generator"/>
  <node id="1834" lat="52.0933830314" lon="-1.3314802641" version="1" timestamp="2026-09-01T12:00:00Z" changeset="1" uid="1" user="generator"/>
  <node id="1835" lat="52.0930950311" lon="-1.3305433859" version="1" timestamp="2026-09-01T12:00:00Z" changeset="1" uid="1" user="generator"/>
  <node id="1836" lat="52.0926540307" lon="-1.3298260886" version="1" timestamp="2026-09-01T12:00:00Z" changeset="1" uid="1" user="generator"/>
  <node id="1837" lat="52.0912500293" lon="-1.3286549909" version="1" timestamp="2026-09-01T12:00:00Z" changeset="1" uid="1" user="generator"/>
  <node id="1838" lat="52.0904040284" lon="-1.3281865518" version="1" timestamp="2026-09-01T12:00:00Z" changeset="1" uid="1" user="generator"/>
  <node id="1839" lat="52.0891170271" lon="-1.3310996573" version="1" timestamp="2026-09-01T12:00:00Z" changeset="1" uid="1" user="generator"/>
  <node id="1840" lat="52.0893780274" lon="-1.3368233974" version="1" timestamp="2026-09-01T12:00:00Z" changeset="1" uid="1" user="generator"/>
  <node id="1841" lat="52.0917000297" lon="-1.3365599005" version="1" timestamp="2026-09-01T12:00:00Z" changeset="1" uid="1" user="generator"/>
  <node id="1842" lat="52.0925460305" lon="-1.3362964035" version="1" timestamp="2026-09-01T12:00:00Z" changeset="1" uid="1" user="generator"/>
  <node id="1843" lat="52.0929780310" lon="-1.3360036290" version="1" timestamp="2026-09-01T12:00:00Z" changeset="1" uid="1" user="generator"/>
  <node id="1844" lat="52.0932750313" lon="-1.3355791061" version="1" timestamp="2026-09-01T12:00:00Z" changeset="1" uid="1" user="generator"/>
  <node id="1845" lat="52.0903590284" lon="-1.3281133582" version="1" timestamp="2026-09-01T12:00:00Z" changeset="1" uid="1" user="generator"/>
  <node id="1846" lat="52.0890270270" lon="-1.3221700373" version="1" timestamp="2026-09-01T12:00:00Z" changeset="1" uid="1" user="generator"/>
  <node id="1847" lat="52.0888920269" lon="-1.3218333467" version="1" timestamp="2026-09-01T12:00:00Z" changeset="1" uid="1" user="generator"/>
  <node id="1848" lat="52.0886940267" lon="-1.3218040692" version="1" timestamp="2026-09-01T12:00:00Z" changeset="1" uid="1" user="generator"/>
  <node id="1849" lat="52.0869750250" lon="-1.3259175500" version="1" timestamp="2026-09-01T12:00:00Z" changeset="1" uid="1" user="generator"/>
  <node id="1850" lat="52.0873170253" lon="-1.3262688793" version="1" timestamp="2026-09-01T12:00:00Z" changeset="1" uid="1" user="generator"/>
  <node id="1851" lat="52.0878210258" lon="-1.3276156416" version="1" timestamp="2026-09-01T12:00:00Z" changeset="1" uid="1" user="generator"/>
  <node id="1852" lat="52.0876590257" lon="-1.3308654378" version="1" timestamp="2026-09-01T12:00:00Z" changeset="1" uid="1" user="generator"/>
  <node id="1853" lat="52.0890900271" lon="-1.3310264637" version="1" timestamp="2026-09-01T12:00:00Z" changeset="1" uid="1" user="generator"/>
  <node id="1854" lat="52.0912230292" lon="-1.3101077308" version="1" timestamp="2026-09-01T12:00:00Z" changeset="1" uid="1" user="generator"/>
  <node id="1855" lat="52.0912230292" lon="-1.3099613436" version="1" timestamp="2026-09-01T12:00:00Z" changeset="1" uid="1" user="generator"/>
  <node id="1856" lat="52.0910520291" lon="-1.3098295951" version="1" timestamp="2026-09-01T12:00:00Z" changeset="1" uid="1" user="generator"/>
  <node id="1857" lat="52.0885320265" lon="-1.3085121101" version="1" timestamp="2026-09-01T12:00:00Z" changeset="1" uid="1" user="generator"/>
  <node id="1858" lat="52.0862820243" lon="-1.3105322537" version="1" timestamp="2026-09-01T12:00:00Z" changeset="1" uid="1" user="generator"/>
  <node id="1859" lat="52.0851390231" lon="-1.3120693194" version="1" timestamp="2026-09-01T12:00:00Z" changeset="1" uid="1" user="generator"/>
  <node id="1860" lat="52.0848510229" lon="-1.3128012555" version="1" timestamp="2026-09-01T12:00:00Z" changeset="1" uid="1" user="generator"/>
  <node id="1861" lat="52.0847610228" lon="-1.3134453593" version="1" timestamp="2026-09-01T12:00:00Z" changeset="1" uid="1" user="generator"/>
  <node id="1862" lat="52.0848690229" lon="-1.3149677863" version="1" timestamp="2026-09-01T12:00:00Z" changeset="1" uid="1" user="generator"/>
  <node id="1863" lat="52.0852470232" lon="-1.3166951554" version="1" timestamp="2026-09-01T12:00:00Z" changeset="1" uid="1" user="generator"/>
  <node id="1864" lat="52.0863360243" lon="-1.3200767001" version="1" timestamp="2026-09-01T12:00:00Z" changeset="1" uid="1" user="generator"/>
  <node id="1865" lat="52.0891080271" lon="-1.3216869594" version="1" timestamp="2026-09-01T12:00:00Z" changeset="1" uid="1" user="generator"/>
  <node id="1866" lat="52.0903950284" lon="-1.3200620614" version="1" timestamp="2026-09-01T12:00:00Z" changeset="1" uid="1" user="generator"/>
  <node id="1867" lat="52.0943910324" lon="-1.3050427331" version="1" timestamp="2026-09-01T12:00:00Z" changeset="1" uid="1" user="generator"/>
  <node id="1868" lat="52.0912500293" lon="-1.2985285021" version="1" timestamp="2026-09-01T12:00:00Z" changeset="1" uid="1" user="generator"/>
  <node id="1869" lat="52.0903500284" lon="-1.2994653803" version="1" timestamp="2026-09-01T12:00:00Z" changeset="1" uid="1" user="generator"/>
  <node id="1870" lat="52.0899990280" lon="-1.3001241227" version="1" timestamp="2026-09-01T12:00:00Z" changeset="1" uid="1" user="generator"/>
  <node id="1871" lat="52.0896930277" lon="-1.3010317235" version="1" timestamp="2026-09-01T12:00:00Z" changeset="1" uid="1" user="generator"/>
  <node id="1872" lat="52.0892790273" lon="-1.3026419828" version="1" timestamp="2026-09-01T12:00:00Z" changeset="1" uid="1" user="generator"/>
  <node id="1873" lat="52.0884150264" lon="-1.3072092639" version="1" timestamp="2026-09-01T12:00:00Z" changeset="1" uid="1" user="generator"/>
  <node id="1874" lat="52.0885950266" lon="-1.3081461421" version="1" timestamp="2026-09-01T12:00:00Z" changeset="1" uid="1" user="generator"/>
  <node id="1875" lat="52.0886760267" lon="-1.3082193357" version="1" timestamp="2026-09-01T12:00:00Z" changeset="1" uid="1" user="generator"/>
  <node id="1876" lat="52.0908540289" lon="-1.3093611560" version="1" timestamp="2026-09-01T12:00:00Z" changeset="1" uid="1" user="generator"/>
  <node id="1877" lat="52.0918800299" lon="-1.3093318785" version="1" timestamp="2026-09-01T12:00:00Z" changeset="1" uid="1" user="generator"/>
  <node id="1878" lat="52.0930770311" lon="-1.3087316910" version="1" timestamp="2026-09-01T12:00:00Z" changeset="1" uid="1" user="generator"/>
  <node id="1879" lat="52.0957950338" lon="-1.2801569067" version="1" timestamp="2026-09-01T12:00:00Z" changeset="1" uid="1" user="generator"/>
  <node id="1880" lat="52.0921500302" lon="-1.2801129905" version="1" timestamp="2026-09-01T12:00:00Z" changeset="1" uid="1" user="generator"/>
  <node id="1881" lat="52.0896210276" lon="-1.2849291298" version="1" timestamp="2026-09-01T12:00:00Z" changeset="1" uid="1" user="generator"/>
  <node id="1882" lat="52.0900080280" lon="-1.2854707625" version="1" timestamp="2026-09-01T12:00:00Z" changeset="1" uid="1" user="generator"/>
  <node id="1883" lat="52.0919160299" lon="-1.2864076407" version="1" timestamp="2026-09-01T12:00:00Z" changeset="1" uid="1" user="generator"/>
  <node id="1884" lat="52.0921140301" lon="-1.2866418603" version="1" timestamp="2026-09-01T12:00:00Z" changeset="1" uid="1" user="generator"/>
  <node id="1885" lat="52.0920690301" lon="-1.2801569067" version="1" timestamp="2026-09-01T12:00:00Z" changeset="1" uid="1" user="generator"/>
  <node id="1886" lat="52.0872000252" lon="-1.2801129905" version="1" timestamp="2026-09-01T12:00:00Z" changeset="1" uid="1" user="generator"/>
  <node id="1887" lat="52.0872450252" lon="-1.2822063277" version="1" timestamp="2026-09-01T12:00:00Z" changeset="1" uid="1" user="generator"/>
  <node id="1888" lat="52.0878480258" lon="-1.2824259085" version="1" timestamp="2026-09-01T12:00:00Z" changeset="1" uid="1" user="generator"/>
  <node id="1889" lat="52.0895760276" lon="-1.2848266588" version="1" timestamp="2026-09-01T12:00:00Z" changeset="1" uid="1" user="generator"/>
  <node id="1890" lat="52.0882530263" lon="-1.3985548859" version="1" timestamp="2026-09-01T12:00:00Z" changeset="1" uid="1" user="generator"/>
  <node id="1891" lat="52.0877040257" lon="-1.3980425306" version="1" timestamp="2026-09-01T12:00:00Z" changeset="1" uid="1" user="generator"/>
  <node id="1892" lat="52.0867860248" lon="-1.3964615487" version="1" timestamp="2026-09-01T12:00:00Z" changeset="1" uid="1" user="generator"/>
  <node id="1893" lat="52.0857690238" lon="-1.3974423430" version="1" timestamp="2026-09-01T12:00:00Z" changeset="1" uid="1" user="generator"/>
  <node id="1894" lat="52.0851210231" lon="-1.3999016482" version="1" timestamp="2026-09-01T12:00:00Z" changeset="1" uid="1" user="generator"/>
  <node id="1895" lat="52.0879920260" lon="-1.3999162870" version="1" timestamp="2026-09-01T12:00:00Z" changeset="1" uid="1" user="generator"/>
  <node id="1896" lat="52.0861470241" lon="-1.3938412175" version="1" timestamp="2026-09-01T12:00:00Z" changeset="1" uid="1" user="generator"/>
  <node id="1897" lat="52.0859400239" lon="-1.3935630818" version="1" timestamp="2026-09-01T12:00:00Z" changeset="1" uid="1" user="generator"/>
  <node id="1898" lat="52.0836270216" lon="-1.3947488183" version="1" timestamp="2026-09-01T12:00:00Z" changeset="1" uid="1" user="generator"/>
  <node id="1899" lat="52.0835010215" lon="-1.3952758123" version="1" timestamp="2026-09-01T12:00:00Z" changeset="1" uid="1" user="generator"/>
  <node id="1900" lat="52.0830690211" lon="-1.3962712453" version="1" timestamp="2026-09-01T12:00:00Z" changeset="1" uid="1" user="generator"/>
  <node id="1901" lat="52.0839060219" lon="-1.3991257960" version="1" timestamp="2026-09-01T12:00:00Z" changeset="1" uid="1" user="generator"/>
  <node id="1902" lat="52.0847970228" lon="-1.3982621114" version="1" timestamp="2026-09-01T12:00:00Z" changeset="1" uid="1" user="generator"/>
  <node id="1903" lat="52.0864170244" lon="-1.3918503514" version="1" timestamp="2026-09-01T12:00:00Z" changeset="1" uid="1" user="generator"/>
  <node id="1904" lat="52.0857780238" lon="-1.3899034015" version="1" timestamp="2026-09-01T12:00:00Z" changeset="1" uid="1" user="generator"/>
  <node id="1905" lat="52.0850940231" lon="-1.3894935173" version="1" timestamp="2026-09-01T12:00:00Z" changeset="1" uid="1" user="generator"/>
  <node id="1906" lat="52.0839420219" lon="-1.3896106270" version="1" timestamp="2026-09-01T12:00:00Z" changeset="1" uid="1" user="generator"/>
  <node id="1907" lat="52.0836630217" lon="-1.3945731536" version="1" timestamp="2026-09-01T12:00:00Z" changeset="1" uid="1" user="generator"/>
  <node id="1908" lat="52.0859580240" lon="-1.3934459721" version="1" timestamp="2026-09-01T12:00:00Z" changeset="1" uid="1" user="generator"/>
  <node id="1909" lat="52.0871550252" lon="-1.3853800365" version="1" timestamp="2026-09-01T12:00:00Z" changeset="1" uid="1" user="generator"/>
  <node id="1910" lat="52.0867770248" lon="-1.3845602681" version="1" timestamp="2026-09-01T12:00:00Z" changeset="1" uid="1" user="generator"/>
  <node id="1911" lat="52.0860660241" lon="-1.3835501964" version="1" timestamp="2026-09-01T12:00:00Z" changeset="1" uid="1" user="generator"/>
  <node id="1912" lat="52.0851840232" lon="-1.3828182603" version="1" timestamp="2026-09-01T12:00:00Z" changeset="1" uid="1" user="generator"/>
  <node id="1913" lat="52.0840140220" lon="-1.3823790986" version="1" timestamp="2026-09-01T12:00:00Z" changeset="1" uid="1" user="generator"/>
  <node id="1914" lat="52.0825380205" lon="-1.3823498212" version="1" timestamp="2026-09-01T12:00:00Z" changeset="1" uid="1" user="generator"/>
  <node id="1915" lat="52.0817910198" lon="-1.3845895456" version="1" timestamp="2026-09-01T12:00:00Z" changeset="1" uid="1" user="generator"/>
  <node id="1916" lat="52.0818990199" lon="-1.3855557012" version="1" timestamp="2026-09-01T12:00:00Z" changeset="1" uid="1" user="generator"/>
  <node id="1917" lat="52.0822230202" lon="-1.3865511343" version="1" timestamp="2026-09-01T12:00:00Z" changeset="1" uid="1" user="generator"/>
  <node id="1918" lat="52.0838700219" lon="-1.3892592977" version="1" timestamp="2026-09-01T12:00:00Z" changeset="1" uid="1" user="generator"/>
  <node id="1919" lat="52.0849320229" lon="-1.3891421880" version="1" timestamp="2026-09-01T12:00:00Z" changeset="1" uid="1" user="generator"/>
  <node id="1920" lat="52.0858320238" lon="-1.3892300203" version="1" timestamp="2026-09-01T12:00:00Z" changeset="1" uid="1" user="generator"/>
  <node id="1921" lat="52.0867410247" lon="-1.3877807869" version="1" timestamp="2026-09-01T12:00:00Z" changeset="1" uid="1" user="generator"/>
  <node id="1922" lat="52.0887210267" lon="-1.3802272066" version="1" timestamp="2026-09-01T12:00:00Z" changeset="1" uid="1" user="generator"/>
  <node id="1923" lat="52.0886310266" lon="-1.3722930196" version="1" timestamp="2026-09-01T12:00:00Z" changeset="1" uid="1" user="generator"/>
  <node id="1924" lat="52.0881720262" lon="-1.3717221094" version="1" timestamp="2026-09-01T12:00:00Z" changeset="1" uid="1" user="generator"/>
  <node id="1925" lat="52.0876860257" lon="-1.3717513869" version="1" timestamp="2026-09-01T12:00:00Z" changeset="1" uid="1" user="generator"/>
  <node id="1926" lat="52.0867860248" lon="-1.3721027162" version="1" timestamp="2026-09-01T12:00:00Z" changeset="1" uid="1" user="generator"/>
  <node id="1927" lat="52.0822590203" lon="-1.3746352150" version="1" timestamp="2026-09-01T12:00:00Z" changeset="1" uid="1" user="generator"/>
  <node id="1928" lat="52.0820610201" lon="-1.3798173224" version="1" timestamp="2026-09-01T12:00:00Z" changeset="1" uid="1" user="generator"/>
  <node id="1929" lat="52.0823040203" lon="-1.3809737814" version="1" timestamp="2026-09-01T12:00:00Z" changeset="1" uid="1" user="generator"/>
  <node id="1930" lat="52.0830780211" lon="-1.3812958333" version="1" timestamp="2026-09-01T12:00:00Z" changeset="1" uid="1" user="generator"/>
  <node id="1931" lat="52.0839780220" lon="-1.3812958333" version="1" timestamp="2026-09-01T12:00:00Z" changeset="1" uid="1" user="generator"/>
  <node id="1932" lat="52.0848780229" lon="-1.3815300528" version="1" timestamp="2026-09-01T12:00:00Z" changeset="1" uid="1" user="generator"/>
  <node id="1933" lat="52.0860840241" lon="-1.3823498212" version="1" timestamp="2026-09-01T12:00:00Z" changeset="1" uid="1" user="generator"/>
  <node id="1934" lat="52.0872720253" lon="-1.3824083761" version="1" timestamp="2026-09-01T12:00:00Z" changeset="1" uid="1" user="generator"/>
  <node id="1935" lat="52.0854630235" lon="-1.3436304029" version="1" timestamp="2026-09-01T12:00:00Z" changeset="1" uid="1" user="generator"/>
  <node id="1936" lat="52.0854540235" lon="-1.3434400995" version="1" timestamp="2026-09-01T12:00:00Z" changeset="1" uid="1" user="generator"/>
  <node id="1937" lat="52.0838880219" lon="-1.3428545507" version="1" timestamp="2026-09-01T12:00:00Z" changeset="1" uid="1" user="generator"/>
  <node id="1938" lat="52.0814670195" lon="-1.3416688142" version="1" timestamp="2026-09-01T12:00:00Z" changeset="1" uid="1" user="generator"/>
  <node id="1939" lat="52.0821240201" lon="-1.3465142311" version="1" timestamp="2026-09-01T12:00:00Z" changeset="1" uid="1" user="generator"/>
  <node id="1940" lat="52.0822680203" lon="-1.3461921792" version="1" timestamp="2026-09-01T12:00:00Z" changeset="1" uid="1" user="generator"/>
  <node id="1941" lat="52.0887930268" lon="-1.3377749143" version="1" timestamp="2026-09-01T12:00:00Z" changeset="1" uid="1" user="generator"/>
  <node id="1942" lat="52.0845900226" lon="-1.3357986869" version="1" timestamp="2026-09-01T12:00:00Z" changeset="1" uid="1" user="generator"/>
  <node id="1943" lat="52.0811700192" lon="-1.3377895531" version="1" timestamp="2026-09-01T12:00:00Z" changeset="1" uid="1" user="generator"/>
  <node id="1944" lat="52.0809630190" lon="-1.3387410700" version="1" timestamp="2026-09-01T12:00:00Z" changeset="1" uid="1" user="generator"/>
  <node id="1945" lat="52.0809630190" lon="-1.3395901158" version="1" timestamp="2026-09-01T12:00:00Z" changeset="1" uid="1" user="generator"/>
  <node id="1946" lat="52.0811070191" lon="-1.3404977165" version="1" timestamp="2026-09-01T12:00:00Z" changeset="1" uid="1" user="generator"/>
  <node id="1947" lat="52.0813680194" lon="-1.3412442913" version="1" timestamp="2026-09-01T12:00:00Z" changeset="1" uid="1" user="generator"/>
  <node id="1948" lat="52.0847880228" lon="-1.3428545507" version="1" timestamp="2026-09-01T12:00:00Z" changeset="1" uid="1" user="generator"/>
  <node id="1949" lat="52.0861380241" lon="-1.3430887702" version="1" timestamp="2026-09-01T12:00:00Z" changeset="1" uid="1" user="generator"/>
  <node id="1950" lat="52.0878660259" lon="-1.3417420079" version="1" timestamp="2026-09-01T12:00:00Z" changeset="1" uid="1" user="generator"/>
  <node id="1951" lat="52.0886310266" lon="-1.3405269940" version="1" timestamp="2026-09-01T12:00:00Z" changeset="1" uid="1" user="generator"/>
  <node id="1952" lat="52.0886670267" lon="-1.3387410700" version="1" timestamp="2026-09-01T12:00:00Z" changeset="1" uid="1" user="generator"/>
  <node id="1953" lat="52.0892970273" lon="-1.3368965910" version="1" timestamp="2026-09-01T12:00:00Z" changeset="1" uid="1" user="generator"/>
  <node id="1954" lat="52.0890540271" lon="-1.3311435735" version="1" timestamp="2026-09-01T12:00:00Z" changeset="1" uid="1" user="generator"/>
  <node id="1955" lat="52.0876410256" lon="-1.3310118250" version="1" timestamp="2026-09-01T12:00:00Z" changeset="1" uid="1" user="generator"/>
  <node id="1956" lat="52.0874610255" lon="-1.3349350024" version="1" timestamp="2026-09-01T12:00:00Z" changeset="1" uid="1" user="generator"/>
  <node id="1957" lat="52.0872540253" lon="-1.3352131381" version="1" timestamp="2026-09-01T12:00:00Z" changeset="1" uid="1" user="generator"/>
  <node id="1958" lat="52.0852920233" lon="-1.3334272141" version="1" timestamp="2026-09-01T12:00:00Z" changeset="1" uid="1" user="generator"/>
  <node id="1959" lat="52.0846890227" lon="-1.3356083836" version="1" timestamp="2026-09-01T12:00:00Z" changeset="1" uid="1" user="generator"/>
  <node id="1960" lat="52.0848060228" lon="-1.3357694095" version="1" timestamp="2026-09-01T12:00:00Z" changeset="1" uid="1" user="generator"/>
  <node id="1961" lat="52.0888200268" lon="-1.3376724433" version="1" timestamp="2026-09-01T12:00:00Z" changeset="1" uid="1" user="generator"/>
  <node id="1962" lat="52.0889190269" lon="-1.3373357527" version="1" timestamp="2026-09-01T12:00:00Z" changeset="1" uid="1" user="generator"/>
  <node id="1963" lat="52.0886310266" lon="-1.3217894305" version="1" timestamp="2026-09-01T12:00:00Z" changeset="1" uid="1" user="generator"/>
  <node id="1964" lat="52.0862640243" lon="-1.3204280294" version="1" timestamp="2026-09-01T12:00:00Z" changeset="1" uid="1" user="generator"/>
  <node id="1965" lat="52.0858950239" lon="-1.3210282170" version="1" timestamp="2026-09-01T12:00:00Z" changeset="1" uid="1" user="generator"/>
  <node id="1966" lat="52.0850130230" lon="-1.3242780131" version="1" timestamp="2026-09-01T12:00:00Z" changeset="1" uid="1" user="generator"/>
  <node id="1967" lat="52.0869120249" lon="-1.3259029112" version="1" timestamp="2026-09-01T12:00:00Z" changeset="1" uid="1" user="generator"/>
  <node id="1968" lat="52.0883970264" lon="-1.3082632519" version="1" timestamp="2026-09-01T12:00:00Z" changeset="1" uid="1" user="generator"/>
  <node id="1969" lat="52.0881990262" lon="-1.3071214316" version="1" timestamp="2026-09-01T12:00:00Z" changeset="1" uid="1" user="generator"/>
  <node id="1970" lat="52.0856880237" lon="-1.3023052922" version="1" timestamp="2026-09-01T12:00:00Z" changeset="1" uid="1" user="generator"/>
  <node id="1971" lat="52.0813500194" lon="-1.3042961583" version="1" timestamp="2026-09-01T12:00:00Z" changeset="1" uid="1" user="generator"/>
  <node id="1972" lat="52.0809630190" lon="-1.3059210564" version="1" timestamp="2026-09-01T12:00:00Z" changeset="1" uid="1" user="generator"/>
  <node id="1973" lat="52.0849140229" lon="-1.3115276868" version="1" timestamp="2026-09-01T12:00:00Z" changeset="1" uid="1" user="generator"/>
  <node id="1974" lat="52.0896570277" lon="-1.2999484581" version="1" timestamp="2026-09-01T12:00:00Z" changeset="1" uid="1" user="generator"/>
  <node id="1975" lat="52.0889820270" lon="-1.2996117675" version="1" timestamp="2026-09-01T12:00:00Z" changeset="1" uid="1" user="generator"/>
  <node id="1976" lat="52.0885680266" lon="-1.3000802066" version="1" timestamp="2026-09-01T12:00:00Z" changeset="1" uid="1" user="generator"/>
  <node id="1977" lat="52.0881630262" lon="-1.3017929370" version="1" timestamp="2026-09-01T12:00:00Z" changeset="1" uid="1" user="generator"/>
  <node id="1978" lat="52.0880100260" lon="-1.3020417952" version="1" timestamp="2026-09-01T12:00:00Z" changeset="1" uid="1" user="generator"/>
  <node id="1979" lat="52.0873080253" lon="-1.3021296276" version="1" timestamp="2026-09-01T12:00:00Z" changeset="1" uid="1" user="generator"/>
  <node id="1980" lat="52.0863720244" lon="-1.3010463622" version="1" timestamp="2026-09-01T12:00:00Z" changeset="1" uid="1" user="generator"/>
  <node id="1981" lat="52.0858050238" lon="-1.3017051046" version="1" timestamp="2026-09-01T12:00:00Z" changeset="1" uid="1" user="generator"/>
  <node id="1982" lat="52.0858230238" lon="-1.3020271565" version="1" timestamp="2026-09-01T12:00:00Z" changeset="1" uid="1" user="generator"/>
  <node id="1983" lat="52.0861650242" lon="-1.3028762024" version="1" timestamp="2026-09-01T12:00:00Z" changeset="1" uid="1" user="generator"/>
  <node id="1984" lat="52.0882620263" lon="-1.3067554636" version="1" timestamp="2026-09-01T12:00:00Z" changeset="1" uid="1" user="generator"/>
  <node id="1985" lat="52.0871730252" lon="-1.2821770502" version="1" timestamp="2026-09-01T12:00:00Z" changeset="1" uid="1" user="generator"/>
  <node id="1986" lat="52.0871100251" lon="-1.2801129905" version="1" timestamp="2026-09-01T12:00:00Z" changeset="1" uid="1" user="generator"/>
  <node id="1987" lat="52.0809810190" lon="-1.2801276292" version="1" timestamp="2026-09-01T12:00:00Z" changeset="1" uid="1" user="generator"/>
  <node id="1988" lat="52.0811520192" lon="-1.2832163994" version="1" timestamp="2026-09-01T12:00:00Z" changeset="1" uid="1" user="generator"/>
  <node id="1989" lat="52.0833480213" lon="-1.2847095490" version="1" timestamp="2026-09-01T12:00:00Z" changeset="1" uid="1" user="generator"/>
  <node id="1990" lat="52.0846620227" lon="-1.2858513693" version="1" timestamp="2026-09-01T12:00:00Z" changeset="1" uid="1" user="generator"/>
  <node id="1991" lat="52.0856070236" lon="-1.2821477728" version="1" timestamp="2026-09-01T12:00:00Z" changeset="1" uid="1" user="generator"/>
  <node id="1992" lat="52.0857420237" lon="-1.2818696371" version="1" timestamp="2026-09-01T12:00:00Z" changeset="1" uid="1" user="generator"/>
  <node id="1993" lat="52.0858860239" lon="-1.2818110822" version="1" timestamp="2026-09-01T12:00:00Z" changeset="1" uid="1" user="generator"/>
  <node id="1994" lat="52.0839150219" lon="-1.3999016482" version="1" timestamp="2026-09-01T12:00:00Z" changeset="1" uid="1" user="generator"/>
  <node id="1995" lat="52.0838610219" lon="-1.3991989896" version="1" timestamp="2026-09-01T12:00:00Z" changeset="1" uid="1" user="generator"/>
  <node id="1996" lat="52.0829520210" lon="-1.3961980517" version="1" timestamp="2026-09-01T12:00:00Z" changeset="1" uid="1" user="generator"/>
  <node id="1997" lat="52.0789380169" lon="-1.3942950179" version="1" timestamp="2026-09-01T12:00:00Z" changeset="1" uid="1" user="generator"/>
  <node id="1998" lat="52.0767690148" lon="-1.3998723708" version="1" timestamp="2026-09-01T12:00:00Z" changeset="1" uid="1" user="generator"/>
  <node id="1999" lat="52.0837350217" lon="-1.3898302079" version="1" timestamp="2026-09-01T12:00:00Z" changeset="1" uid="1" user="generator"/>
  <node id="2000" lat="52.0837350217" lon="-1.3894788786" version="1" timestamp="2026-09-01T12:00:00Z" changeset="1" uid="1" user="generator"/>
  <node id="2001" lat="52.0818540199" lon="-1.3863608309" version="1" timestamp="2026-09-01T12:00:00Z" changeset="1" uid="1" user="generator"/>
  <node id="2002" lat="52.0788570169" lon="-1.3936362754" version="1" timestamp="2026-09-01T12:00:00Z" changeset="1" uid="1" user="generator"/>
  <node id="2003" lat="52.0789110169" lon="-1.3941632694" version="1" timestamp="2026-09-01T12:00:00Z" changeset="1" uid="1" user="generator"/>
  <node id="2004" lat="52.0829340209" lon="-1.3960809419" version="1" timestamp="2026-09-01T12:00:00Z" changeset="1" uid="1" user="generator"/>
  <node id="2005" lat="52.0833030213" lon="-1.3951879799" version="1" timestamp="2026-09-01T12:00:00Z" changeset="1" uid="1" user="generator"/>
  <node id="2006" lat="52.0834830215" lon="-1.3941632694" version="1" timestamp="2026-09-01T12:00:00Z" changeset="1" uid="1" user="generator"/>
  <node id="2007" lat="52.0818090198" lon="-1.3862876373" version="1" timestamp="2026-09-01T12:00:00Z" changeset="1" uid="1" user="generator"/>
  <node id="2008" lat="52.0816830197" lon="-1.3852629268" version="1" timestamp="2026-09-01T12:00:00Z" changeset="1" uid="1" user="generator"/>
  <node id="2009" lat="52.0814400194" lon="-1.3850140685" version="1" timestamp="2026-09-01T12:00:00Z" changeset="1" uid="1" user="generator"/>
  <node id="2010" lat="52.0801620182" lon="-1.3846920166" version="1" timestamp="2026-09-01T12:00:00Z" changeset="1" uid="1" user="generator"/>
  <node id="2011" lat="52.0787760168" lon="-1.3846627392" version="1" timestamp="2026-09-01T12:00:00Z" changeset="1" uid="1" user="generator"/>
  <node id="2012" lat="52.0778580159" lon="-1.3847798490" version="1" timestamp="2026-09-01T12:00:00Z" changeset="1" uid="1" user="generator"/>
  <node id="2013" lat="52.0769760150" lon="-1.3850726234" version="1" timestamp="2026-09-01T12:00:00Z" changeset="1" uid="1" user="generator"/>
  <node id="2014" lat="52.0762380142" lon="-1.3854825076" version="1" timestamp="2026-09-01T12:00:00Z" changeset="1" uid="1" user="generator"/>
  <node id="2015" lat="52.0745370125" lon="-1.3869024636" version="1" timestamp="2026-09-01T12:00:00Z" changeset="1" uid="1" user="generator"/>
  <node id="2016" lat="52.0788120168" lon="-1.3935923593" version="1" timestamp="2026-09-01T12:00:00Z" changeset="1" uid="1" user="generator"/>
  <node id="2017" lat="52.0824750205" lon="-1.3823059050" version="1" timestamp="2026-09-01T12:00:00Z" changeset="1" uid="1" user="generator"/>
  <node id="2018" lat="52.0811520192" lon="-1.3812080009" version="1" timestamp="2026-09-01T12:00:00Z" changeset="1" uid="1" user="generator"/>
  <node id="2019" lat="52.0801440181" lon="-1.3795684641" version="1" timestamp="2026-09-01T12:00:00Z" changeset="1" uid="1" user="generator"/>
  <node id="2020" lat="52.0795140175" lon="-1.3794806318" version="1" timestamp="2026-09-01T12:00:00Z" changeset="1" uid="1" user="generator"/>
  <node id="2021" lat="52.0784520165" lon="-1.3819692144" version="1" timestamp="2026-09-01T12:00:00Z" changeset="1" uid="1" user="generator"/>
  <node id="2022" lat="52.0774350154" lon="-1.3825108471" version="1" timestamp="2026-09-01T12:00:00Z" changeset="1" uid="1" user="generator"/>
  <node id="2023" lat="52.0772370152" lon="-1.3843553260" version="1" timestamp="2026-09-01T12:00:00Z" changeset="1" uid="1" user="generator"/>
  <node id="2024" lat="52.0794600175" lon="-1.3843114099" version="1" timestamp="2026-09-01T12:00:00Z" changeset="1" uid="1" user="generator"/>
  <node id="2025" lat="52.0817460197" lon="-1.3845163520" version="1" timestamp="2026-09-01T12:00:00Z" changeset="1" uid="1" user="generator"/>
  <node id="2026" lat="52.0821870202" lon="-1.3749865443" version="1" timestamp="2026-09-01T12:00:00Z" changeset="1" uid="1" user="generator"/>
  <node id="2027" lat="52.0821780202" lon="-1.3745620214" version="1" timestamp="2026-09-01T12:00:00Z" changeset="1" uid="1" user="generator"/>
  <node id="2028" lat="52.0810980191" lon="-1.3732738139" version="1" timestamp="2026-09-01T12:00:00Z" changeset="1" uid="1" user="generator"/>
  <node id="2029" lat="52.0794960175" lon="-1.3738008079" version="1" timestamp="2026-09-01T12:00:00Z" changeset="1" uid="1" user="generator"/>
  <node id="2030" lat="52.0790190170" lon="-1.3746352150" version="1" timestamp="2026-09-01T12:00:00Z" changeset="1" uid="1" user="generator"/>
  <node id="2031" lat="52.0796670177" lon="-1.3767431909" version="1" timestamp="2026-09-01T12:00:00Z" changeset="1" uid="1" user="generator"/>
  <node id="2032" lat="52.0808910189" lon="-1.3793781607" version="1" timestamp="2026-09-01T12:00:00Z" changeset="1" uid="1" user="generator"/>
  <node id="2033" lat="52.0810800191" lon="-1.3796270190" version="1" timestamp="2026-09-01T12:00:00Z" changeset="1" uid="1" user="generator"/>
  <node id="2034" lat="52.0819800200" lon="-1.3797734062" version="1" timestamp="2026-09-01T12:00:00Z" changeset="1" uid="1" user="generator"/>
  <node id="2035" lat="52.0811250191" lon="-1.3731420654" version="1" timestamp="2026-09-01T12:00:00Z" changeset="1" uid="1" user="generator"/>
  <node id="2036" lat="52.0803870184" lon="-1.3680185129" version="1" timestamp="2026-09-01T12:00:00Z" changeset="1" uid="1" user="generator"/>
  <node id="2037" lat="52.0801440181" lon="-1.3680624290" version="1" timestamp="2026-09-01T12:00:00Z" changeset="1" uid="1" user="generator"/>
  <node id="2038" lat="52.0799370179" lon="-1.3678428482" version="1" timestamp="2026-09-01T12:00:00Z" changeset="1" uid="1" user="generator"/>
  <node id="2039" lat="52.0798200178" lon="-1.3670377185" version="1" timestamp="2026-09-01T12:00:00Z" changeset="1" uid="1" user="generator"/>
  <node id="2040" lat="52.0796490176" lon="-1.3672865768" version="1" timestamp="2026-09-01T12:00:00Z" changeset="1" uid="1" user="generator"/>
  <node id="2041" lat="52.0793070173" lon="-1.3683405648" version="1" timestamp="2026-09-01T12:00:00Z" changeset="1" uid="1" user="generator"/>
  <node id="2042" lat="52.0788750169" lon="-1.3702435985" version="1" timestamp="2026-09-01T12:00:00Z" changeset="1" uid="1" user="generator"/>
  <node id="2043" lat="52.0787490167" lon="-1.3718538579" version="1" timestamp="2026-09-01T12:00:00Z" changeset="1" uid="1" user="generator"/>
  <node id="2044" lat="52.0787490167" lon="-1.3732591752" version="1" timestamp="2026-09-01T12:00:00Z" changeset="1" uid="1" user="generator"/>
  <node id="2045" lat="52.0795500176" lon="-1.3736836981" version="1" timestamp="2026-09-01T12:00:00Z" changeset="1" uid="1" user="generator"/>
  <node id="2046" lat="52.0878930259" lon="-1.3711219218" version="1" timestamp="2026-09-01T12:00:00Z" changeset="1" uid="1" user="generator"/>
  <node id="2047" lat="52.0871190251" lon="-1.3650907686" version="1" timestamp="2026-09-01T12:00:00Z" changeset="1" uid="1" user="generator"/>
  <node id="2048" lat="52.0851840232" lon="-1.3631145412" version="1" timestamp="2026-09-01T12:00:00Z" changeset="1" uid="1" user="generator"/>
  <node id="2049" lat="52.0827540208" lon="-1.3630852637" version="1" timestamp="2026-09-01T12:00:00Z" changeset="1" uid="1" user="generator"/>
  <node id="2050" lat="52.0820610201" lon="-1.3653835430" version="1" timestamp="2026-09-01T12:00:00Z" changeset="1" uid="1" user="generator"/>
  <node id="2051" lat="52.0811610192" lon="-1.3665253633" version="1" timestamp="2026-09-01T12:00:00Z" changeset="1" uid="1" user="generator"/>
  <node id="2052" lat="52.0811250191" lon="-1.3676379061" version="1" timestamp="2026-09-01T12:00:00Z" changeset="1" uid="1" user="generator"/>
  <node id="2053" lat="52.0809900190" lon="-1.3678282095" version="1" timestamp="2026-09-01T12:00:00Z" changeset="1" uid="1" user="generator"/>
  <node id="2054" lat="52.0804590185" lon="-1.3679892354" version="1" timestamp="2026-09-01T12:00:00Z" changeset="1" uid="1" user="generator"/>
  <node id="2055" lat="52.0811790192" lon="-1.3730542331" version="1" timestamp="2026-09-01T12:00:00Z" changeset="1" uid="1" user="generator"/>
  <node id="2056" lat="52.0818540199" lon="-1.3738593627" version="1" timestamp="2026-09-01T12:00:00Z" changeset="1" uid="1" user="generator"/>
  <node id="2057" lat="52.0824120204" lon="-1.3739179176" version="1" timestamp="2026-09-01T12:00:00Z" changeset="1" uid="1" user="generator"/>
  <node id="2058" lat="52.0832400212" lon="-1.3736544206" version="1" timestamp="2026-09-01T12:00:00Z" changeset="1" uid="1" user="generator"/>
  <node id="2059" lat="52.0814670195" lon="-1.3610504815" version="1" timestamp="2026-09-01T12:00:00Z" changeset="1" uid="1" user="generator"/>
  <node id="2060" lat="52.0814130194" lon="-1.3603185454" version="1" timestamp="2026-09-01T12:00:00Z" changeset="1" uid="1" user="generator"/>
  <node id="2061" lat="52.0810530191" lon="-1.3589717830" version="1" timestamp="2026-09-01T12:00:00Z" changeset="1" uid="1" user="generator"/>
  <node id="2062" lat="52.0800720181" lon="-1.3574639947" version="1" timestamp="2026-09-01T12:00:00Z" changeset="1" uid="1" user="generator"/>
  <node id="2063" lat="52.0796400176" lon="-1.3570833879" version="1" timestamp="2026-09-01T12:00:00Z" changeset="1" uid="1" user="generator"/>
  <node id="2064" lat="52.0790280170" lon="-1.3567906135" version="1" timestamp="2026-09-01T12:00:00Z" changeset="1" uid="1" user="generator"/>
  <node id="2065" lat="52.0782000162" lon="-1.3567320586" version="1" timestamp="2026-09-01T12:00:00Z" changeset="1" uid="1" user="generator"/>
  <node id="2066" lat="52.0773630154" lon="-1.3564832004" version="1" timestamp="2026-09-01T12:00:00Z" changeset="1" uid="1" user="generator"/>
  <node id="2067" lat="52.0766250146" lon="-1.3592938349" version="1" timestamp="2026-09-01T12:00:00Z" changeset="1" uid="1" user="generator"/>
  <node id="2068" lat="52.0781280161" lon="-1.3644905810" version="1" timestamp="2026-09-01T12:00:00Z" changeset="1" uid="1" user="generator"/>
  <node id="2069" lat="52.0798920179" lon="-1.3652225171" version="1" timestamp="2026-09-01T12:00:00Z" changeset="1" uid="1" user="generator"/>
  <node id="2070" lat="52.0790370170" lon="-1.3631291799" version="1" timestamp="2026-09-01T12:00:00Z" changeset="1" uid="1" user="generator"/>
  <node id="2071" lat="52.0791090171" lon="-1.3619288048" version="1" timestamp="2026-09-01T12:00:00Z" changeset="1" uid="1" user="generator"/>
  <node id="2072" lat="52.0792800173" lon="-1.3617092239" version="1" timestamp="2026-09-01T12:00:00Z" changeset="1" uid="1" user="generator"/>
  <node id="2073" lat="52.0804860185" lon="-1.3610651202" version="1" timestamp="2026-09-01T12:00:00Z" changeset="1" uid="1" user="generator"/>
  <node id="2074" lat="52.0814220194" lon="-1.3612700623" version="1" timestamp="2026-09-01T12:00:00Z" changeset="1" uid="1" user="generator"/>
  <node id="2075" lat="52.0853550234" lon="-1.3580056274" version="1" timestamp="2026-09-01T12:00:00Z" changeset="1" uid="1" user="generator"/>
  <node id="2076" lat="52.0853460233" lon="-1.3577567691" version="1" timestamp="2026-09-01T12:00:00Z" changeset="1" uid="1" user="generator"/>
  <node id="2077" lat="52.0845000225" lon="-1.3577567691" version="1" timestamp="2026-09-01T12:00:00Z" changeset="1" uid="1" user="generator"/>
  <node id="2078" lat="52.0842930223" lon="-1.3575371883" version="1" timestamp="2026-09-01T12:00:00Z" changeset="1" uid="1" user="generator"/>
  <node id="2079" lat="52.0841490221" lon="-1.3554292124" version="1" timestamp="2026-09-01T12:00:00Z" changeset="1" uid="1" user="generator"/>
  <node id="2080" lat="52.0839420219" lon="-1.3550632444" version="1" timestamp="2026-09-01T12:00:00Z" changeset="1" uid="1" user="generator"/>
  <node id="2081" lat="52.0822140202" lon="-1.3543020309" version="1" timestamp="2026-09-01T12:00:00Z" changeset="1" uid="1" user="generator"/>
  <node id="2082" lat="52.0819260199" lon="-1.3540092564" version="1" timestamp="2026-09-01T12:00:00Z" changeset="1" uid="1" user="generator"/>
  <node id="2083" lat="52.0809540190" lon="-1.3535700948" version="1" timestamp="2026-09-01T12:00:00Z" changeset="1" uid="1" user="generator"/>
  <node id="2084" lat="52.0806930187" lon="-1.3538189531" version="1" timestamp="2026-09-01T12:00:00Z" changeset="1" uid="1" user="generator"/>
  <node id="2085" lat="52.0810890191" lon="-1.3555170448" version="1" timestamp="2026-09-01T12:00:00Z" changeset="1" uid="1" user="generator"/>
  <node id="2086" lat="52.0815210195" lon="-1.3558390966" version="1" timestamp="2026-09-01T12:00:00Z" changeset="1" uid="1" user="generator"/>
  <node id="2087" lat="52.0818810199" lon="-1.3568345297" version="1" timestamp="2026-09-01T12:00:00Z" changeset="1" uid="1" user="generator"/>
  <node id="2088" lat="52.0818630199" lon="-1.3571273041" version="1" timestamp="2026-09-01T12:00:00Z" changeset="1" uid="1" user="generator"/>
  <node id="2089" lat="52.0815930196" lon="-1.3576542981" version="1" timestamp="2026-09-01T12:00:00Z" changeset="1" uid="1" user="generator"/>
  <node id="2090" lat="52.0823490203" lon="-1.3608748168" version="1" timestamp="2026-09-01T12:00:00Z" changeset="1" uid="1" user="generator"/>
  <node id="2091" lat="52.0827810208" lon="-1.3613139785" version="1" timestamp="2026-09-01T12:00:00Z" changeset="1" uid="1" user="generator"/>
  <node id="2092" lat="52.0829790210" lon="-1.3623094115" version="1" timestamp="2026-09-01T12:00:00Z" changeset="1" uid="1" user="generator"/>
  <node id="2093" lat="52.0828440208" lon="-1.3629388765" version="1" timestamp="2026-09-01T12:00:00Z" changeset="1" uid="1" user="generator"/>
  <node id="2094" lat="52.0851570232" lon="-1.3629827927" version="1" timestamp="2026-09-01T12:00:00Z" changeset="1" uid="1" user="generator"/>
  <node id="2095" lat="52.0836630217" lon="-1.3545508891" version="1" timestamp="2026-09-01T12:00:00Z" changeset="1" uid="1" user="generator"/>
  <node id="2096" lat="52.0833930214" lon="-1.3539360628" version="1" timestamp="2026-09-01T12:00:00Z" changeset="1" uid="1" user="generator"/>
  <node id="2097" lat="52.0836090216" lon="-1.3518573644" version="1" timestamp="2026-09-01T12:00:00Z" changeset="1" uid="1" user="generator"/>
  <node id="2098" lat="52.0823760204" lon="-1.3491784784" version="1" timestamp="2026-09-01T12:00:00Z" changeset="1" uid="1" user="generator"/>
  <node id="2099" lat="52.0815750196" lon="-1.3519159193" version="1" timestamp="2026-09-01T12:00:00Z" changeset="1" uid="1" user="generator"/>
  <node id="2100" lat="52.0815210195" lon="-1.3527649651" version="1" timestamp="2026-09-01T12:00:00Z" changeset="1" uid="1" user="generator"/>
  <node id="2101" lat="52.0817370197" lon="-1.3534090689" version="1" timestamp="2026-09-01T12:00:00Z" changeset="1" uid="1" user="generator"/>
  <node id="2102" lat="52.0822500203" lon="-1.3539507016" version="1" timestamp="2026-09-01T12:00:00Z" changeset="1" uid="1" user="generator"/>
  <node id="2103" lat="52.0819890200" lon="-1.3483733487" version="1" timestamp="2026-09-01T12:00:00Z" changeset="1" uid="1" user="generator"/>
  <node id="2104" lat="52.0817910198" lon="-1.3477585224" version="1" timestamp="2026-09-01T12:00:00Z" changeset="1" uid="1" user="generator"/>
  <node id="2105" lat="52.0819530200" lon="-1.3471729735" version="1" timestamp="2026-09-01T12:00:00Z" changeset="1" uid="1" user="generator"/>
  <node id="2106" lat="52.0818990199" lon="-1.3462653728" version="1" timestamp="2026-09-01T12:00:00Z" changeset="1" uid="1" user="generator"/>
  <node id="2107" lat="52.0812510193" lon="-1.3415517045" version="1" timestamp="2026-09-01T12:00:00Z" changeset="1" uid="1" user="generator"/>
  <node id="2108" lat="52.0810260190" lon="-1.3410100718" version="1" timestamp="2026-09-01T12:00:00Z" changeset="1" uid="1" user="generator"/>
  <node id="2109" lat="52.0763550144" lon="-1.3490467299" version="1" timestamp="2026-09-01T12:00:00Z" changeset="1" uid="1" user="generator"/>
  <node id="2110" lat="52.0763010143" lon="-1.3502763825" version="1" timestamp="2026-09-01T12:00:00Z" changeset="1" uid="1" user="generator"/>
  <node id="2111" lat="52.0777410157" lon="-1.3534383463" version="1" timestamp="2026-09-01T12:00:00Z" changeset="1" uid="1" user="generator"/>
  <node id="2112" lat="52.0782360162" lon="-1.3539507016" version="1" timestamp="2026-09-01T12:00:00Z" changeset="1" uid="1" user="generator"/>
  <node id="2113" lat="52.0806660187" lon="-1.3537457595" version="1" timestamp="2026-09-01T12:00:00Z" changeset="1" uid="1" user="generator"/>
  <node id="2114" lat="52.0809090189" lon="-1.3534676237" version="1" timestamp="2026-09-01T12:00:00Z" changeset="1" uid="1" user="generator"/>
  <node id="2115" lat="52.0817550198" lon="-1.3506569892" version="1" timestamp="2026-09-01T12:00:00Z" changeset="1" uid="1" user="generator"/>
  <node id="2116" lat="52.0819530200" lon="-1.3493687817" version="1" timestamp="2026-09-01T12:00:00Z" changeset="1" uid="1" user="generator"/>
  <node id="2117" lat="52.0852470232" lon="-1.3333540205" version="1" timestamp="2026-09-01T12:00:00Z" changeset="1" uid="1" user="generator"/>
  <node id="2118" lat="52.0821060201" lon="-1.3303530826" version="1" timestamp="2026-09-01T12:00:00Z" changeset="1" uid="1" user="generator"/>
  <node id="2119" lat="52.0808010188" lon="-1.3317730385" version="1" timestamp="2026-09-01T12:00:00Z" changeset="1" uid="1" user="generator"/>
  <node id="2120" lat="52.0811430191" lon="-1.3376578046" version="1" timestamp="2026-09-01T12:00:00Z" changeset="1" uid="1" user="generator"/>
  <node id="2121" lat="52.0846080226" lon="-1.3356815772" version="1" timestamp="2026-09-01T12:00:00Z" changeset="1" uid="1" user="generator"/>
  <node id="2122" lat="52.0821690202" lon="-1.3245122327" version="1" timestamp="2026-09-01T12:00:00Z" changeset="1" uid="1" user="generator"/>
  <node id="2123" lat="52.0814400194" lon="-1.3230629993" version="1" timestamp="2026-09-01T12:00:00Z" changeset="1" uid="1" user="generator"/>
  <node id="2124" lat="52.0773270153" lon="-1.3227848636" version="1" timestamp="2026-09-01T12:00:00Z" changeset="1" uid="1" user="generator"/>
  <node id="2125" lat="52.0773270153" lon="-1.3231947478" version="1" timestamp="2026-09-01T12:00:00Z" changeset="1" uid="1" user="generator"/>
  <node id="2126" lat="52.0775430155" lon="-1.3238681289" version="1" timestamp="2026-09-01T12:00:00Z" changeset="1" uid="1" user="generator"/>
  <node id="2127" lat="52.0787130167" lon="-1.3268544281" version="1" timestamp="2026-09-01T12:00:00Z" changeset="1" uid="1" user="generator"/>
  <node id="2128" lat="52.0807020187" lon="-1.3314656254" version="1" timestamp="2026-09-01T12:00:00Z" changeset="1" uid="1" user="generator"/>
  <node id="2129" lat="52.0819170199" lon="-1.3301920566" version="1" timestamp="2026-09-01T12:00:00Z" changeset="1" uid="1" user="generator"/>
  <node id="2130" lat="52.0814310194" lon="-1.3296650626" version="1" timestamp="2026-09-01T12:00:00Z" changeset="1" uid="1" user="generator"/>
  <node id="2131" lat="52.0820070200" lon="-1.3251563364" version="1" timestamp="2026-09-01T12:00:00Z" changeset="1" uid="1" user="generator"/>
  <node id="2132" lat="52.0851390231" lon="-1.3210282170" version="1" timestamp="2026-09-01T12:00:00Z" changeset="1" uid="1" user="generator"/>
  <node id="2133" lat="52.0839240219" lon="-1.3209843008" version="1" timestamp="2026-09-01T12:00:00Z" changeset="1" uid="1" user="generator"/>
  <node id="2134" lat="52.0832760213" lon="-1.3204865843" version="1" timestamp="2026-09-01T12:00:00Z" changeset="1" uid="1" user="generator"/>
  <node id="2135" lat="52.0829250209" lon="-1.3201498937" version="1" timestamp="2026-09-01T12:00:00Z" changeset="1" uid="1" user="generator"/>
  <node id="2136" lat="52.0824210204" lon="-1.3189202411" version="1" timestamp="2026-09-01T12:00:00Z" changeset="1" uid="1" user="generator"/>
  <node id="2137" lat="52.0827000207" lon="-1.3184371633" version="1" timestamp="2026-09-01T12:00:00Z" changeset="1" uid="1" user="generator"/>
  <node id="2138" lat="52.0844280224" lon="-1.3168854588" version="1" timestamp="2026-09-01T12:00:00Z" changeset="1" uid="1" user="generator"/>
  <node id="2139" lat="52.0845720226" lon="-1.3167683490" version="1" timestamp="2026-09-01T12:00:00Z" changeset="1" uid="1" user="generator"/>
  <node id="2140" lat="52.0847700228" lon="-1.3169440137" version="1" timestamp="2026-09-01T12:00:00Z" changeset="1" uid="1" user="generator"/>
  <node id="2141" lat="52.0850310230" lon="-1.3166658780" version="1" timestamp="2026-09-01T12:00:00Z" changeset="1" uid="1" user="generator"/>
  <node id="2142" lat="52.0846710227" lon="-1.3152898382" version="1" timestamp="2026-09-01T12:00:00Z" changeset="1" uid="1" user="generator"/>
  <node id="2143" lat="52.0844910225" lon="-1.3147335668" version="1" timestamp="2026-09-01T12:00:00Z" changeset="1" uid="1" user="generator"/>
  <node id="2144" lat="52.0844100224" lon="-1.3147189280" version="1" timestamp="2026-09-01T12:00:00Z" changeset="1" uid="1" user="generator"/>
  <node id="2145" lat="52.0786320166" lon="-1.3173246205" version="1" timestamp="2026-09-01T12:00:00Z" changeset="1" uid="1" user="generator"/>
  <node id="2146" lat="52.0772190152" lon="-1.3222285921" version="1" timestamp="2026-09-01T12:00:00Z" changeset="1" uid="1" user="generator"/>
  <node id="2147" lat="52.0773540154" lon="-1.3226531151" version="1" timestamp="2026-09-01T12:00:00Z" changeset="1" uid="1" user="generator"/>
  <node id="2148" lat="52.0814940195" lon="-1.3229458895" version="1" timestamp="2026-09-01T12:00:00Z" changeset="1" uid="1" user="generator"/>
  <node id="2149" lat="52.0848870229" lon="-1.3116301578" version="1" timestamp="2026-09-01T12:00:00Z" changeset="1" uid="1" user="generator"/>
  <node id="2150" lat="52.0809360189" lon="-1.3059942500" version="1" timestamp="2026-09-01T12:00:00Z" changeset="1" uid="1" user="generator"/>
  <node id="2151" lat="52.0778850159" lon="-1.3084389165" version="1" timestamp="2026-09-01T12:00:00Z" changeset="1" uid="1" user="generator"/>
  <node id="2152" lat="52.0786320166" lon="-1.3172075107" version="1" timestamp="2026-09-01T12:00:00Z" changeset="1" uid="1" user="generator"/>
  <node id="2153" lat="52.0844460224" lon="-1.3146018183" version="1" timestamp="2026-09-01T12:00:00Z" changeset="1" uid="1" user="generator"/>
  <node id="2154" lat="52.0846530227" lon="-1.3126841457" version="1" timestamp="2026-09-01T12:00:00Z" changeset="1" uid="1" user="generator"/>
  <node id="2155" lat="52.0847790228" lon="-1.3123913713" version="1" timestamp="2026-09-01T12:00:00Z" changeset="1" uid="1" user="generator"/>
  <node id="2156" lat="52.0856430236" lon="-1.3022028212" version="1" timestamp="2026-09-01T12:00:00Z" changeset="1" uid="1" user="generator"/>
  <node id="2157" lat="52.0855620236" lon="-1.3014855238" version="1" timestamp="2026-09-01T12:00:00Z" changeset="1" uid="1" user="generator"/>
  <node id="2158" lat="52.0846620227" lon="-1.3019539629" version="1" timestamp="2026-09-01T12:00:00Z" changeset="1" uid="1" user="generator"/>
  <node id="2159" lat="52.0815120195" lon="-1.3002265938" version="1" timestamp="2026-09-01T12:00:00Z" changeset="1" uid="1" user="generator"/>
  <node id="2160" lat="52.0813410193" lon="-1.3000070130" version="1" timestamp="2026-09-01T12:00:00Z" changeset="1" uid="1" user="generator"/>
  <node id="2161" lat="52.0812690193" lon="-1.2988066378" version="1" timestamp="2026-09-01T12:00:00Z" changeset="1" uid="1" user="generator"/>
  <node id="2162" lat="52.0821060201" lon="-1.2963619713" version="1" timestamp="2026-09-01T12:00:00Z" changeset="1" uid="1" user="generator"/>
  <node id="2163" lat="52.0816560197" lon="-1.2960399194" version="1" timestamp="2026-09-01T12:00:00Z" changeset="1" uid="1" user="generator"/>
  <node id="2164" lat="52.0806930187" lon="-1.2977526499" version="1" timestamp="2026-09-01T12:00:00Z" changeset="1" uid="1" user="generator"/>
  <node id="2165" lat="52.0813500194" lon="-1.3041790486" version="1" timestamp="2026-09-01T12:00:00Z" changeset="1" uid="1" user="generator"/>
  <node id="2166" lat="52.0822230202" lon="-1.2929804267" version="1" timestamp="2026-09-01T12:00:00Z" changeset="1" uid="1" user="generator"/>
  <node id="2167" lat="52.0803780184" lon="-1.2867882475" version="1" timestamp="2026-09-01T12:00:00Z" changeset="1" uid="1" user="generator"/>
  <node id="2168" lat="52.0788660169" lon="-1.2881642873" version="1" timestamp="2026-09-01T12:00:00Z" changeset="1" uid="1" user="generator"/>
  <node id="2169" lat="52.0763010143" lon="-1.2901990696" version="1" timestamp="2026-09-01T12:00:00Z" changeset="1" uid="1" user="generator"/>
  <node id="2170" lat="52.0761750142" lon="-1.2940344146" version="1" timestamp="2026-09-01T12:00:00Z" changeset="1" uid="1" user="generator"/>
  <node id="2171" lat="52.0759950140" lon="-1.2963766100" version="1" timestamp="2026-09-01T12:00:00Z" changeset="1" uid="1" user="generator"/>
  <node id="2172" lat="52.0806480186" lon="-1.2977087337" version="1" timestamp="2026-09-01T12:00:00Z" changeset="1" uid="1" user="generator"/>
  <node id="2173" lat="52.0816290196" lon="-1.2959667258" version="1" timestamp="2026-09-01T12:00:00Z" changeset="1" uid="1" user="generator"/>
  <node id="2174" lat="52.0845090225" lon="-1.2865393892" version="1" timestamp="2026-09-01T12:00:00Z" changeset="1" uid="1" user="generator"/>
  <node id="2175" lat="52.0841760222" lon="-1.2859392016" version="1" timestamp="2026-09-01T12:00:00Z" changeset="1" uid="1" user="generator"/>
  <node id="2176" lat="52.0834920215" lon="-1.2852072656" version="1" timestamp="2026-09-01T12:00:00Z" changeset="1" uid="1" user="generator"/>
  <node id="2177" lat="52.0824840205" lon="-1.2844753295" version="1" timestamp="2026-09-01T12:00:00Z" changeset="1" uid="1" user="generator"/>
  <node id="2178" lat="52.0817820198" lon="-1.2841825551" version="1" timestamp="2026-09-01T12:00:00Z" changeset="1" uid="1" user="generator"/>
  <node id="2179" lat="52.0813680194" lon="-1.2842118325" version="1" timestamp="2026-09-01T12:00:00Z" changeset="1" uid="1" user="generator"/>
  <node id="2180" lat="52.0809090189" lon="-1.2846656329" version="1" timestamp="2026-09-01T12:00:00Z" changeset="1" uid="1" user="generator"/>
  <node id="2181" lat="52.0804590185" lon="-1.2867150539" version="1" timestamp="2026-09-01T12:00:00Z" changeset="1" uid="1" user="generator"/>
  <node id="2182" lat="52.0822860203" lon="-1.2928779556" version="1" timestamp="2026-09-01T12:00:00Z" changeset="1" uid="1" user="generator"/>
  <node id="2183" lat="52.0827630208" lon="-1.2927462071" version="1" timestamp="2026-09-01T12:00:00Z" changeset="1" uid="1" user="generator"/>
  <node id="2184" lat="52.0828170208" lon="-1.2920728259" version="1" timestamp="2026-09-01T12:00:00Z" changeset="1" uid="1" user="generator"/>
  <node id="2185" lat="52.0833750214" lon="-1.2910188380" version="1" timestamp="2026-09-01T12:00:00Z" changeset="1" uid="1" user="generator"/>
  <node id="2186" lat="52.0788570169" lon="-1.3942218243" version="1" timestamp="2026-09-01T12:00:00Z" changeset="1" uid="1" user="generator"/>
  <node id="2187" lat="52.0787850168" lon="-1.3936655529" version="1" timestamp="2026-09-01T12:00:00Z" changeset="1" uid="1" user="generator"/>
  <node id="2188" lat="52.0744740125" lon="-1.3869171023" version="1" timestamp="2026-09-01T12:00:00Z" changeset="1" uid="1" user="generator"/>
  <node id="2189" lat="52.0728000108" lon="-1.3867414376" version="1" timestamp="2026-09-01T12:00:00Z" changeset="1" uid="1" user="generator"/>
  <node id="2190" lat="52.0722240102" lon="-1.3871220444" version="1" timestamp="2026-09-01T12:00:00Z" changeset="1" uid="1" user="generator"/>
  <node id="2191" lat="52.0716750097" lon="-1.3879564515" version="1" timestamp="2026-09-01T12:00:00Z" changeset="1" uid="1" user="generator"/>
  <node id="2192" lat="52.0730520111" lon="-1.3999162870" version="1" timestamp="2026-09-01T12:00:00Z" changeset="1" uid="1" user="generator"/>
  <node id="2193" lat="52.0766880147" lon="-1.3999162870" version="1" timestamp="2026-09-01T12:00:00Z" changeset="1" uid="1" user="generator"/>
  <node id="2194" lat="52.0773450153" lon="-1.3827157892" version="1" timestamp="2026-09-01T12:00:00Z" changeset="1" uid="1" user="generator"/>
  <node id="2195" lat="52.0773360153" lon="-1.3825547633" version="1" timestamp="2026-09-01T12:00:00Z" changeset="1" uid="1" user="generator"/>
  <node id="2196" lat="52.0770840151" lon="-1.3826718731" version="1" timestamp="2026-09-01T12:00:00Z" changeset="1" uid="1" user="generator"/>
  <node id="2197" lat="52.0768770149" lon="-1.3824522922" version="1" timestamp="2026-09-01T12:00:00Z" changeset="1" uid="1" user="generator"/>
  <node id="2198" lat="52.0759590140" lon="-1.3800222645" version="1" timestamp="2026-09-01T12:00:00Z" changeset="1" uid="1" user="generator"/>
  <node id="2199" lat="52.0755540136" lon="-1.3779289273" version="1" timestamp="2026-09-01T12:00:00Z" changeset="1" uid="1" user="generator"/>
  <node id="2200" lat="52.0722060102" lon="-1.3794513543" version="1" timestamp="2026-09-01T12:00:00Z" changeset="1" uid="1" user="generator"/>
  <node id="2201" lat="52.0718910099" lon="-1.3800808194" version="1" timestamp="2026-09-01T12:00:00Z" changeset="1" uid="1" user="generator"/>
  <node id="2202" lat="52.0725210105" lon="-1.3862876373" version="1" timestamp="2026-09-01T12:00:00Z" changeset="1" uid="1" user="generator"/>
  <node id="2203" lat="52.0725840106" lon="-1.3863608309" version="1" timestamp="2026-09-01T12:00:00Z" changeset="1" uid="1" user="generator"/>
  <node id="2204" lat="52.0736820117" lon="-1.3865072181" version="1" timestamp="2026-09-01T12:00:00Z" changeset="1" uid="1" user="generator"/>
  <node id="2205" lat="52.0742760123" lon="-1.3864486632" version="1" timestamp="2026-09-01T12:00:00Z" changeset="1" uid="1" user="generator"/>
  <node id="2206" lat="52.0754100134" lon="-1.3858338369" version="1" timestamp="2026-09-01T12:00:00Z" changeset="1" uid="1" user="generator"/>
  <node id="2207" lat="52.0762020142" lon="-1.3851311783" version="1" timestamp="2026-09-01T12:00:00Z" changeset="1" uid="1" user="generator"/>
  <node id="2208" lat="52.0765620146" lon="-1.3849555136" version="1" timestamp="2026-09-01T12:00:00Z" changeset="1" uid="1" user="generator"/>
  <node id="2209" lat="52.0771650152" lon="-1.3843846035" version="1" timestamp="2026-09-01T12:00:00Z" changeset="1" uid="1" user="generator"/>
  <node id="2210" lat="52.0756530137" lon="-1.3749572669" version="1" timestamp="2026-09-01T12:00:00Z" changeset="1" uid="1" user="generator"/>
  <node id="2211" lat="52.0744920125" lon="-1.3726004327" version="1" timestamp="2026-09-01T12:00:00Z" changeset="1" uid="1" user="generator"/>
  <node id="2212" lat="52.0732500113" lon="-1.3718392192" version="1" timestamp="2026-09-01T12:00:00Z" changeset="1" uid="1" user="generator"/>
  <node id="2213" lat="52.0722510103" lon="-1.3792903284" version="1" timestamp="2026-09-01T12:00:00Z" changeset="1" uid="1" user="generator"/>
  <node id="2214" lat="52.0755360135" lon="-1.3778410950" version="1" timestamp="2026-09-01T12:00:00Z" changeset="1" uid="1" user="generator"/>
  <node id="2215" lat="52.0754190134" lon="-1.3771237976" version="1" timestamp="2026-09-01T12:00:00Z" changeset="1" uid="1" user="generator"/>
  <node id="2216" lat="52.0775790156" lon="-1.3646223295" version="1" timestamp="2026-09-01T12:00:00Z" changeset="1" uid="1" user="generator"/>
  <node id="2217" lat="52.0775790156" lon="-1.3636561739" version="1" timestamp="2026-09-01T12:00:00Z" changeset="1" uid="1" user="generator"/>
  <node id="2218" lat="52.0774170154" lon="-1.3626607408" version="1" timestamp="2026-09-01T12:00:00Z" changeset="1" uid="1" user="generator"/>
  <node id="2219" lat="52.0764540145" lon="-1.3594841383" version="1" timestamp="2026-09-01T12:00:00Z" changeset="1" uid="1" user="generator"/>
  <node id="2220" lat="52.0709010089" lon="-1.3594987770" version="1" timestamp="2026-09-01T12:00:00Z" changeset="1" uid="1" user="generator"/>
  <node id="2221" lat="52.0719090099" lon="-1.3678721257" version="1" timestamp="2026-09-01T12:00:00Z" changeset="1" uid="1" user="generator"/>
  <node id="2222" lat="52.0725480105" lon="-1.3684430358" version="1" timestamp="2026-09-01T12:00:00Z" changeset="1" uid="1" user="generator"/>
  <node id="2223" lat="52.0734660115" lon="-1.3684430358" version="1" timestamp="2026-09-01T12:00:00Z" changeset="1" uid="1" user="generator"/>
  <node id="2224" lat="52.0743480123" lon="-1.3680624290" version="1" timestamp="2026-09-01T12:00:00Z" changeset="1" uid="1" user="generator"/>
  <node id="2225" lat="52.0756440136" lon="-1.3672133832" version="1" timestamp="2026-09-01T12:00:00Z" changeset="1" uid="1" user="generator"/>
  <node id="2226" lat="52.0769220149" lon="-1.3660422855" version="1" timestamp="2026-09-01T12:00:00Z" changeset="1" uid="1" user="generator"/>
  <node id="2227" lat="52.0773630154" lon="-1.3653835430" version="1" timestamp="2026-09-01T12:00:00Z" changeset="1" uid="1" user="generator"/>
  <node id="2228" lat="52.0809990190" lon="-1.3409368782" version="1" timestamp="2026-09-01T12:00:00Z" changeset="1" uid="1" user="generator"/>
  <node id="2229" lat="52.0807650188" lon="-1.3396779481" version="1" timestamp="2026-09-01T12:00:00Z" changeset="1" uid="1" user="generator"/>
  <node id="2230" lat="52.0807200187" lon="-1.3389313733" version="1" timestamp="2026-09-01T12:00:00Z" changeset="1" uid="1" user="generator"/>
  <node id="2231" lat="52.0770120150" lon="-1.3381116049" version="1" timestamp="2026-09-01T12:00:00Z" changeset="1" uid="1" user="generator"/>
  <node id="2232" lat="52.0767060147" lon="-1.3388142636" version="1" timestamp="2026-09-01T12:00:00Z" changeset="1" uid="1" user="generator"/>
  <node id="2233" lat="52.0757160137" lon="-1.3391948703" version="1" timestamp="2026-09-01T12:00:00Z" changeset="1" uid="1" user="generator"/>
  <node id="2234" lat="52.0744110124" lon="-1.3431912413" version="1" timestamp="2026-09-01T12:00:00Z" changeset="1" uid="1" user="generator"/>
  <node id="2235" lat="52.0749870130" lon="-1.3448600555" version="1" timestamp="2026-09-01T12:00:00Z" changeset="1" uid="1" user="generator"/>
  <node id="2236" lat="52.0750770131" lon="-1.3464995923" version="1" timestamp="2026-09-01T12:00:00Z" changeset="1" uid="1" user="generator"/>
  <node id="2237" lat="52.0763100143" lon="-1.3490028137" version="1" timestamp="2026-09-01T12:00:00Z" changeset="1" uid="1" user="generator"/>
  <node id="2238" lat="52.0809270189" lon="-1.3378627467" version="1" timestamp="2026-09-01T12:00:00Z" changeset="1" uid="1" user="generator"/>
  <node id="2239" lat="52.0808730189" lon="-1.3355205512" version="1" timestamp="2026-09-01T12:00:00Z" changeset="1" uid="1" user="generator"/>
  <node id="2240" lat="52.0806030186" lon="-1.3317730385" version="1" timestamp="2026-09-01T12:00:00Z" changeset="1" uid="1" user="generator"/>
  <node id="2241" lat="52.0785510166" lon="-1.3270008153" version="1" timestamp="2026-09-01T12:00:00Z" changeset="1" uid="1" user="generator"/>
  <node id="2242" lat="52.0772100152" lon="-1.3236192707" version="1" timestamp="2026-09-01T12:00:00Z" changeset="1" uid="1" user="generator"/>
  <node id="2243" lat="52.0739790120" lon="-1.3301335017" version="1" timestamp="2026-09-01T12:00:00Z" changeset="1" uid="1" user="generator"/>
  <node id="2244" lat="52.0751490131" lon="-1.3358426031" version="1" timestamp="2026-09-01T12:00:00Z" changeset="1" uid="1" user="generator"/>
  <node id="2245" lat="52.0761300141" lon="-1.3355059125" version="1" timestamp="2026-09-01T12:00:00Z" changeset="1" uid="1" user="generator"/>
  <node id="2246" lat="52.0762740143" lon="-1.3355644674" version="1" timestamp="2026-09-01T12:00:00Z" changeset="1" uid="1" user="generator"/>
  <node id="2247" lat="52.0771290151" lon="-1.3374821399" version="1" timestamp="2026-09-01T12:00:00Z" changeset="1" uid="1" user="generator"/>
  <node id="2248" lat="52.0771200151" lon="-1.3380237726" version="1" timestamp="2026-09-01T12:00:00Z" changeset="1" uid="1" user="generator"/>
  <node id="2249" lat="52.0807380187" lon="-1.3388142636" version="1" timestamp="2026-09-01T12:00:00Z" changeset="1" uid="1" user="generator"/>
  <node id="2250" lat="52.0785690166" lon="-1.3172807043" version="1" timestamp="2026-09-01T12:00:00Z" changeset="1" uid="1" user="generator"/>
  <node id="2251" lat="52.0777860158" lon="-1.3084242778" version="1" timestamp="2026-09-01T12:00:00Z" changeset="1" uid="1" user="generator"/>
  <node id="2252" lat="52.0755180135" lon="-1.3069604057" version="1" timestamp="2026-09-01T12:00:00Z" changeset="1" uid="1" user="generator"/>
  <node id="2253" lat="52.0750950131" lon="-1.3072385414" version="1" timestamp="2026-09-01T12:00:00Z" changeset="1" uid="1" user="generator"/>
  <node id="2254" lat="52.0755540136" lon="-1.3076045094" version="1" timestamp="2026-09-01T12:00:00Z" changeset="1" uid="1" user="generator"/>
  <node id="2255" lat="52.0773810154" lon="-1.3107811120" version="1" timestamp="2026-09-01T12:00:00Z" changeset="1" uid="1" user="generator"/>
  <node id="2256" lat="52.0763730144" lon="-1.3135039141" version="1" timestamp="2026-09-01T12:00:00Z" changeset="1" uid="1" user="generator"/>
  <node id="2257" lat="52.0758960139" lon="-1.3138406047" version="1" timestamp="2026-09-01T12:00:00Z" changeset="1" uid="1" user="generator"/>
  <node id="2258" lat="52.0756890137" lon="-1.3135331916" version="1" timestamp="2026-09-01T12:00:00Z" changeset="1" uid="1" user="generator"/>
  <node id="2259" lat="52.0737450117" lon="-1.3086731361" version="1" timestamp="2026-09-01T12:00:00Z" changeset="1" uid="1" user="generator"/>
  <node id="2260" lat="52.0737360117" lon="-1.3083364455" version="1" timestamp="2026-09-01T12:00:00Z" changeset="1" uid="1" user="generator"/>
  <node id="2261" lat="52.0730610111" lon="-1.3093757947" version="1" timestamp="2026-09-01T12:00:00Z" changeset="1" uid="1" user="generator"/>
  <node id="2262" lat="52.0726290106" lon="-1.3106054473" version="1" timestamp="2026-09-01T12:00:00Z" changeset="1" uid="1" user="generator"/>
  <node id="2263" lat="52.0722870103" lon="-1.3124792036" version="1" timestamp="2026-09-01T12:00:00Z" changeset="1" uid="1" user="generator"/>
  <node id="2264" lat="52.0717380097" lon="-1.3179394468" version="1" timestamp="2026-09-01T12:00:00Z" changeset="1" uid="1" user="generator"/>
  <node id="2265" lat="52.0771560152" lon="-1.3221846760" version="1" timestamp="2026-09-01T12:00:00Z" changeset="1" uid="1" user="generator"/>
  <node id="2266" lat="52.0812870193" lon="-1.3042815196" version="1" timestamp="2026-09-01T12:00:00Z" changeset="1" uid="1" user="generator"/>
  <node id="2267" lat="52.0806120186" lon="-1.2978258435" version="1" timestamp="2026-09-01T12:00:00Z" changeset="1" uid="1" user="generator"/>
  <node id="2268" lat="52.0759680140" lon="-1.2964790811" version="1" timestamp="2026-09-01T12:00:00Z" changeset="1" uid="1" user="generator"/>
  <node id="2269" lat="52.0753110133" lon="-1.2975477078" version="1" timestamp="2026-09-01T12:00:00Z" changeset="1" uid="1" user="generator"/>
  <node id="2270" lat="52.0751310131" lon="-1.2983967536" version="1" timestamp="2026-09-01T12:00:00Z" changeset="1" uid="1" user="generator"/>
  <node id="2271" lat="52.0750770131" lon="-1.3000362904" version="1" timestamp="2026-09-01T12:00:00Z" changeset="1" uid="1" user="generator"/>
  <node id="2272" lat="52.0753290133" lon="-1.3035788610" version="1" timestamp="2026-09-01T12:00:00Z" changeset="1" uid="1" user="generator"/>
  <node id="2273" lat="52.0752930133" lon="-1.3042522422" version="1" timestamp="2026-09-01T12:00:00Z" changeset="1" uid="1" user="generator"/>
  <node id="2274" lat="52.0755360135" lon="-1.3068725733" version="1" timestamp="2026-09-01T12:00:00Z" changeset="1" uid="1" user="generator"/>
  <node id="2275" lat="52.0778760159" lon="-1.3083364455" version="1" timestamp="2026-09-01T12:00:00Z" changeset="1" uid="1" user="generator"/>
  <node id="2276" lat="52.0809000189" lon="-1.3059064177" version="1" timestamp="2026-09-01T12:00:00Z" changeset="1" uid="1" user="generator"/>
  <node id="2277" lat="52.0760850141" lon="-1.2910188380" version="1" timestamp="2026-09-01T12:00:00Z" changeset="1" uid="1" user="generator"/>
  <node id="2278" lat="52.0760760141" lon="-1.2906528699" version="1" timestamp="2026-09-01T12:00:00Z" changeset="1" uid="1" user="generator"/>
  <node id="2279" lat="52.0758600139" lon="-1.2907699797" version="1" timestamp="2026-09-01T12:00:00Z" changeset="1" uid="1" user="generator"/>
  <node id="2280" lat="52.0742220122" lon="-1.2893939399" version="1" timestamp="2026-09-01T12:00:00Z" changeset="1" uid="1" user="generator"/>
  <node id="2281" lat="52.0739970120" lon="-1.2890279719" version="1" timestamp="2026-09-01T12:00:00Z" changeset="1" uid="1" user="generator"/>
  <node id="2282" lat="52.0742310122" lon="-1.2878568741" version="1" timestamp="2026-09-01T12:00:00Z" changeset="1" uid="1" user="generator"/>
  <node id="2283" lat="52.0731240111" lon="-1.2865247505" version="1" timestamp="2026-09-01T12:00:00Z" changeset="1" uid="1" user="generator"/>
  <node id="2284" lat="52.0685790066" lon="-1.2905211214" version="1" timestamp="2026-09-01T12:00:00Z" changeset="1" uid="1" user="generator"/>
  <node id="2285" lat="52.0697760078" lon="-1.2966840232" version="1" timestamp="2026-09-01T12:00:00Z" changeset="1" uid="1" user="generator"/>
  <node id="2286" lat="52.0746900127" lon="-1.2980307856" version="1" timestamp="2026-09-01T12:00:00Z" changeset="1" uid="1" user="generator"/>
  <node id="2287" lat="52.0750950131" lon="-1.2975769852" version="1" timestamp="2026-09-01T12:00:00Z" changeset="1" uid="1" user="generator"/>
  <node id="2288" lat="52.0751310131" lon="-1.2973720431" version="1" timestamp="2026-09-01T12:00:00Z" changeset="1" uid="1" user="generator"/>
  <node id="2289" lat="52.0754550135" lon="-1.2969036040" version="1" timestamp="2026-09-01T12:00:00Z" changeset="1" uid="1" user="generator"/>
  <node id="2290" lat="52.0756890137" lon="-1.2962009454" version="1" timestamp="2026-09-01T12:00:00Z" changeset="1" uid="1" user="generator"/>
  <node id="2291" lat="52.0759770140" lon="-1.2939758597" version="1" timestamp="2026-09-01T12:00:00Z" changeset="1" uid="1" user="generator"/>
  <node id="2292" lat="52.0810710191" lon="-1.2832603156" version="1" timestamp="2026-09-01T12:00:00Z" changeset="1" uid="1" user="generator"/>
  <node id="2293" lat="52.0809000189" lon="-1.2801129905" version="1" timestamp="2026-09-01T12:00:00Z" changeset="1" uid="1" user="generator"/>
  <node id="2294" lat="52.0738080118" lon="-1.2801129905" version="1" timestamp="2026-09-01T12:00:00Z" changeset="1" uid="1" user="generator"/>
  <node id="2295" lat="52.0732230112" lon="-1.2862758922" version="1" timestamp="2026-09-01T12:00:00Z" changeset="1" uid="1" user="generator"/>
  <node id="2296" lat="52.0743480123" lon="-1.2876372933" version="1" timestamp="2026-09-01T12:00:00Z" changeset="1" uid="1" user="generator"/>
  <node id="2297" lat="52.0765080145" lon="-1.2849730460" version="1" timestamp="2026-09-01T12:00:00Z" changeset="1" uid="1" user="generator"/>
  <node id="2298" lat="52.0767330147" lon="-1.2852511817" version="1" timestamp="2026-09-01T12:00:00Z" changeset="1" uid="1" user="generator"/>
  <node id="2299" lat="52.0771470151" lon="-1.2868614411" version="1" timestamp="2026-09-01T12:00:00Z" changeset="1" uid="1" user="generator"/>
  <node id="2300" lat="52.0771650152" lon="-1.2885009779" version="1" timestamp="2026-09-01T12:00:00Z" changeset="1" uid="1" user="generator"/>
  <node id="2301" lat="52.0767060147" lon="-1.2894817722" version="1" timestamp="2026-09-01T12:00:00Z" changeset="1" uid="1" user="generator"/>
  <node id="2302" lat="52.0788480168" lon="-1.2877836805" version="1" timestamp="2026-09-01T12:00:00Z" changeset="1" uid="1" user="generator"/>
  <node id="2303" lat="52.0798560179" lon="-1.2866711377" version="1" timestamp="2026-09-01T12:00:00Z" changeset="1" uid="1" user="generator"/>
  <node id="2304" lat="52.0805670186" lon="-1.2853975689" version="1" timestamp="2026-09-01T12:00:00Z" changeset="1" uid="1" user="generator"/>
  <node id="2305" lat="52.0731690112" lon="-1.3718538579" version="1" timestamp="2026-09-01T12:00:00Z" changeset="1" uid="1" user="generator"/>
  <node id="2306" lat="52.0729350109" lon="-1.3691310557" version="1" timestamp="2026-09-01T12:00:00Z" changeset="1" uid="1" user="generator"/>
  <node id="2307" lat="52.0722780103" lon="-1.3685015907" version="1" timestamp="2026-09-01T12:00:00Z" changeset="1" uid="1" user="generator"/>
  <node id="2308" lat="52.0718280098" lon="-1.3684430358" version="1" timestamp="2026-09-01T12:00:00Z" changeset="1" uid="1" user="generator"/>
  <node id="2309" lat="52.0711440091" lon="-1.3686479779" version="1" timestamp="2026-09-01T12:00:00Z" changeset="1" uid="1" user="generator"/>
  <node id="2310" lat="52.0680840061" lon="-1.3704631794" version="1" timestamp="2026-09-01T12:00:00Z" changeset="1" uid="1" user="generator"/>
  <node id="2311" lat="52.0679850060" lon="-1.3771530751" version="1" timestamp="2026-09-01T12:00:00Z" changeset="1" uid="1" user="generator"/>
  <node id="2312" lat="52.0718460098" lon="-1.3800369032" version="1" timestamp="2026-09-01T12:00:00Z" changeset="1" uid="1" user="generator"/>
  <node id="2313" lat="52.0721610102" lon="-1.3794074382" version="1" timestamp="2026-09-01T12:00:00Z" changeset="1" uid="1" user="generator"/>
  <node id="2314" lat="52.0773090153" lon="-1.3564539229" version="1" timestamp="2026-09-01T12:00:00Z" changeset="1" uid="1" user="generator"/>
  <node id="2315" lat="52.0765440145" lon="-1.3558244579" version="1" timestamp="2026-09-01T12:00:00Z" changeset="1" uid="1" user="generator"/>
  <node id="2316" lat="52.0756980137" lon="-1.3547704700" version="1" timestamp="2026-09-01T12:00:00Z" changeset="1" uid="1" user="generator"/>
  <node id="2317" lat="52.0747170127" lon="-1.3531162944" version="1" timestamp="2026-09-01T12:00:00Z" changeset="1" uid="1" user="generator"/>
  <node id="2318" lat="52.0740600121" lon="-1.3513742866" version="1" timestamp="2026-09-01T12:00:00Z" changeset="1" uid="1" user="generator"/>
  <node id="2319" lat="52.0707660088" lon="-1.3529845459" version="1" timestamp="2026-09-01T12:00:00Z" changeset="1" uid="1" user="generator"/>
  <node id="2320" lat="52.0692630073" lon="-1.3570980267" version="1" timestamp="2026-09-01T12:00:00Z" changeset="1" uid="1" user="generator"/>
  <node id="2321" lat="52.0708560089" lon="-1.3593670285" version="1" timestamp="2026-09-01T12:00:00Z" changeset="1" uid="1" user="generator"/>
  <node id="2322" lat="52.0765080145" lon="-1.3593670285" version="1" timestamp="2026-09-01T12:00:00Z" changeset="1" uid="1" user="generator"/>
  <node id="2323" lat="52.0744110124" lon="-1.3463239277" version="1" timestamp="2026-09-01T12:00:00Z" changeset="1" uid="1" user="generator"/>
  <node id="2324" lat="52.0743390123" lon="-1.3451528300" version="1" timestamp="2026-09-01T12:00:00Z" changeset="1" uid="1" user="generator"/>
  <node id="2325" lat="52.0739880120" lon="-1.3444062552" version="1" timestamp="2026-09-01T12:00:00Z" changeset="1" uid="1" user="generator"/>
  <node id="2326" lat="52.0716840097" lon="-1.3443184228" version="1" timestamp="2026-09-01T12:00:00Z" changeset="1" uid="1" user="generator"/>
  <node id="2327" lat="52.0708560089" lon="-1.3454309657" version="1" timestamp="2026-09-01T12:00:00Z" changeset="1" uid="1" user="generator"/>
  <node id="2328" lat="52.0703610084" lon="-1.3459140435" version="1" timestamp="2026-09-01T12:00:00Z" changeset="1" uid="1" user="generator"/>
  <node id="2329" lat="52.0711350091" lon="-1.3476999675" version="1" timestamp="2026-09-01T12:00:00Z" changeset="1" uid="1" user="generator"/>
  <node id="2330" lat="52.0708650089" lon="-1.3498372208" version="1" timestamp="2026-09-01T12:00:00Z" changeset="1" uid="1" user="generator"/>
  <node id="2331" lat="52.0705770086" lon="-1.3501592727" version="1" timestamp="2026-09-01T12:00:00Z" changeset="1" uid="1" user="generator"/>
  <node id="2332" lat="52.0707840088" lon="-1.3528674362" version="1" timestamp="2026-09-01T12:00:00Z" changeset="1" uid="1" user="generator"/>
  <node id="2333" lat="52.0740510121" lon="-1.3512718155" version="1" timestamp="2026-09-01T12:00:00Z" changeset="1" uid="1" user="generator"/>
  <node id="2334" lat="52.0739070119" lon="-1.3504813246" version="1" timestamp="2026-09-01T12:00:00Z" changeset="1" uid="1" user="generator"/>
  <node id="2335" lat="52.0738890119" lon="-1.3494273366" version="1" timestamp="2026-09-01T12:00:00Z" changeset="1" uid="1" user="generator"/>
  <node id="2336" lat="52.0750950131" lon="-1.3359011580" version="1" timestamp="2026-09-01T12:00:00Z" changeset="1" uid="1" user="generator"/>
  <node id="2337" lat="52.0739160119" lon="-1.3302066953" version="1" timestamp="2026-09-01T12:00:00Z" changeset="1" uid="1" user="generator"/>
  <node id="2338" lat="52.0703610084" lon="-1.3304848310" version="1" timestamp="2026-09-01T12:00:00Z" changeset="1" uid="1" user="generator"/>
  <node id="2339" lat="52.0697040077" lon="-1.3369697847" version="1" timestamp="2026-09-01T12:00:00Z" changeset="1" uid="1" user="generator"/>
  <node id="2340" lat="52.0699020079" lon="-1.3371454493" version="1" timestamp="2026-09-01T12:00:00Z" changeset="1" uid="1" user="generator"/>
  <node id="2341" lat="52.0704780085" lon="-1.3369405072" version="1" timestamp="2026-09-01T12:00:00Z" changeset="1" uid="1" user="generator"/>
  <node id="2342" lat="52.0715670096" lon="-1.3345543956" version="1" timestamp="2026-09-01T12:00:00Z" changeset="1" uid="1" user="generator"/>
  <node id="2343" lat="52.0717920098" lon="-1.3343055374" version="1" timestamp="2026-09-01T12:00:00Z" changeset="1" uid="1" user="generator"/>
  <node id="2344" lat="52.0731960112" lon="-1.3343640922" version="1" timestamp="2026-09-01T12:00:00Z" changeset="1" uid="1" user="generator"/>
  <node id="2345" lat="52.0746180126" lon="-1.3360621839" version="1" timestamp="2026-09-01T12:00:00Z" changeset="1" uid="1" user="generator"/>
  <node id="2346" lat="52.0771830152" lon="-1.3235167996" version="1" timestamp="2026-09-01T12:00:00Z" changeset="1" uid="1" user="generator"/>
  <node id="2347" lat="52.0770840151" lon="-1.3225067278" version="1" timestamp="2026-09-01T12:00:00Z" changeset="1" uid="1" user="generator"/>
  <node id="2348" lat="52.0716120096" lon="-1.3182322212" version="1" timestamp="2026-09-01T12:00:00Z" changeset="1" uid="1" user="generator"/>
  <node id="2349" lat="52.0703250083" lon="-1.3189495185" version="1" timestamp="2026-09-01T12:00:00Z" changeset="1" uid="1" user="generator"/>
  <node id="2350" lat="52.0691550072" lon="-1.3244536778" version="1" timestamp="2026-09-01T12:00:00Z" changeset="1" uid="1" user="generator"/>
  <node id="2351" lat="52.0687410067" lon="-1.3259175500" version="1" timestamp="2026-09-01T12:00:00Z" changeset="1" uid="1" user="generator"/>
  <node id="2352" lat="52.0683270063" lon="-1.3278791386" version="1" timestamp="2026-09-01T12:00:00Z" changeset="1" uid="1" user="generator"/>
  <node id="2353" lat="52.0703160083" lon="-1.3303530826" version="1" timestamp="2026-09-01T12:00:00Z" changeset="1" uid="1" user="generator"/>
  <node id="2354" lat="52.0739160119" lon="-1.3300895856" version="1" timestamp="2026-09-01T12:00:00Z" changeset="1" uid="1" user="generator"/>
  <node id="2355" lat="52.0751130131" lon="-1.3041351324" version="1" timestamp="2026-09-01T12:00:00Z" changeset="1" uid="1" user="generator"/>
  <node id="2356" lat="52.0747260127" lon="-1.2981478953" version="1" timestamp="2026-09-01T12:00:00Z" changeset="1" uid="1" user="generator"/>
  <node id="2357" lat="52.0697580078" lon="-1.2968011330" version="1" timestamp="2026-09-01T12:00:00Z" changeset="1" uid="1" user="generator"/>
  <node id="2358" lat="52.0670130050" lon="-1.3043107971" version="1" timestamp="2026-09-01T12:00:00Z" changeset="1" uid="1" user="generator"/>
  <node id="2359" lat="52.0725300105" lon="-1.3090098267" version="1" timestamp="2026-09-01T12:00:00Z" changeset="1" uid="1" user="generator"/>
  <node id="2360" lat="52.0743480123" lon="-1.3075166771" version="1" timestamp="2026-09-01T12:00:00Z" changeset="1" uid="1" user="generator"/>
  <node id="2361" lat="52.0747530128" lon="-1.3067701023" version="1" timestamp="2026-09-01T12:00:00Z" changeset="1" uid="1" user="generator"/>
  <node id="2362" lat="52.0750770131" lon="-1.3053062301" version="1" timestamp="2026-09-01T12:00:00Z" changeset="1" uid="1" user="generator"/>
  <node id="2363" lat="52.0737270117" lon="-1.2802740164" version="1" timestamp="2026-09-01T12:00:00Z" changeset="1" uid="1" user="generator"/>
  <node id="2364" lat="52.0737180117" lon="-1.2801129905" version="1" timestamp="2026-09-01T12:00:00Z" changeset="1" uid="1" user="generator"/>
  <node id="2365" lat="52.0655100035" lon="-1.2801129905" version="1" timestamp="2026-09-01T12:00:00Z" changeset="1" uid="1" user="generator"/>
  <node id="2366" lat="52.0663110043" lon="-1.2882082035" version="1" timestamp="2026-09-01T12:00:00Z" changeset="1" uid="1" user="generator"/>
  <node id="2367" lat="52.0685520066" lon="-1.2904186504" version="1" timestamp="2026-09-01T12:00:00Z" changeset="1" uid="1" user="generator"/>
  <node id="2368" lat="52.0731420111" lon="-1.2864076407" version="1" timestamp="2026-09-01T12:00:00Z" changeset="1" uid="1" user="generator"/>
  <node id="2369" lat="52.0729710110" lon="-1.3999016482" version="1" timestamp="2026-09-01T12:00:00Z" changeset="1" uid="1" user="generator"/>
  <node id="2370" lat="52.0715940096" lon="-1.3880589226" version="1" timestamp="2026-09-01T12:00:00Z" changeset="1" uid="1" user="generator"/>
  <node id="2371" lat="52.0653930034" lon="-1.3906792537" version="1" timestamp="2026-09-01T12:00:00Z" changeset="1" uid="1" user="generator"/>
  <node id="2372" lat="52.0646010026" lon="-1.3933727785" version="1" timestamp="2026-09-01T12:00:00Z" changeset="1" uid="1" user="generator"/>
  <node id="2373" lat="52.0650780031" lon="-1.3999162870" version="1" timestamp="2026-09-01T12:00:00Z" changeset="1" uid="1" user="generator"/>
  <node id="2374" lat="52.0724670105" lon="-1.3863754696" version="1" timestamp="2026-09-01T12:00:00Z" changeset="1" uid="1" user="generator"/>
  <node id="2375" lat="52.0718370098" lon="-1.3801686517" version="1" timestamp="2026-09-01T12:00:00Z" changeset="1" uid="1" user="generator"/>
  <node id="2376" lat="52.0679580060" lon="-1.3772555461" version="1" timestamp="2026-09-01T12:00:00Z" changeset="1" uid="1" user="generator"/>
  <node id="2377" lat="52.0665540046" lon="-1.3782509792" version="1" timestamp="2026-09-01T12:00:00Z" changeset="1" uid="1" user="generator"/>
  <node id="2378" lat="52.0661130041" lon="-1.3788511668" version="1" timestamp="2026-09-01T12:00:00Z" changeset="1" uid="1" user="generator"/>
  <node id="2379" lat="52.0656810037" lon="-1.3797880449" version="1" timestamp="2026-09-01T12:00:00Z" changeset="1" uid="1" user="generator"/>
  <node id="2380" lat="52.0652130032" lon="-1.3812519171" version="1" timestamp="2026-09-01T12:00:00Z" changeset="1" uid="1" user="generator"/>
  <node id="2381" lat="52.0641690022" lon="-1.3855264238" version="1" timestamp="2026-09-01T12:00:00Z" changeset="1" uid="1" user="generator"/>
  <node id="2382" lat="52.0654740035" lon="-1.3902840082" version="1" timestamp="2026-09-01T12:00:00Z" changeset="1" uid="1" user="generator"/>
  <node id="2383" lat="52.0692360072" lon="-1.3887615812" version="1" timestamp="2026-09-01T12:00:00Z" changeset="1" uid="1" user="generator"/>
  <node id="2384" lat="52.0709460089" lon="-1.3879125354" version="1" timestamp="2026-09-01T12:00:00Z" changeset="1" uid="1" user="generator"/>
  <node id="2385" lat="52.0719180099" lon="-1.3872098767" version="1" timestamp="2026-09-01T12:00:00Z" changeset="1" uid="1" user="generator"/>
  <node id="2386" lat="52.0678770059" lon="-1.3745766601" version="1" timestamp="2026-09-01T12:00:00Z" changeset="1" uid="1" user="generator"/>
  <node id="2387" lat="52.0678770059" lon="-1.3703899858" version="1" timestamp="2026-09-01T12:00:00Z" changeset="1" uid="1" user="generator"/>
  <node id="2388" lat="52.0654020034" lon="-1.3676232674" version="1" timestamp="2026-09-01T12:00:00Z" changeset="1" uid="1" user="generator"/>
  <node id="2389" lat="52.0646640027" lon="-1.3669791637" version="1" timestamp="2026-09-01T12:00:00Z" changeset="1" uid="1" user="generator"/>
  <node id="2390" lat="52.0644120024" lon="-1.3669498862" version="1" timestamp="2026-09-01T12:00:00Z" changeset="1" uid="1" user="generator"/>
  <node id="2391" lat="52.0620630001" lon="-1.3739618338" version="1" timestamp="2026-09-01T12:00:00Z" changeset="1" uid="1" user="generator"/>
  <node id="2392" lat="52.0657260037" lon="-1.3784851987" version="1" timestamp="2026-09-01T12:00:00Z" changeset="1" uid="1" user="generator"/>
  <node id="2393" lat="52.0671120051" lon="-1.3775190431" version="1" timestamp="2026-09-01T12:00:00Z" changeset="1" uid="1" user="generator"/>
  <node id="2394" lat="52.0674630055" lon="-1.3769481330" version="1" timestamp="2026-09-01T12:00:00Z" changeset="1" uid="1" user="generator"/>
  <node id="2395" lat="52.0677330057" lon="-1.3759234225" version="1" timestamp="2026-09-01T12:00:00Z" changeset="1" uid="1" user="generator"/>
  <node id="2396" lat="52.0718370098" lon="-1.3678428482" version="1" timestamp="2026-09-01T12:00:00Z" changeset="1" uid="1" user="generator"/>
  <node id="2397" lat="52.0708290088" lon="-1.3594402221" version="1" timestamp="2026-09-01T12:00:00Z" changeset="1" uid="1" user="generator"/>
  <node id="2398" lat="52.0692180072" lon="-1.3571419428" version="1" timestamp="2026-09-01T12:00:00Z" changeset="1" uid="1" user="generator"/>
  <node id="2399" lat="52.0690740071" lon="-1.3571712203" version="1" timestamp="2026-09-01T12:00:00Z" changeset="1" uid="1" user="generator"/>
  <node id="2400" lat="52.0649070029" lon="-1.3667888603" version="1" timestamp="2026-09-01T12:00:00Z" changeset="1" uid="1" user="generator"/>
  <node id="2401" lat="52.0679760060" lon="-1.3701411275" version="1" timestamp="2026-09-01T12:00:00Z" changeset="1" uid="1" user="generator"/>
  <node id="2402" lat="52.0707030087" lon="-1.3529699072" version="1" timestamp="2026-09-01T12:00:00Z" changeset="1" uid="1" user="generator"/>
  <node id="2403" lat="52.0705050085" lon="-1.3501885501" version="1" timestamp="2026-09-01T12:00:00Z" changeset="1" uid="1" user="generator"/>
  <node id="2404" lat="52.0699740080" lon="-1.3504081310" version="1" timestamp="2026-09-01T12:00:00Z" changeset="1" uid="1" user="generator"/>
  <node id="2405" lat="52.0697490077" lon="-1.3501885501" version="1" timestamp="2026-09-01T12:00:00Z" changeset="1" uid="1" user="generator"/>
  <node id="2406" lat="52.0687770068" lon="-1.3466459795" version="1" timestamp="2026-09-01T12:00:00Z" changeset="1" uid="1" user="generator"/>
  <node id="2407" lat="52.0687770068" lon="-1.3464117600" version="1" timestamp="2026-09-01T12:00:00Z" changeset="1" uid="1" user="generator"/>
  <node id="2408" lat="52.0688940069" lon="-1.3461921792" version="1" timestamp="2026-09-01T12:00:00Z" changeset="1" uid="1" user="generator"/>
  <node id="2409" lat="52.0695240075" lon="-1.3456359078" version="1" timestamp="2026-09-01T12:00:00Z" changeset="1" uid="1" user="generator"/>
  <node id="2410" lat="52.0682100062" lon="-1.3450210815" version="1" timestamp="2026-09-01T12:00:00Z" changeset="1" uid="1" user="generator"/>
  <node id="2411" lat="52.0671660052" lon="-1.3450210815" version="1" timestamp="2026-09-01T12:00:00Z" changeset="1" uid="1" user="generator"/>
  <node id="2412" lat="52.0665540046" lon="-1.3453138559" version="1" timestamp="2026-09-01T12:00:00Z" changeset="1" uid="1" user="generator"/>
  <node id="2413" lat="52.0648710029" lon="-1.3467338119" version="1" timestamp="2026-09-01T12:00:00Z" changeset="1" uid="1" user="generator"/>
  <node id="2414" lat="52.0646010026" lon="-1.3480512968" version="1" timestamp="2026-09-01T12:00:00Z" changeset="1" uid="1" user="generator"/>
  <node id="2415" lat="52.0663920044" lon="-1.3548875797" version="1" timestamp="2026-09-01T12:00:00Z" changeset="1" uid="1" user="generator"/>
  <node id="2416" lat="52.0690560071" lon="-1.3570541105" version="1" timestamp="2026-09-01T12:00:00Z" changeset="1" uid="1" user="generator"/>
  <node id="2417" lat="52.0692000072" lon="-1.3570541105" version="1" timestamp="2026-09-01T12:00:00Z" changeset="1" uid="1" user="generator"/>
  <node id="2418" lat="52.0714770095" lon="-1.3441866743" version="1" timestamp="2026-09-01T12:00:00Z" changeset="1" uid="1" user="generator"/>
  <node id="2419" lat="52.0714050094" lon="-1.3431326864" version="1" timestamp="2026-09-01T12:00:00Z" changeset="1" uid="1" user="generator"/>
  <node id="2420" lat="52.0704600085" lon="-1.3419176725" version="1" timestamp="2026-09-01T12:00:00Z" changeset="1" uid="1" user="generator"/>
  <node id="2421" lat="52.0687860068" lon="-1.3418883951" version="1" timestamp="2026-09-01T12:00:00Z" changeset="1" uid="1" user="generator"/>
  <node id="2422" lat="52.0681560062" lon="-1.3408636846" version="1" timestamp="2026-09-01T12:00:00Z" changeset="1" uid="1" user="generator"/>
  <node id="2423" lat="52.0675170055" lon="-1.3406441037" version="1" timestamp="2026-09-01T12:00:00Z" changeset="1" uid="1" user="generator"/>
  <node id="2424" lat="52.0675440055" lon="-1.3442891454" version="1" timestamp="2026-09-01T12:00:00Z" changeset="1" uid="1" user="generator"/>
  <node id="2425" lat="52.0692000072" lon="-1.3451674687" version="1" timestamp="2026-09-01T12:00:00Z" changeset="1" uid="1" user="generator"/>
  <node id="2426" lat="52.0700640081" lon="-1.3454016882" version="1" timestamp="2026-09-01T12:00:00Z" changeset="1" uid="1" user="generator"/>
  <node id="2427" lat="52.0707660088" lon="-1.3451381912" version="1" timestamp="2026-09-01T12:00:00Z" changeset="1" uid="1" user="generator"/>
  <node id="2428" lat="52.0674450054" lon="-1.3442745067" version="1" timestamp="2026-09-01T12:00:00Z" changeset="1" uid="1" user="generator"/>
  <node id="2429" lat="52.0674450054" lon="-1.3406148263" version="1" timestamp="2026-09-01T12:00:00Z" changeset="1" uid="1" user="generator"/>
  <node id="2430" lat="52.0660500040" lon="-1.3395754771" version="1" timestamp="2026-09-01T12:00:00Z" changeset="1" uid="1" user="generator"/>
  <node id="2431" lat="52.0653120033" lon="-1.3385800440" version="1" timestamp="2026-09-01T12:00:00Z" changeset="1" uid="1" user="generator"/>
  <node id="2432" lat="52.0648080028" lon="-1.3388435410" version="1" timestamp="2026-09-01T12:00:00Z" changeset="1" uid="1" user="generator"/>
  <node id="2433" lat="52.0644840025" lon="-1.3391948703" version="1" timestamp="2026-09-01T12:00:00Z" changeset="1" uid="1" user="generator"/>
  <node id="2434" lat="52.0647090027" lon="-1.3395901158" version="1" timestamp="2026-09-01T12:00:00Z" changeset="1" uid="1" user="generator"/>
  <node id="2435" lat="52.0638090018" lon="-1.3438938999" version="1" timestamp="2026-09-01T12:00:00Z" changeset="1" uid="1" user="generator"/>
  <node id="2436" lat="52.0642770023" lon="-1.3450357202" version="1" timestamp="2026-09-01T12:00:00Z" changeset="1" uid="1" user="generator"/>
  <node id="2437" lat="52.0647360027" lon="-1.3456359078" version="1" timestamp="2026-09-01T12:00:00Z" changeset="1" uid="1" user="generator"/>
  <node id="2438" lat="52.0652580033" lon="-1.3458115724" version="1" timestamp="2026-09-01T12:00:00Z" changeset="1" uid="1" user="generator"/>
  <node id="2439" lat="52.0658520039" lon="-1.3456066303" version="1" timestamp="2026-09-01T12:00:00Z" changeset="1" uid="1" user="generator"/>
  <node id="2440" lat="52.0702890083" lon="-1.3305141085" version="1" timestamp="2026-09-01T12:00:00Z" changeset="1" uid="1" user="generator"/>
  <node id="2441" lat="52.0683000063" lon="-1.3279523322" version="1" timestamp="2026-09-01T12:00:00Z" changeset="1" uid="1" user="generator"/>
  <node id="2442" lat="52.0674540055" lon="-1.3282743841" version="1" timestamp="2026-09-01T12:00:00Z" changeset="1" uid="1" user="generator"/>
  <node id="2443" lat="52.0671120051" lon="-1.3285671585" version="1" timestamp="2026-09-01T12:00:00Z" changeset="1" uid="1" user="generator"/>
  <node id="2444" lat="52.0667430047" lon="-1.3291966236" version="1" timestamp="2026-09-01T12:00:00Z" changeset="1" uid="1" user="generator"/>
  <node id="2445" lat="52.0660050040" lon="-1.3310703799" version="1" timestamp="2026-09-01T12:00:00Z" changeset="1" uid="1" user="generator"/>
  <node id="2446" lat="52.0658070038" lon="-1.3322414776" version="1" timestamp="2026-09-01T12:00:00Z" changeset="1" uid="1" user="generator"/>
  <node id="2447" lat="52.0657710038" lon="-1.3330026911" version="1" timestamp="2026-09-01T12:00:00Z" changeset="1" uid="1" user="generator"/>
  <node id="2448" lat="52.0658610039" lon="-1.3345543956" version="1" timestamp="2026-09-01T12:00:00Z" changeset="1" uid="1" user="generator"/>
  <node id="2449" lat="52.0664820045" lon="-1.3376724433" version="1" timestamp="2026-09-01T12:00:00Z" changeset="1" uid="1" user="generator"/>
  <node id="2450" lat="52.0674720055" lon="-1.3385214891" version="1" timestamp="2026-09-01T12:00:00Z" changeset="1" uid="1" user="generator"/>
  <node id="2451" lat="52.0696230076" lon="-1.3368965910" version="1" timestamp="2026-09-01T12:00:00Z" changeset="1" uid="1" user="generator"/>
  <node id="2452" lat="52.0701090081" lon="-1.3189787960" version="1" timestamp="2026-09-01T12:00:00Z" changeset="1" uid="1" user="generator"/>
  <node id="2453" lat="52.0700280080" lon="-1.3188177700" version="1" timestamp="2026-09-01T12:00:00Z" changeset="1" uid="1" user="generator"/>
  <node id="2454" lat="52.0676520057" lon="-1.3172367881" version="1" timestamp="2026-09-01T12:00:00Z" changeset="1" uid="1" user="generator"/>
  <node id="2455" lat="52.0673640054" lon="-1.3168854588" version="1" timestamp="2026-09-01T12:00:00Z" changeset="1" uid="1" user="generator"/>
  <node id="2456" lat="52.0660140040" lon="-1.3159778581" version="1" timestamp="2026-09-01T12:00:00Z" changeset="1" uid="1" user="generator"/>
  <node id="2457" lat="52.0641150021" lon="-1.3175442013" version="1" timestamp="2026-09-01T12:00:00Z" changeset="1" uid="1" user="generator"/>
  <node id="2458" lat="52.0652130032" lon="-1.3196521772" version="1" timestamp="2026-09-01T12:00:00Z" changeset="1" uid="1" user="generator"/>
  <node id="2459" lat="52.0651950032" lon="-1.3199449516" version="1" timestamp="2026-09-01T12:00:00Z" changeset="1" uid="1" user="generator"/>
  <node id="2460" lat="52.0647810028" lon="-1.3207939974" version="1" timestamp="2026-09-01T12:00:00Z" changeset="1" uid="1" user="generator"/>
  <node id="2461" lat="52.0645200025" lon="-1.3210428557" version="1" timestamp="2026-09-01T12:00:00Z" changeset="1" uid="1" user="generator"/>
  <node id="2462" lat="52.0636380016" lon="-1.3206915264" version="1" timestamp="2026-09-01T12:00:00Z" changeset="1" uid="1" user="generator"/>
  <node id="2463" lat="52.0628730009" lon="-1.3211453268" version="1" timestamp="2026-09-01T12:00:00Z" changeset="1" uid="1" user="generator"/>
  <node id="2464" lat="52.0633590014" lon="-1.3221114824" version="1" timestamp="2026-09-01T12:00:00Z" changeset="1" uid="1" user="generator"/>
  <node id="2465" lat="52.0636470016" lon="-1.3229312508" version="1" timestamp="2026-09-01T12:00:00Z" changeset="1" uid="1" user="generator"/>
  <node id="2466" lat="52.0638090018" lon="-1.3238388515" version="1" timestamp="2026-09-01T12:00:00Z" changeset="1" uid="1" user="generator"/>
  <node id="2467" lat="52.0637910018" lon="-1.3249513943" version="1" timestamp="2026-09-01T12:00:00Z" changeset="1" uid="1" user="generator"/>
  <node id="2468" lat="52.0668600049" lon="-1.3281865518" version="1" timestamp="2026-09-01T12:00:00Z" changeset="1" uid="1" user="generator"/>
  <node id="2469" lat="52.0671480051" lon="-1.3281279969" version="1" timestamp="2026-09-01T12:00:00Z" changeset="1" uid="1" user="generator"/>
  <node id="2470" lat="52.0677420057" lon="-1.3278352225" version="1" timestamp="2026-09-01T12:00:00Z" changeset="1" uid="1" user="generator"/>
  <node id="2471" lat="52.0680570061" lon="-1.3273228672" version="1" timestamp="2026-09-01T12:00:00Z" changeset="1" uid="1" user="generator"/>
  <node id="2472" lat="52.0684170064" lon="-1.3262981567" version="1" timestamp="2026-09-01T12:00:00Z" changeset="1" uid="1" user="generator"/>
  <node id="2473" lat="52.0689750070" lon="-1.3242780131" version="1" timestamp="2026-09-01T12:00:00Z" changeset="1" uid="1" user="generator"/>
  <node id="2474" lat="52.0724850105" lon="-1.3091415752" version="1" timestamp="2026-09-01T12:00:00Z" changeset="1" uid="1" user="generator"/>
  <node id="2475" lat="52.0669680050" lon="-1.3043839907" version="1" timestamp="2026-09-01T12:00:00Z" changeset="1" uid="1" user="generator"/>
  <node id="2476" lat="52.0665000045" lon="-1.3046767651" version="1" timestamp="2026-09-01T12:00:00Z" changeset="1" uid="1" user="generator"/>
  <node id="2477" lat="52.0663470043" lon="-1.3078826451" version="1" timestamp="2026-09-01T12:00:00Z" changeset="1" uid="1" user="generator"/>
  <node id="2478" lat="52.0664010044" lon="-1.3088780782" version="1" timestamp="2026-09-01T12:00:00Z" changeset="1" uid="1" user="generator"/>
  <node id="2479" lat="52.0662930043" lon="-1.3119229322" version="1" timestamp="2026-09-01T12:00:00Z" changeset="1" uid="1" user="generator"/>
  <node id="2480" lat="52.0664550045" lon="-1.3139430758" version="1" timestamp="2026-09-01T12:00:00Z" changeset="1" uid="1" user="generator"/>
  <node id="2481" lat="52.0669230049" lon="-1.3156997224" version="1" timestamp="2026-09-01T12:00:00Z" changeset="1" uid="1" user="generator"/>
  <node id="2482" lat="52.0676340056" lon="-1.3168269039" version="1" timestamp="2026-09-01T12:00:00Z" changeset="1" uid="1" user="generator"/>
  <node id="2483" lat="52.0702260082" lon="-1.3185835505" version="1" timestamp="2026-09-01T12:00:00Z" changeset="1" uid="1" user="generator"/>
  <node id="2484" lat="52.0715040095" lon="-1.3179394468" version="1" timestamp="2026-09-01T12:00:00Z" changeset="1" uid="1" user="generator"/>
  <node id="2485" lat="52.0653390033" lon="-1.3906499763" version="1" timestamp="2026-09-01T12:00:00Z" changeset="1" uid="1" user="generator"/>
  <node id="2486" lat="52.0639890020" lon="-1.3857020884" version="1" timestamp="2026-09-01T12:00:00Z" changeset="1" uid="1" user="generator"/>
  <node id="2487" lat="52.0614419994" lon="-1.3839893580" version="1" timestamp="2026-09-01T12:00:00Z" changeset="1" uid="1" user="generator"/>
  <node id="2488" lat="52.0561409941" lon="-1.3867267989" version="1" timestamp="2026-09-01T12:00:00Z" changeset="1" uid="1" user="generator"/>
  <node id="2489" lat="52.0573379953" lon="-1.3922455969" version="1" timestamp="2026-09-01T12:00:00Z" changeset="1" uid="1" user="generator"/>
  <node id="2490" lat="52.0645380025" lon="-1.3933288623" version="1" timestamp="2026-09-01T12:00:00Z" changeset="1" uid="1" user="generator"/>
  <node id="2491" lat="52.0656990037" lon="-1.3785876698" version="1" timestamp="2026-09-01T12:00:00Z" changeset="1" uid="1" user="generator"/>
  <node id="2492" lat="52.0620180000" lon="-1.3740350274" version="1" timestamp="2026-09-01T12:00:00Z" changeset="1" uid="1" user="generator"/>
  <node id="2493" lat="52.0616219996" lon="-1.3742106921" version="1" timestamp="2026-09-01T12:00:00Z" changeset="1" uid="1" user="generator"/>
  <node id="2494" lat="52.0608209988" lon="-1.3791732186" version="1" timestamp="2026-09-01T12:00:00Z" changeset="1" uid="1" user="generator"/>
  <node id="2495" lat="52.0611089991" lon="-1.3818960208" version="1" timestamp="2026-09-01T12:00:00Z" changeset="1" uid="1" user="generator"/>
  <node id="2496" lat="52.0612349992" lon="-1.3824522922" version="1" timestamp="2026-09-01T12:00:00Z" changeset="1" uid="1" user="generator"/>
  <node id="2497" lat="52.0615229995" lon="-1.3832135058" version="1" timestamp="2026-09-01T12:00:00Z" changeset="1" uid="1" user="generator"/>
  <node id="2498" lat="52.0621800002" lon="-1.3841064678" version="1" timestamp="2026-09-01T12:00:00Z" changeset="1" uid="1" user="generator"/>
  <node id="2499" lat="52.0639980020" lon="-1.3853068429" version="1" timestamp="2026-09-01T12:00:00Z" changeset="1" uid="1" user="generator"/>
  <node id="2500" lat="52.0690110070" lon="-1.3571565816" version="1" timestamp="2026-09-01T12:00:00Z" changeset="1" uid="1" user="generator"/>
  <node id="2501" lat="52.0663200043" lon="-1.3549754121" version="1" timestamp="2026-09-01T12:00:00Z" changeset="1" uid="1" user="generator"/>
  <node id="2502" lat="52.0611719992" lon="-1.3578446015" version="1" timestamp="2026-09-01T12:00:00Z" changeset="1" uid="1" user="generator"/>
  <node id="2503" lat="52.0606769987" lon="-1.3604063777" version="1" timestamp="2026-09-01T12:00:00Z" changeset="1" uid="1" user="generator"/>
  <node id="2504" lat="52.0607489987" lon="-1.3614310882" version="1" timestamp="2026-09-01T12:00:00Z" changeset="1" uid="1" user="generator"/>
  <node id="2505" lat="52.0611629992" lon="-1.3625729085" version="1" timestamp="2026-09-01T12:00:00Z" changeset="1" uid="1" user="generator"/>
  <node id="2506" lat="52.0618559999" lon="-1.3637293675" version="1" timestamp="2026-09-01T12:00:00Z" changeset="1" uid="1" user="generator"/>
  <node id="2507" lat="52.0642140022" lon="-1.3663936148" version="1" timestamp="2026-09-01T12:00:00Z" changeset="1" uid="1" user="generator"/>
  <node id="2508" lat="52.0648440028" lon="-1.3667156667" version="1" timestamp="2026-09-01T12:00:00Z" changeset="1" uid="1" user="generator"/>
  <node id="2509" lat="52.0663110043" lon="-1.3548729410" version="1" timestamp="2026-09-01T12:00:00Z" changeset="1" uid="1" user="generator"/>
  <node id="2510" lat="52.0645380025" lon="-1.3480659355" version="1" timestamp="2026-09-01T12:00:00Z" changeset="1" uid="1" user="generator"/>
  <node id="2511" lat="52.0628460008" lon="-1.3486514844" version="1" timestamp="2026-09-01T12:00:00Z" changeset="1" uid="1" user="generator"/>
  <node id="2512" lat="52.0623150003" lon="-1.3512132606" version="1" timestamp="2026-09-01T12:00:00Z" changeset="1" uid="1" user="generator"/>
  <node id="2513" lat="52.0620540001" lon="-1.3516670610" version="1" timestamp="2026-09-01T12:00:00Z" changeset="1" uid="1" user="generator"/>
  <node id="2514" lat="52.0598039978" lon="-1.3512571768" version="1" timestamp="2026-09-01T12:00:00Z" changeset="1" uid="1" user="generator"/>
  <node id="2515" lat="52.0596869977" lon="-1.3513889253" version="1" timestamp="2026-09-01T12:00:00Z" changeset="1" uid="1" user="generator"/>
  <node id="2516" lat="52.0596869977" lon="-1.3523550809" version="1" timestamp="2026-09-01T12:00:00Z" changeset="1" uid="1" user="generator"/>
  <node id="2517" lat="52.0599389979" lon="-1.3536140110" version="1" timestamp="2026-09-01T12:00:00Z" changeset="1" uid="1" user="generator"/>
  <node id="2518" lat="52.0611719992" lon="-1.3577274917" version="1" timestamp="2026-09-01T12:00:00Z" changeset="1" uid="1" user="generator"/>
  <node id="2519" lat="52.0651410031" lon="-1.3382726309" version="1" timestamp="2026-09-01T12:00:00Z" changeset="1" uid="1" user="generator"/>
  <node id="2520" lat="52.0647630028" lon="-1.3375699722" version="1" timestamp="2026-09-01T12:00:00Z" changeset="1" uid="1" user="generator"/>
  <node id="2521" lat="52.0642950023" lon="-1.3363110422" version="1" timestamp="2026-09-01T12:00:00Z" changeset="1" uid="1" user="generator"/>
  <node id="2522" lat="52.0636200016" lon="-1.3333101043" version="1" timestamp="2026-09-01T12:00:00Z" changeset="1" uid="1" user="generator"/>
  <node id="2523" lat="52.0622610003" lon="-1.3337639047" version="1" timestamp="2026-09-01T12:00:00Z" changeset="1" uid="1" user="generator"/>
  <node id="2524" lat="52.0622880003" lon="-1.3369405072" version="1" timestamp="2026-09-01T12:00:00Z" changeset="1" uid="1" user="generator"/>
  <node id="2525" lat="52.0627920008" lon="-1.3376724433" version="1" timestamp="2026-09-01T12:00:00Z" changeset="1" uid="1" user="generator"/>
  <node id="2526" lat="52.0633680014" lon="-1.3378481079" version="1" timestamp="2026-09-01T12:00:00Z" changeset="1" uid="1" user="generator"/>
  <node id="2527" lat="52.0643040023" lon="-1.3389313733" version="1" timestamp="2026-09-01T12:00:00Z" changeset="1" uid="1" user="generator"/>
  <node id="2528" lat="52.0636110016" lon="-1.3332076332" version="1" timestamp="2026-09-01T12:00:00Z" changeset="1" uid="1" user="generator"/>
  <node id="2529" lat="52.0634850015" lon="-1.3318023160" version="1" timestamp="2026-09-01T12:00:00Z" changeset="1" uid="1" user="generator"/>
  <node id="2530" lat="52.0631430011" lon="-1.3301627792" version="1" timestamp="2026-09-01T12:00:00Z" changeset="1" uid="1" user="generator"/>
  <node id="2531" lat="52.0625220005" lon="-1.3307044119" version="1" timestamp="2026-09-01T12:00:00Z" changeset="1" uid="1" user="generator"/>
  <node id="2532" lat="52.0623420003" lon="-1.3306751344" version="1" timestamp="2026-09-01T12:00:00Z" changeset="1" uid="1" user="generator"/>
  <node id="2533" lat="52.0610099990" lon="-1.3278644999" version="1" timestamp="2026-09-01T12:00:00Z" changeset="1" uid="1" user="generator"/>
  <node id="2534" lat="52.0599029979" lon="-1.3305433859" version="1" timestamp="2026-09-01T12:00:00Z" changeset="1" uid="1" user="generator"/>
  <node id="2535" lat="52.0622160002" lon="-1.3336321562" version="1" timestamp="2026-09-01T12:00:00Z" changeset="1" uid="1" user="generator"/>
  <node id="2536" lat="52.0668330048" lon="-1.3282597454" version="1" timestamp="2026-09-01T12:00:00Z" changeset="1" uid="1" user="generator"/>
  <node id="2537" lat="52.0637910018" lon="-1.3250977815" version="1" timestamp="2026-09-01T12:00:00Z" changeset="1" uid="1" user="generator"/>
  <node id="2538" lat="52.0635570016" lon="-1.3269129830" version="1" timestamp="2026-09-01T12:00:00Z" changeset="1" uid="1" user="generator"/>
  <node id="2539" lat="52.0635930016" lon="-1.3287867394" version="1" timestamp="2026-09-01T12:00:00Z" changeset="1" uid="1" user="generator"/>
  <node id="2540" lat="52.0637370017" lon="-1.3297821724" version="1" timestamp="2026-09-01T12:00:00Z" changeset="1" uid="1" user="generator"/>
  <node id="2541" lat="52.0640790021" lon="-1.3311874897" version="1" timestamp="2026-09-01T12:00:00Z" changeset="1" uid="1" user="generator"/>
  <node id="2542" lat="52.0642680023" lon="-1.3329880524" version="1" timestamp="2026-09-01T12:00:00Z" changeset="1" uid="1" user="generator"/>
  <node id="2543" lat="52.0653570034" lon="-1.3325928069" version="1" timestamp="2026-09-01T12:00:00Z" changeset="1" uid="1" user="generator"/>
  <node id="2544" lat="52.0657530038" lon="-1.3314217092" version="1" timestamp="2026-09-01T12:00:00Z" changeset="1" uid="1" user="generator"/>
  <node id="2545" lat="52.0658430038" lon="-1.3308947152" version="1" timestamp="2026-09-01T12:00:00Z" changeset="1" uid="1" user="generator"/>
  <node id="2546" lat="52.0661850042" lon="-1.3093172398" version="1" timestamp="2026-09-01T12:00:00Z" changeset="1" uid="1" user="generator"/>
  <node id="2547" lat="52.0660770041" lon="-1.3067701023" version="1" timestamp="2026-09-01T12:00:00Z" changeset="1" uid="1" user="generator"/>
  <node id="2548" lat="52.0657170037" lon="-1.3052183978" version="1" timestamp="2026-09-01T12:00:00Z" changeset="1" uid="1" user="generator"/>
  <node id="2549" lat="52.0652040032" lon="-1.3044132681" version="1" timestamp="2026-09-01T12:00:00Z" changeset="1" uid="1" user="generator"/>
  <node id="2550" lat="52.0631880012" lon="-1.3036520546" version="1" timestamp="2026-09-01T12:00:00Z" changeset="1" uid="1" user="generator"/>
  <node id="2551" lat="52.0605599986" lon="-1.3074581222" version="1" timestamp="2026-09-01T12:00:00Z" changeset="1" uid="1" user="generator"/>
  <node id="2552" lat="52.0597949978" lon="-1.3091708526" version="1" timestamp="2026-09-01T12:00:00Z" changeset="1" uid="1" user="generator"/>
  <node id="2553" lat="52.0593989974" lon="-1.3108982217" version="1" timestamp="2026-09-01T12:00:00Z" changeset="1" uid="1" user="generator"/>
  <node id="2554" lat="52.0593629974" lon="-1.3120985969" version="1" timestamp="2026-09-01T12:00:00Z" changeset="1" uid="1" user="generator"/>
  <node id="2555" lat="52.0593629974" lon="-1.3127427006" version="1" timestamp="2026-09-01T12:00:00Z" changeset="1" uid="1" user="generator"/>
  <node id="2556" lat="52.0596689977" lon="-1.3145579021" version="1" timestamp="2026-09-01T12:00:00Z" changeset="1" uid="1" user="generator"/>
  <node id="2557" lat="52.0597049977" lon="-1.3153191156" version="1" timestamp="2026-09-01T12:00:00Z" changeset="1" uid="1" user="generator"/>
  <node id="2558" lat="52.0598759979" lon="-1.3152459220" version="1" timestamp="2026-09-01T12:00:00Z" changeset="1" uid="1" user="generator"/>
  <node id="2559" lat="52.0616939997" lon="-1.3158021934" version="1" timestamp="2026-09-01T12:00:00Z" changeset="1" uid="1" user="generator"/>
  <node id="2560" lat="52.0626480006" lon="-1.3146603731" version="1" timestamp="2026-09-01T12:00:00Z" changeset="1" uid="1" user="generator"/>
  <node id="2561" lat="52.0628820009" lon="-1.3146018183" version="1" timestamp="2026-09-01T12:00:00Z" changeset="1" uid="1" user="generator"/>
  <node id="2562" lat="52.0635390015" lon="-1.3151727284" version="1" timestamp="2026-09-01T12:00:00Z" changeset="1" uid="1" user="generator"/>
  <node id="2563" lat="52.0638990019" lon="-1.3171050396" version="1" timestamp="2026-09-01T12:00:00Z" changeset="1" uid="1" user="generator"/>
  <node id="2564" lat="52.0640700021" lon="-1.3174710077" version="1" timestamp="2026-09-01T12:00:00Z" changeset="1" uid="1" user="generator"/>
  <node id="2565" lat="52.0659600040" lon="-1.3159193032" version="1" timestamp="2026-09-01T12:00:00Z" changeset="1" uid="1" user="generator"/>
  <node id="2566" lat="52.0696950077" lon="-1.2967572168" version="1" timestamp="2026-09-01T12:00:00Z" changeset="1" uid="1" user="generator"/>
  <node id="2567" lat="52.0685070065" lon="-1.2905211214" version="1" timestamp="2026-09-01T12:00:00Z" changeset="1" uid="1" user="generator"/>
  <node id="2568" lat="52.0662840043" lon="-1.2883106745" version="1" timestamp="2026-09-01T12:00:00Z" changeset="1" uid="1" user="generator"/>
  <node id="2569" lat="52.0615679996" lon="-1.2926437361" version="1" timestamp="2026-09-01T12:00:00Z" changeset="1" uid="1" user="generator"/>
  <node id="2570" lat="52.0612169992" lon="-1.2951176800" version="1" timestamp="2026-09-01T12:00:00Z" changeset="1" uid="1" user="generator"/>
  <node id="2571" lat="52.0612349992" lon="-1.2962887777" version="1" timestamp="2026-09-01T12:00:00Z" changeset="1" uid="1" user="generator"/>
  <node id="2572" lat="52.0614329994" lon="-1.2976062626" version="1" timestamp="2026-09-01T12:00:00Z" changeset="1" uid="1" user="generator"/>
  <node id="2573" lat="52.0618829999" lon="-1.2993043543" version="1" timestamp="2026-09-01T12:00:00Z" changeset="1" uid="1" user="generator"/>
  <node id="2574" lat="52.0632330012" lon="-1.3033153640" version="1" timestamp="2026-09-01T12:00:00Z" changeset="1" uid="1" user="generator"/>
  <node id="2575" lat="52.0664460044" lon="-1.3046182102" version="1" timestamp="2026-09-01T12:00:00Z" changeset="1" uid="1" user="generator"/>
  <node id="2576" lat="52.0669590050" lon="-1.3042522422" version="1" timestamp="2026-09-01T12:00:00Z" changeset="1" uid="1" user="generator"/>
  <node id="2577" lat="52.0662390042" lon="-1.2882374809" version="1" timestamp="2026-09-01T12:00:00Z" changeset="1" uid="1" user="generator"/>
  <node id="2578" lat="52.0654200034" lon="-1.2801129905" version="1" timestamp="2026-09-01T12:00:00Z" changeset="1" uid="1" user="generator"/>
  <node id="2579" lat="52.0606319986" lon="-1.2801129905" version="1" timestamp="2026-09-01T12:00:00Z" changeset="1" uid="1" user="generator"/>
  <node id="2580" lat="52.0587509968" lon="-1.2842850261" version="1" timestamp="2026-09-01T12:00:00Z" changeset="1" uid="1" user="generator"/>
  <node id="2581" lat="52.0588589969" lon="-1.2864515569" version="1" timestamp="2026-09-01T12:00:00Z" changeset="1" uid="1" user="generator"/>
  <node id="2582" lat="52.0586699967" lon="-1.2867882475" version="1" timestamp="2026-09-01T12:00:00Z" changeset="1" uid="1" user="generator"/>
  <node id="2583" lat="52.0580669961" lon="-1.2869199960" version="1" timestamp="2026-09-01T12:00:00Z" changeset="1" uid="1" user="generator"/>
  <node id="2584" lat="52.0615139995" lon="-1.2925851812" version="1" timestamp="2026-09-01T12:00:00Z" changeset="1" uid="1" user="generator"/>
  <node id="2585" lat="52.0649970030" lon="-1.3999016482" version="1" timestamp="2026-09-01T12:00:00Z" changeset="1" uid="1" user="generator"/>
  <node id="2586" lat="52.0645200025" lon="-1.3934459721" version="1" timestamp="2026-09-01T12:00:00Z" changeset="1" uid="1" user="generator"/>
  <node id="2587" lat="52.0573199953" lon="-1.3923334292" version="1" timestamp="2026-09-01T12:00:00Z" changeset="1" uid="1" user="generator"/>
  <node id="2588" lat="52.0571669952" lon="-1.3926408424" version="1" timestamp="2026-09-01T12:00:00Z" changeset="1" uid="1" user="generator"/>
  <node id="2589" lat="52.0551689932" lon="-1.3998723708" version="1" timestamp="2026-09-01T12:00:00Z" changeset="1" uid="1" user="generator"/>
  <node id="2590" lat="52.0643310023" lon="-1.3669645249" version="1" timestamp="2026-09-01T12:00:00Z" changeset="1" uid="1" user="generator"/>
  <node id="2591" lat="52.0617479997" lon="-1.3639928645" version="1" timestamp="2026-09-01T12:00:00Z" changeset="1" uid="1" user="generator"/>
  <node id="2592" lat="52.0614059994" lon="-1.3634365931" version="1" timestamp="2026-09-01T12:00:00Z" changeset="1" uid="1" user="generator"/>
  <node id="2593" lat="52.0602539983" lon="-1.3620898307" version="1" timestamp="2026-09-01T12:00:00Z" changeset="1" uid="1" user="generator"/>
  <node id="2594" lat="52.0562489942" lon="-1.3646808844" version="1" timestamp="2026-09-01T12:00:00Z" changeset="1" uid="1" user="generator"/>
  <node id="2595" lat="52.0581749962" lon="-1.3728200135" version="1" timestamp="2026-09-01T12:00:00Z" changeset="1" uid="1" user="generator"/>
  <node id="2596" lat="52.0589219969" lon="-1.3730981492" version="1" timestamp="2026-09-01T12:00:00Z" changeset="1" uid="1" user="generator"/>
  <node id="2597" lat="52.0590209970" lon="-1.3727029038" version="1" timestamp="2026-09-01T12:00:00Z" changeset="1" uid="1" user="generator"/>
  <node id="2598" lat="52.0593359973" lon="-1.3722783808" version="1" timestamp="2026-09-01T12:00:00Z" changeset="1" uid="1" user="generator"/>
  <node id="2599" lat="52.0600199980" lon="-1.3735373109" version="1" timestamp="2026-09-01T12:00:00Z" changeset="1" uid="1" user="generator"/>
  <node id="2600" lat="52.0615499995" lon="-1.3741228597" version="1" timestamp="2026-09-01T12:00:00Z" changeset="1" uid="1" user="generator"/>
  <node id="2601" lat="52.0620270000" lon="-1.3738740015" version="1" timestamp="2026-09-01T12:00:00Z" changeset="1" uid="1" user="generator"/>
  <node id="2602" lat="52.0607309987" lon="-1.3587668409" version="1" timestamp="2026-09-01T12:00:00Z" changeset="1" uid="1" user="generator"/>
  <node id="2603" lat="52.0606049986" lon="-1.3569223620" version="1" timestamp="2026-09-01T12:00:00Z" changeset="1" uid="1" user="generator"/>
  <node id="2604" lat="52.0602809983" lon="-1.3554292124" version="1" timestamp="2026-09-01T12:00:00Z" changeset="1" uid="1" user="generator"/>
  <node id="2605" lat="52.0591109971" lon="-1.3514182027" version="1" timestamp="2026-09-01T12:00:00Z" changeset="1" uid="1" user="generator"/>
  <node id="2606" lat="52.0586519967" lon="-1.3511986219" version="1" timestamp="2026-09-01T12:00:00Z" changeset="1" uid="1" user="generator"/>
  <node id="2607" lat="52.0547279927" lon="-1.3516377836" version="1" timestamp="2026-09-01T12:00:00Z" changeset="1" uid="1" user="generator"/>
  <node id="2608" lat="52.0527389907" lon="-1.3593523898" version="1" timestamp="2026-09-01T12:00:00Z" changeset="1" uid="1" user="generator"/>
  <node id="2609" lat="52.0555919936" lon="-1.3642856389" version="1" timestamp="2026-09-01T12:00:00Z" changeset="1" uid="1" user="generator"/>
  <node id="2610" lat="52.0562219942" lon="-1.3645784133" version="1" timestamp="2026-09-01T12:00:00Z" changeset="1" uid="1" user="generator"/>
  <node id="2611" lat="52.0601999982" lon="-1.3620019984" version="1" timestamp="2026-09-01T12:00:00Z" changeset="1" uid="1" user="generator"/>
  <node id="2612" lat="52.0604969985" lon="-1.3606991522" version="1" timestamp="2026-09-01T12:00:00Z" changeset="1" uid="1" user="generator"/>
  <node id="2613" lat="52.0604609985" lon="-1.3604063777" version="1" timestamp="2026-09-01T12:00:00Z" changeset="1" uid="1" user="generator"/>
  <node id="2614" lat="52.0607129987" lon="-1.3593231123" version="1" timestamp="2026-09-01T12:00:00Z" changeset="1" uid="1" user="generator"/>
  <node id="2615" lat="52.0622070002" lon="-1.3368965910" version="1" timestamp="2026-09-01T12:00:00Z" changeset="1" uid="1" user="generator"/>
  <node id="2616" lat="52.0621890002" lon="-1.3337053498" version="1" timestamp="2026-09-01T12:00:00Z" changeset="1" uid="1" user="generator"/>
  <node id="2617" lat="52.0598579979" lon="-1.3305873021" version="1" timestamp="2026-09-01T12:00:00Z" changeset="1" uid="1" user="generator"/>
  <node id="2618" lat="52.0570589951" lon="-1.3316852062" version="1" timestamp="2026-09-01T12:00:00Z" changeset="1" uid="1" user="generator"/>
  <node id="2619" lat="52.0583369963" lon="-1.3361646550" version="1" timestamp="2026-09-01T12:00:00Z" changeset="1" uid="1" user="generator"/>
  <node id="2620" lat="52.0585259965" lon="-1.3363842358" version="1" timestamp="2026-09-01T12:00:00Z" changeset="1" uid="1" user="generator"/>
  <node id="2621" lat="52.0618019998" lon="-1.3373796689" version="1" timestamp="2026-09-01T12:00:00Z" changeset="1" uid="1" user="generator"/>
  <node id="2622" lat="52.0626210006" lon="-1.3238681289" version="1" timestamp="2026-09-01T12:00:00Z" changeset="1" uid="1" user="generator"/>
  <node id="2623" lat="52.0623330003" lon="-1.3217308756" version="1" timestamp="2026-09-01T12:00:00Z" changeset="1" uid="1" user="generator"/>
  <node id="2624" lat="52.0618019998" lon="-1.3208964685" version="1" timestamp="2026-09-01T12:00:00Z" changeset="1" uid="1" user="generator"/>
  <node id="2625" lat="52.0611359991" lon="-1.3201645324" version="1" timestamp="2026-09-01T12:00:00Z" changeset="1" uid="1" user="generator"/>
  <node id="2626" lat="52.0603439983" lon="-1.3196082610" version="1" timestamp="2026-09-01T12:00:00Z" changeset="1" uid="1" user="generator"/>
  <node id="2627" lat="52.0597859978" lon="-1.3194911512" version="1" timestamp="2026-09-01T12:00:00Z" changeset="1" uid="1" user="generator"/>
  <node id="2628" lat="52.0584539965" lon="-1.3201938099" version="1" timestamp="2026-09-01T12:00:00Z" changeset="1" uid="1" user="generator"/>
  <node id="2629" lat="52.0571579952" lon="-1.3213941850" version="1" timestamp="2026-09-01T12:00:00Z" changeset="1" uid="1" user="generator"/>
  <node id="2630" lat="52.0568249948" lon="-1.3224628117" version="1" timestamp="2026-09-01T12:00:00Z" changeset="1" uid="1" user="generator"/>
  <node id="2631" lat="52.0564019944" lon="-1.3231508316" version="1" timestamp="2026-09-01T12:00:00Z" changeset="1" uid="1" user="generator"/>
  <node id="2632" lat="52.0558799939" lon="-1.3235607158" version="1" timestamp="2026-09-01T12:00:00Z" changeset="1" uid="1" user="generator"/>
  <node id="2633" lat="52.0554299934" lon="-1.3237071030" version="1" timestamp="2026-09-01T12:00:00Z" changeset="1" uid="1" user="generator"/>
  <node id="2634" lat="52.0553309933" lon="-1.3239559613" version="1" timestamp="2026-09-01T12:00:00Z" changeset="1" uid="1" user="generator"/>
  <node id="2635" lat="52.0544309924" lon="-1.3267080409" version="1" timestamp="2026-09-01T12:00:00Z" changeset="1" uid="1" user="generator"/>
  <node id="2636" lat="52.0547549928" lon="-1.3308361604" version="1" timestamp="2026-09-01T12:00:00Z" changeset="1" uid="1" user="generator"/>
  <node id="2637" lat="52.0570499950" lon="-1.3315827352" version="1" timestamp="2026-09-01T12:00:00Z" changeset="1" uid="1" user="generator"/>
  <node id="2638" lat="52.0598219978" lon="-1.3304994698" version="1" timestamp="2026-09-01T12:00:00Z" changeset="1" uid="1" user="generator"/>
  <node id="2639" lat="52.0609469989" lon="-1.3278498612" version="1" timestamp="2026-09-01T12:00:00Z" changeset="1" uid="1" user="generator"/>
  <node id="2640" lat="52.0608929989" lon="-1.3272643123" version="1" timestamp="2026-09-01T12:00:00Z" changeset="1" uid="1" user="generator"/>
  <node id="2641" lat="52.0614869995" lon="-1.3265616537" version="1" timestamp="2026-09-01T12:00:00Z" changeset="1" uid="1" user="generator"/>
  <node id="2642" lat="52.0594709975" lon="-1.3159046645" version="1" timestamp="2026-09-01T12:00:00Z" changeset="1" uid="1" user="generator"/>
  <node id="2643" lat="52.0594709975" lon="-1.3146457344" version="1" timestamp="2026-09-01T12:00:00Z" changeset="1" uid="1" user="generator"/>
  <node id="2644" lat="52.0587689968" lon="-1.3098735112" version="1" timestamp="2026-09-01T12:00:00Z" changeset="1" uid="1" user="generator"/>
  <node id="2645" lat="52.0571579952" lon="-1.3088634394" version="1" timestamp="2026-09-01T12:00:00Z" changeset="1" uid="1" user="generator"/>
  <node id="2646" lat="52.0547819928" lon="-1.3105322537" version="1" timestamp="2026-09-01T12:00:00Z" changeset="1" uid="1" user="generator"/>
  <node id="2647" lat="52.0547909928" lon="-1.3121571518" version="1" timestamp="2026-09-01T12:00:00Z" changeset="1" uid="1" user="generator"/>
  <node id="2648" lat="52.0546289926" lon="-1.3135917465" version="1" timestamp="2026-09-01T12:00:00Z" changeset="1" uid="1" user="generator"/>
  <node id="2649" lat="52.0544669925" lon="-1.3142065728" version="1" timestamp="2026-09-01T12:00:00Z" changeset="1" uid="1" user="generator"/>
  <node id="2650" lat="52.0542059922" lon="-1.3147774829" version="1" timestamp="2026-09-01T12:00:00Z" changeset="1" uid="1" user="generator"/>
  <node id="2651" lat="52.0533329913" lon="-1.3148799540" version="1" timestamp="2026-09-01T12:00:00Z" changeset="1" uid="1" user="generator"/>
  <node id="2652" lat="52.0538549919" lon="-1.3161096066" version="1" timestamp="2026-09-01T12:00:00Z" changeset="1" uid="1" user="generator"/>
  <node id="2653" lat="52.0541969922" lon="-1.3173392592" version="1" timestamp="2026-09-01T12:00:00Z" changeset="1" uid="1" user="generator"/>
  <node id="2654" lat="52.0561859942" lon="-1.3199888678" version="1" timestamp="2026-09-01T12:00:00Z" changeset="1" uid="1" user="generator"/>
  <node id="2655" lat="52.0566359946" lon="-1.3188177700" version="1" timestamp="2026-09-01T12:00:00Z" changeset="1" uid="1" user="generator"/>
  <node id="2656" lat="52.0575539956" lon="-1.3186421054" version="1" timestamp="2026-09-01T12:00:00Z" changeset="1" uid="1" user="generator"/>
  <node id="2657" lat="52.0582379962" lon="-1.3173831753" version="1" timestamp="2026-09-01T12:00:00Z" changeset="1" uid="1" user="generator"/>
  <node id="2658" lat="52.0590479970" lon="-1.3169732911" version="1" timestamp="2026-09-01T12:00:00Z" changeset="1" uid="1" user="generator"/>
  <node id="2659" lat="52.0630350010" lon="-1.3034324738" version="1" timestamp="2026-09-01T12:00:00Z" changeset="1" uid="1" user="generator"/>
  <node id="2660" lat="52.0608659989" lon="-1.2967425781" version="1" timestamp="2026-09-01T12:00:00Z" changeset="1" uid="1" user="generator"/>
  <node id="2661" lat="52.0550339930" lon="-1.2985870570" version="1" timestamp="2026-09-01T12:00:00Z" changeset="1" uid="1" user="generator"/>
  <node id="2662" lat="52.0545029925" lon="-1.3005340069" version="1" timestamp="2026-09-01T12:00:00Z" changeset="1" uid="1" user="generator"/>
  <node id="2663" lat="52.0548629929" lon="-1.3017051046" version="1" timestamp="2026-09-01T12:00:00Z" changeset="1" uid="1" user="generator"/>
  <node id="2664" lat="52.0550609931" lon="-1.3020564340" version="1" timestamp="2026-09-01T12:00:00Z" changeset="1" uid="1" user="generator"/>
  <node id="2665" lat="52.0552409932" lon="-1.3028762024" version="1" timestamp="2026-09-01T12:00:00Z" changeset="1" uid="1" user="generator"/>
  <node id="2666" lat="52.0571309951" lon="-1.3087024135" version="1" timestamp="2026-09-01T12:00:00Z" changeset="1" uid="1" user="generator"/>
  <node id="2667" lat="52.0587419967" lon="-1.3097417627" version="1" timestamp="2026-09-01T12:00:00Z" changeset="1" uid="1" user="generator"/>
  <node id="2668" lat="52.0601459981" lon="-1.3078094515" version="1" timestamp="2026-09-01T12:00:00Z" changeset="1" uid="1" user="generator"/>
  <node id="2669" lat="52.0604699985" lon="-1.3071653478" version="1" timestamp="2026-09-01T12:00:00Z" changeset="1" uid="1" user="generator"/>
  <node id="2670" lat="52.0611629992" lon="-1.2942100793" version="1" timestamp="2026-09-01T12:00:00Z" changeset="1" uid="1" user="generator"/>
  <node id="2671" lat="52.0610549991" lon="-1.2930682590" version="1" timestamp="2026-09-01T12:00:00Z" changeset="1" uid="1" user="generator"/>
  <node id="2672" lat="52.0606409986" lon="-1.2917214966" version="1" timestamp="2026-09-01T12:00:00Z" changeset="1" uid="1" user="generator"/>
  <node id="2673" lat="52.0600469980" lon="-1.2905211214" version="1" timestamp="2026-09-01T12:00:00Z" changeset="1" uid="1" user="generator"/>
  <node id="2674" lat="52.0578239958" lon="-1.2869639121" version="1" timestamp="2026-09-01T12:00:00Z" changeset="1" uid="1" user="generator"/>
  <node id="2675" lat="52.0575179955" lon="-1.2870224670" version="1" timestamp="2026-09-01T12:00:00Z" changeset="1" uid="1" user="generator"/>
  <node id="2676" lat="52.0552499932" lon="-1.2895403271" version="1" timestamp="2026-09-01T12:00:00Z" changeset="1" uid="1" user="generator"/>
  <node id="2677" lat="52.0541789922" lon="-1.2912237801" version="1" timestamp="2026-09-01T12:00:00Z" changeset="1" uid="1" user="generator"/>
  <node id="2678" lat="52.0539089919" lon="-1.2921606583" version="1" timestamp="2026-09-01T12:00:00Z" changeset="1" uid="1" user="generator"/>
  <node id="2679" lat="52.0538549919" lon="-1.2942100793" version="1" timestamp="2026-09-01T12:00:00Z" changeset="1" uid="1" user="generator"/>
  <node id="2680" lat="52.0550339930" lon="-1.2984699472" version="1" timestamp="2026-09-01T12:00:00Z" changeset="1" uid="1" user="generator"/>
  <node id="2681" lat="52.0608119988" lon="-1.2966547457" version="1" timestamp="2026-09-01T12:00:00Z" changeset="1" uid="1" user="generator"/>
  <node id="2682" lat="52.0610189990" lon="-1.2956153965" version="1" timestamp="2026-09-01T12:00:00Z" changeset="1" uid="1" user="generator"/>
  <node id="2683" lat="52.0610009990" lon="-1.2951469574" version="1" timestamp="2026-09-01T12:00:00Z" changeset="1" uid="1" user="generator"/>
  <node id="2684" lat="52.0605509986" lon="-1.2801276292" version="1" timestamp="2026-09-01T12:00:00Z" changeset="1" uid="1" user="generator"/>
  <node id="2685" lat="52.0540709921" lon="-1.2801276292" version="1" timestamp="2026-09-01T12:00:00Z" changeset="1" uid="1" user="generator"/>
  <node id="2686" lat="52.0561139941" lon="-1.2836262836" version="1" timestamp="2026-09-01T12:00:00Z" changeset="1" uid="1" user="generator"/>
  <node id="2687" lat="52.0571219951" lon="-1.2830407348" version="1" timestamp="2026-09-01T12:00:00Z" changeset="1" uid="1" user="generator"/>
  <node id="2688" lat="52.0583999964" lon="-1.2832163994" version="1" timestamp="2026-09-01T12:00:00Z" changeset="1" uid="1" user="generator"/>
  <node id="2689" lat="52.0587149967" lon="-1.2835823675" version="1" timestamp="2026-09-01T12:00:00Z" changeset="1" uid="1" user="generator"/>
  <node id="2690" lat="52.0587419967" lon="-1.2841532776" version="1" timestamp="2026-09-01T12:00:00Z" changeset="1" uid="1" user="generator"/>
  <node id="2691" lat="52.0571669952" lon="-1.3924359003" version="1" timestamp="2026-09-01T12:00:00Z" changeset="1" uid="1" user="generator"/>
  <node id="2692" lat="52.0559069939" lon="-1.3867267989" version="1" timestamp="2026-09-01T12:00:00Z" changeset="1" uid="1" user="generator"/>
  <node id="2693" lat="52.0546739927" lon="-1.3857167271" version="1" timestamp="2026-09-01T12:00:00Z" changeset="1" uid="1" user="generator"/>
  <node id="2694" lat="52.0545299925" lon="-1.3857167271" version="1" timestamp="2026-09-01T12:00:00Z" changeset="1" uid="1" user="generator"/>
  <node id="2695" lat="52.0540439920" lon="-1.3857752820" version="1" timestamp="2026-09-01T12:00:00Z" changeset="1" uid="1" user="generator"/>
  <node id="2696" lat="52.0532699913" lon="-1.3862729986" version="1" timestamp="2026-09-01T12:00:00Z" changeset="1" uid="1" user="generator"/>
  <node id="2697" lat="52.0524599905" lon="-1.3870927670" version="1" timestamp="2026-09-01T12:00:00Z" changeset="1" uid="1" user="generator"/>
  <node id="2698" lat="52.0500119880" lon="-1.3903425631" version="1" timestamp="2026-09-01T12:00:00Z" changeset="1" uid="1" user="generator"/>
  <node id="2699" lat="52.0498229878" lon="-1.3906206988" version="1" timestamp="2026-09-01T12:00:00Z" changeset="1" uid="1" user="generator"/>
  <node id="2700" lat="52.0492649873" lon="-1.3927579522" version="1" timestamp="2026-09-01T12:00:00Z" changeset="1" uid="1" user="generator"/>
  <node id="2701" lat="52.0513799894" lon="-1.3999162870" version="1" timestamp="2026-09-01T12:00:00Z" changeset="1" uid="1" user="generator"/>
  <node id="2702" lat="52.0550879931" lon="-1.3999162870" version="1" timestamp="2026-09-01T12:00:00Z" changeset="1" uid="1" user="generator"/>
  <node id="2703" lat="52.0577969958" lon="-1.3776507916" version="1" timestamp="2026-09-01T12:00:00Z" changeset="1" uid="1" user="generator"/>
  <node id="2704" lat="52.0571759952" lon="-1.3748840733" version="1" timestamp="2026-09-01T12:00:00Z" changeset="1" uid="1" user="generator"/>
  <node id="2705" lat="52.0538009918" lon="-1.3780606758" version="1" timestamp="2026-09-01T12:00:00Z" changeset="1" uid="1" user="generator"/>
  <node id="2706" lat="52.0538729919" lon="-1.3845602681" version="1" timestamp="2026-09-01T12:00:00Z" changeset="1" uid="1" user="generator"/>
  <node id="2707" lat="52.0539719920" lon="-1.3848969587" version="1" timestamp="2026-09-01T12:00:00Z" changeset="1" uid="1" user="generator"/>
  <node id="2708" lat="52.0558889939" lon="-1.3862876373" version="1" timestamp="2026-09-01T12:00:00Z" changeset="1" uid="1" user="generator"/>
  <node id="2709" lat="52.0576529957" lon="-1.3813690269" version="1" timestamp="2026-09-01T12:00:00Z" changeset="1" uid="1" user="generator"/>
  <node id="2710" lat="52.0574369954" lon="-1.3806078133" version="1" timestamp="2026-09-01T12:00:00Z" changeset="1" uid="1" user="generator"/>
  <node id="2711" lat="52.0573649954" lon="-1.3793488833" version="1" timestamp="2026-09-01T12:00:00Z" changeset="1" uid="1" user="generator"/>
  <node id="2712" lat="52.0538009918" lon="-1.3844431584" version="1" timestamp="2026-09-01T12:00:00Z" changeset="1" uid="1" user="generator"/>
  <node id="2713" lat="52.0537289917" lon="-1.3780021209" version="1" timestamp="2026-09-01T12:00:00Z" changeset="1" uid="1" user="generator"/>
  <node id="2714" lat="52.0530539911" lon="-1.3769627717" version="1" timestamp="2026-09-01T12:00:00Z" changeset="1" uid="1" user="generator"/>
  <node id="2715" lat="52.0508399888" lon="-1.3776068754" version="1" timestamp="2026-09-01T12:00:00Z" changeset="1" uid="1" user="generator"/>
  <node id="2716" lat="52.0498949879" lon="-1.3788804442" version="1" timestamp="2026-09-01T12:00:00Z" changeset="1" uid="1" user="generator"/>
  <node id="2717" lat="52.0497599878" lon="-1.3820570468" version="1" timestamp="2026-09-01T12:00:00Z" changeset="1" uid="1" user="generator"/>
  <node id="2718" lat="52.0581209961" lon="-1.3728785684" version="1" timestamp="2026-09-01T12:00:00Z" changeset="1" uid="1" user="generator"/>
  <node id="2719" lat="52.0561949942" lon="-1.3647394393" version="1" timestamp="2026-09-01T12:00:00Z" changeset="1" uid="1" user="generator"/>
  <node id="2720" lat="52.0556099936" lon="-1.3644027487" version="1" timestamp="2026-09-01T12:00:00Z" changeset="1" uid="1" user="generator"/>
  <node id="2721" lat="52.0517669898" lon="-1.3717660256" version="1" timestamp="2026-09-01T12:00:00Z" changeset="1" uid="1" user="generator"/>
  <node id="2722" lat="52.0530809911" lon="-1.3768895781" version="1" timestamp="2026-09-01T12:00:00Z" changeset="1" uid="1" user="generator"/>
  <node id="2723" lat="52.0537739918" lon="-1.3779582048" version="1" timestamp="2026-09-01T12:00:00Z" changeset="1" uid="1" user="generator"/>
  <node id="2724" lat="52.0572659953" lon="-1.3746791312" version="1" timestamp="2026-09-01T12:00:00Z" changeset="1" uid="1" user="generator"/>
  <node id="2725" lat="52.0586789967" lon="-1.3510668734" version="1" timestamp="2026-09-01T12:00:00Z" changeset="1" uid="1" user="generator"/>
  <node id="2726" lat="52.0585169965" lon="-1.3480220194" version="1" timestamp="2026-09-01T12:00:00Z" changeset="1" uid="1" user="generator"/>
  <node id="2727" lat="52.0575359955" lon="-1.3441134807" version="1" timestamp="2026-09-01T12:00:00Z" changeset="1" uid="1" user="generator"/>
  <node id="2728" lat="52.0535489915" lon="-1.3439817322" version="1" timestamp="2026-09-01T12:00:00Z" changeset="1" uid="1" user="generator"/>
  <node id="2729" lat="52.0528649909" lon="-1.3458554886" version="1" timestamp="2026-09-01T12:00:00Z" changeset="1" uid="1" user="generator"/>
  <node id="2730" lat="52.0547279927" lon="-1.3515206738" version="1" timestamp="2026-09-01T12:00:00Z" changeset="1" uid="1" user="generator"/>
  <node id="2731" lat="52.0574369954" lon="-1.3437475127" version="1" timestamp="2026-09-01T12:00:00Z" changeset="1" uid="1" user="generator"/>
  <node id="2732" lat="52.0571489951" lon="-1.3425764150" version="1" timestamp="2026-09-01T12:00:00Z" changeset="1" uid="1" user="generator"/>
  <node id="2733" lat="52.0568519949" lon="-1.3404538004" version="1" timestamp="2026-09-01T12:00:00Z" changeset="1" uid="1" user="generator"/>
  <node id="2734" lat="52.0538369918" lon="-1.3410539879" version="1" timestamp="2026-09-01T12:00:00Z" changeset="1" uid="1" user="generator"/>
  <node id="2735" lat="52.0536659917" lon="-1.3435572093" version="1" timestamp="2026-09-01T12:00:00Z" changeset="1" uid="1" user="generator"/>
  <node id="2736" lat="52.0536209916" lon="-1.3419615887" version="1" timestamp="2026-09-01T12:00:00Z" changeset="1" uid="1" user="generator"/>
  <node id="2737" lat="52.0536209916" lon="-1.3397072256" version="1" timestamp="2026-09-01T12:00:00Z" changeset="1" uid="1" user="generator"/>
  <node id="2738" lat="52.0534049914" lon="-1.3361353775" version="1" timestamp="2026-09-01T12:00:00Z" changeset="1" uid="1" user="generator"/>
  <node id="2739" lat="52.0531349911" lon="-1.3347007828" version="1" timestamp="2026-09-01T12:00:00Z" changeset="1" uid="1" user="generator"/>
  <node id="2740" lat="52.0527929908" lon="-1.3339102919" version="1" timestamp="2026-09-01T12:00:00Z" changeset="1" uid="1" user="generator"/>
  <node id="2741" lat="52.0521899902" lon="-1.3334272141" version="1" timestamp="2026-09-01T12:00:00Z" changeset="1" uid="1" user="generator"/>
  <node id="2742" lat="52.0503359883" lon="-1.3334564915" version="1" timestamp="2026-09-01T12:00:00Z" changeset="1" uid="1" user="generator"/>
  <node id="2743" lat="52.0457369837" lon="-1.3405562714" version="1" timestamp="2026-09-01T12:00:00Z" changeset="1" uid="1" user="generator"/>
  <node id="2744" lat="52.0476179856" lon="-1.3458115724" version="1" timestamp="2026-09-01T12:00:00Z" changeset="1" uid="1" user="generator"/>
  <node id="2745" lat="52.0509479889" lon="-1.3456651852" version="1" timestamp="2026-09-01T12:00:00Z" changeset="1" uid="1" user="generator"/>
  <node id="2746" lat="52.0519019899" lon="-1.3455187980" version="1" timestamp="2026-09-01T12:00:00Z" changeset="1" uid="1" user="generator"/>
  <node id="2747" lat="52.0526039906" lon="-1.3452553010" version="1" timestamp="2026-09-01T12:00:00Z" changeset="1" uid="1" user="generator"/>
  <node id="2748" lat="52.0530269910" lon="-1.3448893330" version="1" timestamp="2026-09-01T12:00:00Z" changeset="1" uid="1" user="generator"/>
  <node id="2749" lat="52.0533689914" lon="-1.3438646225" version="1" timestamp="2026-09-01T12:00:00Z" changeset="1" uid="1" user="generator"/>
  <node id="2750" lat="52.0582649963" lon="-1.3363110422" version="1" timestamp="2026-09-01T12:00:00Z" changeset="1" uid="1" user="generator"/>
  <node id="2751" lat="52.0569779950" lon="-1.3316998449" version="1" timestamp="2026-09-01T12:00:00Z" changeset="1" uid="1" user="generator"/>
  <node id="2752" lat="52.0547279927" lon="-1.3309679089" version="1" timestamp="2026-09-01T12:00:00Z" changeset="1" uid="1" user="generator"/>
  <node id="2753" lat="52.0533329913" lon="-1.3331490784" version="1" timestamp="2026-09-01T12:00:00Z" changeset="1" uid="1" user="generator"/>
  <node id="2754" lat="52.0534769915" lon="-1.3353741640" version="1" timestamp="2026-09-01T12:00:00Z" changeset="1" uid="1" user="generator"/>
  <node id="2755" lat="52.0536029916" lon="-1.3360475452" version="1" timestamp="2026-09-01T12:00:00Z" changeset="1" uid="1" user="generator"/>
  <node id="2756" lat="52.0538459918" lon="-1.3409222395" version="1" timestamp="2026-09-01T12:00:00Z" changeset="1" uid="1" user="generator"/>
  <node id="2757" lat="52.0568339948" lon="-1.3403366906" version="1" timestamp="2026-09-01T12:00:00Z" changeset="1" uid="1" user="generator"/>
  <node id="2758" lat="52.0563209943" lon="-1.3363403196" version="1" timestamp="2026-09-01T12:00:00Z" changeset="1" uid="1" user="generator"/>
  <node id="2759" lat="52.0565279945" lon="-1.3360329065" version="1" timestamp="2026-09-01T12:00:00Z" changeset="1" uid="1" user="generator"/>
  <node id="2760" lat="52.0553309933" lon="-1.3237802966" version="1" timestamp="2026-09-01T12:00:00Z" changeset="1" uid="1" user="generator"/>
  <node id="2761" lat="52.0542959923" lon="-1.3233557737" version="1" timestamp="2026-09-01T12:00:00Z" changeset="1" uid="1" user="generator"/>
  <node id="2762" lat="52.0525319905" lon="-1.3216284046" version="1" timestamp="2026-09-01T12:00:00Z" changeset="1" uid="1" user="generator"/>
  <node id="2763" lat="52.0509479889" lon="-1.3205744166" version="1" timestamp="2026-09-01T12:00:00Z" changeset="1" uid="1" user="generator"/>
  <node id="2764" lat="52.0502999883" lon="-1.3197839257" version="1" timestamp="2026-09-01T12:00:00Z" changeset="1" uid="1" user="generator"/>
  <node id="2765" lat="52.0494809875" lon="-1.3212331591" version="1" timestamp="2026-09-01T12:00:00Z" changeset="1" uid="1" user="generator"/>
  <node id="2766" lat="52.0543679924" lon="-1.3266348473" version="1" timestamp="2026-09-01T12:00:00Z" changeset="1" uid="1" user="generator"/>
  <node id="2767" lat="52.0570769951" lon="-1.3087609684" version="1" timestamp="2026-09-01T12:00:00Z" changeset="1" uid="1" user="generator"/>
  <node id="2768" lat="52.0550339930" lon="-1.3024516794" version="1" timestamp="2026-09-01T12:00:00Z" changeset="1" uid="1" user="generator"/>
  <node id="2769" lat="52.0542779923" lon="-1.3039155516" version="1" timestamp="2026-09-01T12:00:00Z" changeset="1" uid="1" user="generator"/>
  <node id="2770" lat="52.0533329913" lon="-1.3041644099" version="1" timestamp="2026-09-01T12:00:00Z" changeset="1" uid="1" user="generator"/>
  <node id="2771" lat="52.0543229923" lon="-1.3073556511" version="1" timestamp="2026-09-01T12:00:00Z" changeset="1" uid="1" user="generator"/>
  <node id="2772" lat="52.0546109926" lon="-1.3089073556" version="1" timestamp="2026-09-01T12:00:00Z" changeset="1" uid="1" user="generator"/>
  <node id="2773" lat="52.0547639928" lon="-1.3104444214" version="1" timestamp="2026-09-01T12:00:00Z" changeset="1" uid="1" user="generator"/>
  <node id="2774" lat="52.0571309951" lon="-1.2870956606" version="1" timestamp="2026-09-01T12:00:00Z" changeset="1" uid="1" user="generator"/>
  <node id="2775" lat="52.0557179937" lon="-1.2873152414" version="1" timestamp="2026-09-01T12:00:00Z" changeset="1" uid="1" user="generator"/>
  <node id="2776" lat="52.0550609931" lon="-1.2861880599" version="1" timestamp="2026-09-01T12:00:00Z" changeset="1" uid="1" user="generator"/>
  <node id="2777" lat="52.0552769933" lon="-1.2844606908" version="1" timestamp="2026-09-01T12:00:00Z" changeset="1" uid="1" user="generator"/>
  <node id="2778" lat="52.0555559936" lon="-1.2839776130" version="1" timestamp="2026-09-01T12:00:00Z" changeset="1" uid="1" user="generator"/>
  <node id="2779" lat="52.0560689941" lon="-1.2836701998" version="1" timestamp="2026-09-01T12:00:00Z" changeset="1" uid="1" user="generator"/>
  <node id="2780" lat="52.0539899920" lon="-1.2801129905" version="1" timestamp="2026-09-01T12:00:00Z" changeset="1" uid="1" user="generator"/>
  <node id="2781" lat="52.0504889885" lon="-1.2801276292" version="1" timestamp="2026-09-01T12:00:00Z" changeset="1" uid="1" user="generator"/>
  <node id="2782" lat="52.0498229878" lon="-1.2861587825" version="1" timestamp="2026-09-01T12:00:00Z" changeset="1" uid="1" user="generator"/>
  <node id="2783" lat="52.0537919918" lon="-1.2908578120" version="1" timestamp="2026-09-01T12:00:00Z" changeset="1" uid="1" user="generator"/>
  <node id="2784" lat="52.0496069876" lon="-1.3906499763" version="1" timestamp="2026-09-01T12:00:00Z" changeset="1" uid="1" user="generator"/>
  <node id="2785" lat="52.0495079875" lon="-1.3902547308" version="1" timestamp="2026-09-01T12:00:00Z" changeset="1" uid="1" user="generator"/>
  <node id="2786" lat="52.0468619849" lon="-1.3870634895" version="1" timestamp="2026-09-01T12:00:00Z" changeset="1" uid="1" user="generator"/>
  <node id="2787" lat="52.0455029835" lon="-1.3885712778" version="1" timestamp="2026-09-01T12:00:00Z" changeset="1" uid="1" user="generator"/>
  <node id="2788" lat="52.0452509833" lon="-1.3928457845" version="1" timestamp="2026-09-01T12:00:00Z" changeset="1" uid="1" user="generator"/>
  <node id="2789" lat="52.0477799858" lon="-1.3926262037" version="1" timestamp="2026-09-01T12:00:00Z" changeset="1" uid="1" user="generator"/>
  <node id="2790" lat="52.0486259866" lon="-1.3923919841" version="1" timestamp="2026-09-01T12:00:00Z" changeset="1" uid="1" user="generator"/>
  <node id="2791" lat="52.0490939871" lon="-1.3921284871" version="1" timestamp="2026-09-01T12:00:00Z" changeset="1" uid="1" user="generator"/>
  <node id="2792" lat="52.0493549874" lon="-1.3917625191" version="1" timestamp="2026-09-01T12:00:00Z" changeset="1" uid="1" user="generator"/>
  <node id="2793" lat="52.0538909919" lon="-1.3849115975" version="1" timestamp="2026-09-01T12:00:00Z" changeset="1" uid="1" user="generator"/>
  <node id="2794" lat="52.0537919918" lon="-1.3845749069" version="1" timestamp="2026-09-01T12:00:00Z" changeset="1" uid="1" user="generator"/>
  <node id="2795" lat="52.0497419877" lon="-1.3821448791" version="1" timestamp="2026-09-01T12:00:00Z" changeset="1" uid="1" user="generator"/>
  <node id="2796" lat="52.0495709876" lon="-1.3850579847" version="1" timestamp="2026-09-01T12:00:00Z" changeset="1" uid="1" user="generator"/>
  <node id="2797" lat="52.0493999874" lon="-1.3852775655" version="1" timestamp="2026-09-01T12:00:00Z" changeset="1" uid="1" user="generator"/>
  <node id="2798" lat="52.0486349866" lon="-1.3857313659" version="1" timestamp="2026-09-01T12:00:00Z" changeset="1" uid="1" user="generator"/>
  <node id="2799" lat="52.0497509878" lon="-1.3902693695" version="1" timestamp="2026-09-01T12:00:00Z" changeset="1" uid="1" user="generator"/>
  <node id="2800" lat="52.0555469935" lon="-1.3643588325" version="1" timestamp="2026-09-01T12:00:00Z" changeset="1" uid="1" user="generator"/>
  <node id="2801" lat="52.0526939907" lon="-1.3593963059" version="1" timestamp="2026-09-01T12:00:00Z" changeset="1" uid="1" user="generator"/>
  <node id="2802" lat="52.0503899884" lon="-1.3595426932" version="1" timestamp="2026-09-01T12:00:00Z" changeset="1" uid="1" user="generator"/>
  <node id="2803" lat="52.0482749863" lon="-1.3619873596" version="1" timestamp="2026-09-01T12:00:00Z" changeset="1" uid="1" user="generator"/>
  <node id="2804" lat="52.0479689860" lon="-1.3655592077" version="1" timestamp="2026-09-01T12:00:00Z" changeset="1" uid="1" user="generator"/>
  <node id="2805" lat="52.0480229860" lon="-1.3676671836" version="1" timestamp="2026-09-01T12:00:00Z" changeset="1" uid="1" user="generator"/>
  <node id="2806" lat="52.0482569863" lon="-1.3686040617" version="1" timestamp="2026-09-01T12:00:00Z" changeset="1" uid="1" user="generator"/>
  <node id="2807" lat="52.0490759871" lon="-1.3703460696" version="1" timestamp="2026-09-01T12:00:00Z" changeset="1" uid="1" user="generator"/>
  <node id="2808" lat="52.0494539875" lon="-1.3706973989" version="1" timestamp="2026-09-01T12:00:00Z" changeset="1" uid="1" user="generator"/>
  <node id="2809" lat="52.0502999883" lon="-1.3694677463" version="1" timestamp="2026-09-01T12:00:00Z" changeset="1" uid="1" user="generator"/>
  <node id="2810" lat="52.0505519886" lon="-1.3693506365" version="1" timestamp="2026-09-01T12:00:00Z" changeset="1" uid="1" user="generator"/>
  <node id="2811" lat="52.0515509896" lon="-1.3706242053" version="1" timestamp="2026-09-01T12:00:00Z" changeset="1" uid="1" user="generator"/>
  <node id="2812" lat="52.0515869896" lon="-1.3707998700" version="1" timestamp="2026-09-01T12:00:00Z" changeset="1" uid="1" user="generator"/>
  <node id="2813" lat="52.0514069894" lon="-1.3716489158" version="1" timestamp="2026-09-01T12:00:00Z" changeset="1" uid="1" user="generator"/>
  <node id="2814" lat="52.0517219897" lon="-1.3717221094" version="1" timestamp="2026-09-01T12:00:00Z" changeset="1" uid="1" user="generator"/>
  <node id="2815" lat="52.0546649927" lon="-1.3516231448" version="1" timestamp="2026-09-01T12:00:00Z" changeset="1" uid="1" user="generator"/>
  <node id="2816" lat="52.0528019908" lon="-1.3458994048" version="1" timestamp="2026-09-01T12:00:00Z" changeset="1" uid="1" user="generator"/>
  <node id="2817" lat="52.0495259875" lon="-1.3460165145" version="1" timestamp="2026-09-01T12:00:00Z" changeset="1" uid="1" user="generator"/>
  <node id="2818" lat="52.0485179865" lon="-1.3462800115" version="1" timestamp="2026-09-01T12:00:00Z" changeset="1" uid="1" user="generator"/>
  <node id="2819" lat="52.0481039861" lon="-1.3465435085" version="1" timestamp="2026-09-01T12:00:00Z" changeset="1" uid="1" user="generator"/>
  <node id="2820" lat="52.0477979858" lon="-1.3467484506" version="1" timestamp="2026-09-01T12:00:00Z" changeset="1" uid="1" user="generator"/>
  <node id="2821" lat="52.0473209853" lon="-1.3474364705" version="1" timestamp="2026-09-01T12:00:00Z" changeset="1" uid="1" user="generator"/>
  <node id="2822" lat="52.0466189846" lon="-1.3498957757" version="1" timestamp="2026-09-01T12:00:00Z" changeset="1" uid="1" user="generator"/>
  <node id="2823" lat="52.0503899884" lon="-1.3594255834" version="1" timestamp="2026-09-01T12:00:00Z" changeset="1" uid="1" user="generator"/>
  <node id="2824" lat="52.0526849907" lon="-1.3592645574" version="1" timestamp="2026-09-01T12:00:00Z" changeset="1" uid="1" user="generator"/>
  <node id="2825" lat="52.0546829927" lon="-1.3309239927" version="1" timestamp="2026-09-01T12:00:00Z" changeset="1" uid="1" user="generator"/>
  <node id="2826" lat="52.0543589924" lon="-1.3267373184" version="1" timestamp="2026-09-01T12:00:00Z" changeset="1" uid="1" user="generator"/>
  <node id="2827" lat="52.0494179874" lon="-1.3213063527" version="1" timestamp="2026-09-01T12:00:00Z" changeset="1" uid="1" user="generator"/>
  <node id="2828" lat="52.0460609841" lon="-1.3243658455" version="1" timestamp="2026-09-01T12:00:00Z" changeset="1" uid="1" user="generator"/>
  <node id="2829" lat="52.0460249840" lon="-1.3247757297" version="1" timestamp="2026-09-01T12:00:00Z" changeset="1" uid="1" user="generator"/>
  <node id="2830" lat="52.0460969841" lon="-1.3250977815" version="1" timestamp="2026-09-01T12:00:00Z" changeset="1" uid="1" user="generator"/>
  <node id="2831" lat="52.0460069840" lon="-1.3263274342" version="1" timestamp="2026-09-01T12:00:00Z" changeset="1" uid="1" user="generator"/>
  <node id="2832" lat="52.0488239868" lon="-1.3307922442" version="1" timestamp="2026-09-01T12:00:00Z" changeset="1" uid="1" user="generator"/>
  <node id="2833" lat="52.0496699877" lon="-1.3318755096" version="1" timestamp="2026-09-01T12:00:00Z" changeset="1" uid="1" user="generator"/>
  <node id="2834" lat="52.0506779887" lon="-1.3327831103" version="1" timestamp="2026-09-01T12:00:00Z" changeset="1" uid="1" user="generator"/>
  <node id="2835" lat="52.0514519895" lon="-1.3331344396" version="1" timestamp="2026-09-01T12:00:00Z" changeset="1" uid="1" user="generator"/>
  <node id="2836" lat="52.0532699913" lon="-1.3331051622" version="1" timestamp="2026-09-01T12:00:00Z" changeset="1" uid="1" user="generator"/>
  <node id="2837" lat="52.0549709930" lon="-1.2985724183" version="1" timestamp="2026-09-01T12:00:00Z" changeset="1" uid="1" user="generator"/>
  <node id="2838" lat="52.0537739918" lon="-1.2942539954" version="1" timestamp="2026-09-01T12:00:00Z" changeset="1" uid="1" user="generator"/>
  <node id="2839" lat="52.0517399897" lon="-1.2950152089" version="1" timestamp="2026-09-01T12:00:00Z" changeset="1" uid="1" user="generator"/>
  <node id="2840" lat="52.0516589897" lon="-1.2964351649" version="1" timestamp="2026-09-01T12:00:00Z" changeset="1" uid="1" user="generator"/>
  <node id="2841" lat="52.0514519895" lon="-1.2967718555" version="1" timestamp="2026-09-01T12:00:00Z" changeset="1" uid="1" user="generator"/>
  <node id="2842" lat="52.0510199890" lon="-1.2966547457" version="1" timestamp="2026-09-01T12:00:00Z" changeset="1" uid="1" user="generator"/>
  <node id="2843" lat="52.0498859879" lon="-1.2960106420" version="1" timestamp="2026-09-01T12:00:00Z" changeset="1" uid="1" user="generator"/>
  <node id="2844" lat="52.0498229878" lon="-1.2962009454" version="1" timestamp="2026-09-01T12:00:00Z" changeset="1" uid="1" user="generator"/>
  <node id="2845" lat="52.0501469881" lon="-1.2967279394" version="1" timestamp="2026-09-01T12:00:00Z" changeset="1" uid="1" user="generator"/>
  <node id="2846" lat="52.0501109881" lon="-1.2970792687" version="1" timestamp="2026-09-01T12:00:00Z" changeset="1" uid="1" user="generator"/>
  <node id="2847" lat="52.0497059877" lon="-1.2980015081" version="1" timestamp="2026-09-01T12:00:00Z" changeset="1" uid="1" user="generator"/>
  <node id="2848" lat="52.0491389871" lon="-1.2982210889" version="1" timestamp="2026-09-01T12:00:00Z" changeset="1" uid="1" user="generator"/>
  <node id="2849" lat="52.0487789868" lon="-1.2993336318" version="1" timestamp="2026-09-01T12:00:00Z" changeset="1" uid="1" user="generator"/>
  <node id="2850" lat="52.0494539875" lon="-1.3002265938" version="1" timestamp="2026-09-01T12:00:00Z" changeset="1" uid="1" user="generator"/>
  <node id="2851" lat="52.0502819883" lon="-1.3002265938" version="1" timestamp="2026-09-01T12:00:00Z" changeset="1" uid="1" user="generator"/>
  <node id="2852" lat="52.0511639892" lon="-1.3005779231" version="1" timestamp="2026-09-01T12:00:00Z" changeset="1" uid="1" user="generator"/>
  <node id="2853" lat="52.0518479898" lon="-1.3011634720" version="1" timestamp="2026-09-01T12:00:00Z" changeset="1" uid="1" user="generator"/>
  <node id="2854" lat="52.0523519904" lon="-1.3018661306" version="1" timestamp="2026-09-01T12:00:00Z" changeset="1" uid="1" user="generator"/>
  <node id="2855" lat="52.0524149904" lon="-1.3018222144" version="1" timestamp="2026-09-01T12:00:00Z" changeset="1" uid="1" user="generator"/>
  <node id="2856" lat="52.0524149904" lon="-1.3014708851" version="1" timestamp="2026-09-01T12:00:00Z" changeset="1" uid="1" user="generator"/>
  <node id="2857" lat="52.0523249903" lon="-1.2997727934" version="1" timestamp="2026-09-01T12:00:00Z" changeset="1" uid="1" user="generator"/>
  <node id="2858" lat="52.0524599905" lon="-1.2994361028" version="1" timestamp="2026-09-01T12:00:00Z" changeset="1" uid="1" user="generator"/>
  <node id="2859" lat="52.0535399915" lon="-1.2993775479" version="1" timestamp="2026-09-01T12:00:00Z" changeset="1" uid="1" user="generator"/>
  <node id="2860" lat="52.0542779923" lon="-1.3006364780" version="1" timestamp="2026-09-01T12:00:00Z" changeset="1" uid="1" user="generator"/>
  <node id="2861" lat="52.0544489924" lon="-1.3005047295" version="1" timestamp="2026-09-01T12:00:00Z" changeset="1" uid="1" user="generator"/>
  <node id="2862" lat="52.0537649918" lon="-1.2918678838" version="1" timestamp="2026-09-01T12:00:00Z" changeset="1" uid="1" user="generator"/>
  <node id="2863" lat="52.0537379917" lon="-1.2908870895" version="1" timestamp="2026-09-01T12:00:00Z" changeset="1" uid="1" user="generator"/>
  <node id="2864" lat="52.0497779878" lon="-1.2862319761" version="1" timestamp="2026-09-01T12:00:00Z" changeset="1" uid="1" user="generator"/>
  <node id="2865" lat="52.0473749854" lon="-1.2890279719" version="1" timestamp="2026-09-01T12:00:00Z" changeset="1" uid="1" user="generator"/>
  <node id="2866" lat="52.0481579862" lon="-1.2907699797" version="1" timestamp="2026-09-01T12:00:00Z" changeset="1" uid="1" user="generator"/>
  <node id="2867" lat="52.0486619867" lon="-1.2897159918" version="1" timestamp="2026-09-01T12:00:00Z" changeset="1" uid="1" user="generator"/>
  <node id="2868" lat="52.0488419868" lon="-1.2897745467" version="1" timestamp="2026-09-01T12:00:00Z" changeset="1" uid="1" user="generator"/>
  <node id="2869" lat="52.0517489897" lon="-1.2936245304" version="1" timestamp="2026-09-01T12:00:00Z" changeset="1" uid="1" user="generator"/>
  <node id="2870" lat="52.0517399897" lon="-1.2946346022" version="1" timestamp="2026-09-01T12:00:00Z" changeset="1" uid="1" user="generator"/>
  <node id="2871" lat="52.0524779905" lon="-1.2944296601" version="1" timestamp="2026-09-01T12:00:00Z" changeset="1" uid="1" user="generator"/>
  <node id="2872" lat="52.0531079911" lon="-1.2940490533" version="1" timestamp="2026-09-01T12:00:00Z" changeset="1" uid="1" user="generator"/>
  <node id="2873" lat="52.0534499914" lon="-1.2936391691" version="1" timestamp="2026-09-01T12:00:00Z" changeset="1" uid="1" user="generator"/>
  <node id="2874" lat="52.0536929917" lon="-1.2929511492" version="1" timestamp="2026-09-01T12:00:00Z" changeset="1" uid="1" user="generator"/>
  <node id="2875" lat="52.0536929917" lon="-1.2921021034" version="1" timestamp="2026-09-01T12:00:00Z" changeset="1" uid="1" user="generator"/>
  <node id="2876" lat="52.0512989893" lon="-1.3999016482" version="1" timestamp="2026-09-01T12:00:00Z" changeset="1" uid="1" user="generator"/>
  <node id="2877" lat="52.0492019872" lon="-1.3928018683" version="1" timestamp="2026-09-01T12:00:00Z" changeset="1" uid="1" user="generator"/>
  <node id="2878" lat="52.0458179838" lon="-1.3930946428" version="1" timestamp="2026-09-01T12:00:00Z" changeset="1" uid="1" user="generator"/>
  <node id="2879" lat="52.0447739828" lon="-1.3933288623" version="1" timestamp="2026-09-01T12:00:00Z" changeset="1" uid="1" user="generator"/>
  <node id="2880" lat="52.0440449820" lon="-1.3937241078" version="1" timestamp="2026-09-01T12:00:00Z" changeset="1" uid="1" user="generator"/>
  <node id="2881" lat="52.0436039816" lon="-1.3999162870" version="1" timestamp="2026-09-01T12:00:00Z" changeset="1" uid="1" user="generator"/>
  <node id="2882" lat="52.0454309834" lon="-1.3888347748" version="1" timestamp="2026-09-01T12:00:00Z" changeset="1" uid="1" user="generator"/>
  <node id="2883" lat="52.0446119826" lon="-1.3902840082" version="1" timestamp="2026-09-01T12:00:00Z" changeset="1" uid="1" user="generator"/>
  <node id="2884" lat="52.0430459810" lon="-1.3904889503" version="1" timestamp="2026-09-01T12:00:00Z" changeset="1" uid="1" user="generator"/>
  <node id="2885" lat="52.0428749809" lon="-1.3901229823" version="1" timestamp="2026-09-01T12:00:00Z" changeset="1" uid="1" user="generator"/>
  <node id="2886" lat="52.0427039807" lon="-1.3875612060" version="1" timestamp="2026-09-01T12:00:00Z" changeset="1" uid="1" user="generator"/>
  <node id="2887" lat="52.0405709786" lon="-1.3895667109" version="1" timestamp="2026-09-01T12:00:00Z" changeset="1" uid="1" user="generator"/>
  <node id="2888" lat="52.0439819820" lon="-1.3934166946" version="1" timestamp="2026-09-01T12:00:00Z" changeset="1" uid="1" user="generator"/>
  <node id="2889" lat="52.0447379827" lon="-1.3929775330" version="1" timestamp="2026-09-01T12:00:00Z" changeset="1" uid="1" user="generator"/>
  <node id="2890" lat="52.0451789832" lon="-1.3928750619" version="1" timestamp="2026-09-01T12:00:00Z" changeset="1" uid="1" user="generator"/>
  <node id="2891" lat="52.0459169839" lon="-1.3740789436" version="1" timestamp="2026-09-01T12:00:00Z" changeset="1" uid="1" user="generator"/>
  <node id="2892" lat="52.0458449838" lon="-1.3736690594" version="1" timestamp="2026-09-01T12:00:00Z" changeset="1" uid="1" user="generator"/>
  <node id="2893" lat="52.0449719830" lon="-1.3717806643" version="1" timestamp="2026-09-01T12:00:00Z" changeset="1" uid="1" user="generator"/>
  <node id="2894" lat="52.0444499824" lon="-1.3711072831" version="1" timestamp="2026-09-01T12:00:00Z" changeset="1" uid="1" user="generator"/>
  <node id="2895" lat="52.0436219816" lon="-1.3705510117" version="1" timestamp="2026-09-01T12:00:00Z" changeset="1" uid="1" user="generator"/>
  <node id="2896" lat="52.0428659809" lon="-1.3703460696" version="1" timestamp="2026-09-01T12:00:00Z" changeset="1" uid="1" user="generator"/>
  <node id="2897" lat="52.0403279783" lon="-1.3704631794" version="1" timestamp="2026-09-01T12:00:00Z" changeset="1" uid="1" user="generator"/>
  <node id="2898" lat="52.0399949780" lon="-1.3710633669" version="1" timestamp="2026-09-01T12:00:00Z" changeset="1" uid="1" user="generator"/>
  <node id="2899" lat="52.0398149778" lon="-1.3717953030" version="1" timestamp="2026-09-01T12:00:00Z" changeset="1" uid="1" user="generator"/>
  <node id="2900" lat="52.0397519778" lon="-1.3734202011" version="1" timestamp="2026-09-01T12:00:00Z" changeset="1" uid="1" user="generator"/>
  <node id="2901" lat="52.0439819820" lon="-1.3764943326" version="1" timestamp="2026-09-01T12:00:00Z" changeset="1" uid="1" user="generator"/>
  <node id="2902" lat="52.0441799822" lon="-1.3757916740" version="1" timestamp="2026-09-01T12:00:00Z" changeset="1" uid="1" user="generator"/>
  <node id="2903" lat="52.0452059832" lon="-1.3752646800" version="1" timestamp="2026-09-01T12:00:00Z" changeset="1" uid="1" user="generator"/>
  <node id="2904" lat="52.0479149859" lon="-1.3642417227" version="1" timestamp="2026-09-01T12:00:00Z" changeset="1" uid="1" user="generator"/>
  <node id="2905" lat="52.0477889858" lon="-1.3630120701" version="1" timestamp="2026-09-01T12:00:00Z" changeset="1" uid="1" user="generator"/>
  <node id="2906" lat="52.0473839854" lon="-1.3621776630" version="1" timestamp="2026-09-01T12:00:00Z" changeset="1" uid="1" user="generator"/>
  <node id="2907" lat="52.0466999847" lon="-1.3615921142" version="1" timestamp="2026-09-01T12:00:00Z" changeset="1" uid="1" user="generator"/>
  <node id="2908" lat="52.0443239823" lon="-1.3606552360" version="1" timestamp="2026-09-01T12:00:00Z" changeset="1" uid="1" user="generator"/>
  <node id="2909" lat="52.0408589789" lon="-1.3662618663" version="1" timestamp="2026-09-01T12:00:00Z" changeset="1" uid="1" user="generator"/>
  <node id="2910" lat="52.0404269784" lon="-1.3700972113" version="1" timestamp="2026-09-01T12:00:00Z" changeset="1" uid="1" user="generator"/>
  <node id="2911" lat="52.0443239823" lon="-1.3700240177" version="1" timestamp="2026-09-01T12:00:00Z" changeset="1" uid="1" user="generator"/>
  <node id="2912" lat="52.0454759835" lon="-1.3691749719" version="1" timestamp="2026-09-01T12:00:00Z" changeset="1" uid="1" user="generator"/>
  <node id="2913" lat="52.0468799849" lon="-1.3673597704" version="1" timestamp="2026-09-01T12:00:00Z" changeset="1" uid="1" user="generator"/>
  <node id="2914" lat="52.0470419850" lon="-1.3673597704" version="1" timestamp="2026-09-01T12:00:00Z" changeset="1" uid="1" user="generator"/>
  <node id="2915" lat="52.0474559855" lon="-1.3677110997" version="1" timestamp="2026-09-01T12:00:00Z" changeset="1" uid="1" user="generator"/>
  <node id="2916" lat="52.0475819856" lon="-1.3676232674" version="1" timestamp="2026-09-01T12:00:00Z" changeset="1" uid="1" user="generator"/>
  <node id="2917" lat="52.0477529858" lon="-1.3664960859" version="1" timestamp="2026-09-01T12:00:00Z" changeset="1" uid="1" user="generator"/>
  <node id="2918" lat="52.0503449883" lon="-1.3594694995" version="1" timestamp="2026-09-01T12:00:00Z" changeset="1" uid="1" user="generator"/>
  <node id="2919" lat="52.0465739846" lon="-1.3500275242" version="1" timestamp="2026-09-01T12:00:00Z" changeset="1" uid="1" user="generator"/>
  <node id="2920" lat="52.0437209817" lon="-1.3525600230" version="1" timestamp="2026-09-01T12:00:00Z" changeset="1" uid="1" user="generator"/>
  <node id="2921" lat="52.0442609823" lon="-1.3550486057" version="1" timestamp="2026-09-01T12:00:00Z" changeset="1" uid="1" user="generator"/>
  <node id="2922" lat="52.0435589816" lon="-1.3574200785" version="1" timestamp="2026-09-01T12:00:00Z" changeset="1" uid="1" user="generator"/>
  <node id="2923" lat="52.0437569818" lon="-1.3581812921" version="1" timestamp="2026-09-01T12:00:00Z" changeset="1" uid="1" user="generator"/>
  <node id="2924" lat="52.0442249822" lon="-1.3592352800" version="1" timestamp="2026-09-01T12:00:00Z" changeset="1" uid="1" user="generator"/>
  <node id="2925" lat="52.0449539830" lon="-1.3602453518" version="1" timestamp="2026-09-01T12:00:00Z" changeset="1" uid="1" user="generator"/>
  <node id="2926" lat="52.0457819838" lon="-1.3609187330" version="1" timestamp="2026-09-01T12:00:00Z" changeset="1" uid="1" user="generator"/>
  <node id="2927" lat="52.0482479862" lon="-1.3619141660" version="1" timestamp="2026-09-01T12:00:00Z" changeset="1" uid="1" user="generator"/>
  <node id="2928" lat="52.0475549856" lon="-1.3459140435" version="1" timestamp="2026-09-01T12:00:00Z" changeset="1" uid="1" user="generator"/>
  <node id="2929" lat="52.0457009837" lon="-1.3406441037" version="1" timestamp="2026-09-01T12:00:00Z" changeset="1" uid="1" user="generator"/>
  <node id="2930" lat="52.0447019827" lon="-1.3399853613" version="1" timestamp="2026-09-01T12:00:00Z" changeset="1" uid="1" user="generator"/>
  <node id="2931" lat="52.0378169758" lon="-1.3452699397" version="1" timestamp="2026-09-01T12:00:00Z" changeset="1" uid="1" user="generator"/>
  <node id="2932" lat="52.0422179802" lon="-1.3523111648" version="1" timestamp="2026-09-01T12:00:00Z" changeset="1" uid="1" user="generator"/>
  <node id="2933" lat="52.0433159813" lon="-1.3517256159" version="1" timestamp="2026-09-01T12:00:00Z" changeset="1" uid="1" user="generator"/>
  <node id="2934" lat="52.0436759817" lon="-1.3522233324" version="1" timestamp="2026-09-01T12:00:00Z" changeset="1" uid="1" user="generator"/>
  <node id="2935" lat="52.0451339831" lon="-1.3509644024" version="1" timestamp="2026-09-01T12:00:00Z" changeset="1" uid="1" user="generator"/>
  <node id="2936" lat="52.0458719839" lon="-1.3501446340" version="1" timestamp="2026-09-01T12:00:00Z" changeset="1" uid="1" user="generator"/>
  <node id="2937" lat="52.0465469845" lon="-1.3491345622" version="1" timestamp="2026-09-01T12:00:00Z" changeset="1" uid="1" user="generator"/>
  <node id="2938" lat="52.0468709849" lon="-1.3484026261" version="1" timestamp="2026-09-01T12:00:00Z" changeset="1" uid="1" user="generator"/>
  <node id="2939" lat="52.0502909883" lon="-1.3334125753" version="1" timestamp="2026-09-01T12:00:00Z" changeset="1" uid="1" user="generator"/>
  <node id="2940" lat="52.0458899839" lon="-1.3265762924" version="1" timestamp="2026-09-01T12:00:00Z" changeset="1" uid="1" user="generator"/>
  <node id="2941" lat="52.0424249804" lon="-1.3319779806" version="1" timestamp="2026-09-01T12:00:00Z" changeset="1" uid="1" user="generator"/>
  <node id="2942" lat="52.0446929827" lon="-1.3398536128" version="1" timestamp="2026-09-01T12:00:00Z" changeset="1" uid="1" user="generator"/>
  <node id="2943" lat="52.0456739837" lon="-1.3404830778" version="1" timestamp="2026-09-01T12:00:00Z" changeset="1" uid="1" user="generator"/>
  <node id="2944" lat="52.0458809839" lon="-1.3253320011" version="1" timestamp="2026-09-01T12:00:00Z" changeset="1" uid="1" user="generator"/>
  <node id="2945" lat="52.0457909838" lon="-1.3246293425" version="1" timestamp="2026-09-01T12:00:00Z" changeset="1" uid="1" user="generator"/>
  <node id="2946" lat="52.0454669835" lon="-1.3237217417" version="1" timestamp="2026-09-01T12:00:00Z" changeset="1" uid="1" user="generator"/>
  <node id="2947" lat="52.0436939817" lon="-1.3205158617" version="1" timestamp="2026-09-01T12:00:00Z" changeset="1" uid="1" user="generator"/>
  <node id="2948" lat="52.0389779770" lon="-1.3213649076" version="1" timestamp="2026-09-01T12:00:00Z" changeset="1" uid="1" user="generator"/>
  <node id="2949" lat="52.0380869761" lon="-1.3236631868" version="1" timestamp="2026-09-01T12:00:00Z" changeset="1" uid="1" user="generator"/>
  <node id="2950" lat="52.0396889777" lon="-1.3309239927" version="1" timestamp="2026-09-01T12:00:00Z" changeset="1" uid="1" user="generator"/>
  <node id="2951" lat="52.0421999802" lon="-1.3317583998" version="1" timestamp="2026-09-01T12:00:00Z" changeset="1" uid="1" user="generator"/>
  <node id="2952" lat="52.0425419805" lon="-1.3313777931" version="1" timestamp="2026-09-01T12:00:00Z" changeset="1" uid="1" user="generator"/>
  <node id="2953" lat="52.0458089838" lon="-1.3262688793" version="1" timestamp="2026-09-01T12:00:00Z" changeset="1" uid="1" user="generator"/>
  <node id="2954" lat="52.0493549874" lon="-1.3212331591" version="1" timestamp="2026-09-01T12:00:00Z" changeset="1" uid="1" user="generator"/>
  <node id="2955" lat="52.0473659854" lon="-1.3124060100" version="1" timestamp="2026-09-01T12:00:00Z" changeset="1" uid="1" user="generator"/>
  <node id="2956" lat="52.0441889822" lon="-1.3148506765" version="1" timestamp="2026-09-01T12:00:00Z" changeset="1" uid="1" user="generator"/>
  <node id="2957" lat="52.0439909820" lon="-1.3181297501" version="1" timestamp="2026-09-01T12:00:00Z" changeset="1" uid="1" user="generator"/>
  <node id="2958" lat="52.0440989821" lon="-1.3199449516" version="1" timestamp="2026-09-01T12:00:00Z" changeset="1" uid="1" user="generator"/>
  <node id="2959" lat="52.0442609823" lon="-1.3207647200" version="1" timestamp="2026-09-01T12:00:00Z" changeset="1" uid="1" user="generator"/>
  <node id="2960" lat="52.0446569827" lon="-1.3218187079" version="1" timestamp="2026-09-01T12:00:00Z" changeset="1" uid="1" user="generator"/>
  <node id="2961" lat="52.0460159840" lon="-1.3242633744" version="1" timestamp="2026-09-01T12:00:00Z" changeset="1" uid="1" user="generator"/>
  <node id="2962" lat="52.0474649855" lon="-1.3229605282" version="1" timestamp="2026-09-01T12:00:00Z" changeset="1" uid="1" user="generator"/>
  <node id="2963" lat="52.0472039852" lon="-1.3223603406" version="1" timestamp="2026-09-01T12:00:00Z" changeset="1" uid="1" user="generator"/>
  <node id="2964" lat="52.0461599842" lon="-1.3228287797" version="1" timestamp="2026-09-01T12:00:00Z" changeset="1" uid="1" user="generator"/>
  <node id="2965" lat="52.0454669835" lon="-1.3215844884" version="1" timestamp="2026-09-01T12:00:00Z" changeset="1" uid="1" user="generator"/>
  <node id="2966" lat="52.0455389835" lon="-1.3199449516" version="1" timestamp="2026-09-01T12:00:00Z" changeset="1" uid="1" user="generator"/>
  <node id="2967" lat="52.0447469827" lon="-1.3188616862" version="1" timestamp="2026-09-01T12:00:00Z" changeset="1" uid="1" user="generator"/>
  <node id="2968" lat="52.0446569827" lon="-1.3177491434" version="1" timestamp="2026-09-01T12:00:00Z" changeset="1" uid="1" user="generator"/>
  <node id="2969" lat="52.0455299835" lon="-1.3162413551" version="1" timestamp="2026-09-01T12:00:00Z" changeset="1" uid="1" user="generator"/>
  <node id="2970" lat="52.0462679843" lon="-1.3162120776" version="1" timestamp="2026-09-01T12:00:00Z" changeset="1" uid="1" user="generator"/>
  <node id="2971" lat="52.0476269856" lon="-1.3194179576" version="1" timestamp="2026-09-01T12:00:00Z" changeset="1" uid="1" user="generator"/>
  <node id="2972" lat="52.0473389853" lon="-1.3220236500" version="1" timestamp="2026-09-01T12:00:00Z" changeset="1" uid="1" user="generator"/>
  <node id="2973" lat="52.0472129852" lon="-1.3223457019" version="1" timestamp="2026-09-01T12:00:00Z" changeset="1" uid="1" user="generator"/>
  <node id="2974" lat="52.0474739855" lon="-1.3229458895" version="1" timestamp="2026-09-01T12:00:00Z" changeset="1" uid="1" user="generator"/>
  <node id="2975" lat="52.0484009864" lon="-1.3097271240" version="1" timestamp="2026-09-01T12:00:00Z" changeset="1" uid="1" user="generator"/>
  <node id="2976" lat="52.0440179820" lon="-1.3034471125" version="1" timestamp="2026-09-01T12:00:00Z" changeset="1" uid="1" user="generator"/>
  <node id="2977" lat="52.0431899812" lon="-1.3037106095" version="1" timestamp="2026-09-01T12:00:00Z" changeset="1" uid="1" user="generator"/>
  <node id="2978" lat="52.0408229788" lon="-1.3075313158" version="1" timestamp="2026-09-01T12:00:00Z" changeset="1" uid="1" user="generator"/>
  <node id="2979" lat="52.0411109791" lon="-1.3106932796" version="1" timestamp="2026-09-01T12:00:00Z" changeset="1" uid="1" user="generator"/>
  <node id="2980" lat="52.0429199809" lon="-1.3129330040" version="1" timestamp="2026-09-01T12:00:00Z" changeset="1" uid="1" user="generator"/>
  <node id="2981" lat="52.0433159813" lon="-1.3136356626" version="1" timestamp="2026-09-01T12:00:00Z" changeset="1" uid="1" user="generator"/>
  <node id="2982" lat="52.0441619822" lon="-1.3147482055" version="1" timestamp="2026-09-01T12:00:00Z" changeset="1" uid="1" user="generator"/>
  <node id="2983" lat="52.0473479853" lon="-1.3123181777" version="1" timestamp="2026-09-01T12:00:00Z" changeset="1" uid="1" user="generator"/>
  <node id="2984" lat="52.0484909865" lon="-1.2992750769" version="1" timestamp="2026-09-01T12:00:00Z" changeset="1" uid="1" user="generator"/>
  <node id="2985" lat="52.0481309861" lon="-1.2983674762" version="1" timestamp="2026-09-01T12:00:00Z" changeset="1" uid="1" user="generator"/>
  <node id="2986" lat="52.0480499860" lon="-1.2983528374" version="1" timestamp="2026-09-01T12:00:00Z" changeset="1" uid="1" user="generator"/>
  <node id="2987" lat="52.0468799849" lon="-1.2985870570" version="1" timestamp="2026-09-01T12:00:00Z" changeset="1" uid="1" user="generator"/>
  <node id="2988" lat="52.0458359838" lon="-1.2995532126" version="1" timestamp="2026-09-01T12:00:00Z" changeset="1" uid="1" user="generator"/>
  <node id="2989" lat="52.0445759826" lon="-1.2978258435" version="1" timestamp="2026-09-01T12:00:00Z" changeset="1" uid="1" user="generator"/>
  <node id="2990" lat="52.0443149823" lon="-1.3016758272" version="1" timestamp="2026-09-01T12:00:00Z" changeset="1" uid="1" user="generator"/>
  <node id="2991" lat="52.0445939826" lon="-1.3018954080" version="1" timestamp="2026-09-01T12:00:00Z" changeset="1" uid="1" user="generator"/>
  <node id="2992" lat="52.0456559837" lon="-1.3014855238" version="1" timestamp="2026-09-01T12:00:00Z" changeset="1" uid="1" user="generator"/>
  <node id="2993" lat="52.0462859843" lon="-1.3010170847" version="1" timestamp="2026-09-01T12:00:00Z" changeset="1" uid="1" user="generator"/>
  <node id="2994" lat="52.0465919846" lon="-1.3009292524" version="1" timestamp="2026-09-01T12:00:00Z" changeset="1" uid="1" user="generator"/>
  <node id="2995" lat="52.0483289863" lon="-1.2951176800" version="1" timestamp="2026-09-01T12:00:00Z" changeset="1" uid="1" user="generator"/>
  <node id="2996" lat="52.0471859852" lon="-1.2943125503" version="1" timestamp="2026-09-01T12:00:00Z" changeset="1" uid="1" user="generator"/>
  <node id="2997" lat="52.0469249849" lon="-1.2938587499" version="1" timestamp="2026-09-01T12:00:00Z" changeset="1" uid="1" user="generator"/>
  <node id="2998" lat="52.0470149850" lon="-1.2933317560" version="1" timestamp="2026-09-01T12:00:00Z" changeset="1" uid="1" user="generator"/>
  <node id="2999" lat="52.0480409860" lon="-1.2910188380" version="1" timestamp="2026-09-01T12:00:00Z" changeset="1" uid="1" user="generator"/>
  <node id="3000" lat="52.0479869860" lon="-1.2909017282" version="1" timestamp="2026-09-01T12:00:00Z" changeset="1" uid="1" user="generator"/>
  <node id="3001" lat="52.0471859852" lon="-1.2897745467" version="1" timestamp="2026-09-01T12:00:00Z" changeset="1" uid="1" user="generator"/>
  <node id="3002" lat="52.0466819847" lon="-1.2895403271" version="1" timestamp="2026-09-01T12:00:00Z" changeset="1" uid="1" user="generator"/>
  <node id="3003" lat="52.0456019836" lon="-1.2899794888" version="1" timestamp="2026-09-01T12:00:00Z" changeset="1" uid="1" user="generator"/>
  <node id="3004" lat="52.0451969832" lon="-1.2911066703" version="1" timestamp="2026-09-01T12:00:00Z" changeset="1" uid="1" user="generator"/>
  <node id="3005" lat="52.0469789850" lon="-1.2954397319" version="1" timestamp="2026-09-01T12:00:00Z" changeset="1" uid="1" user="generator"/>
  <node id="3006" lat="52.0470599851" lon="-1.2955129255" version="1" timestamp="2026-09-01T12:00:00Z" changeset="1" uid="1" user="generator"/>
  <node id="3007" lat="52.0479419859" lon="-1.2950737638" version="1" timestamp="2026-09-01T12:00:00Z" changeset="1" uid="1" user="generator"/>
  <node id="3008" lat="52.0504169884" lon="-1.2801569067" version="1" timestamp="2026-09-01T12:00:00Z" changeset="1" uid="1" user="generator"/>
  <node id="3009" lat="52.0417679798" lon="-1.2801129905" version="1" timestamp="2026-09-01T12:00:00Z" changeset="1" uid="1" user="generator"/>
  <node id="3010" lat="52.0417049797" lon="-1.2806546232" version="1" timestamp="2026-09-01T12:00:00Z" changeset="1" uid="1" user="generator"/>
  <node id="3011" lat="52.0429649810" lon="-1.2836701998" version="1" timestamp="2026-09-01T12:00:00Z" changeset="1" uid="1" user="generator"/>
  <node id="3012" lat="52.0432529813" lon="-1.2841093614" version="1" timestamp="2026-09-01T12:00:00Z" changeset="1" uid="1" user="generator"/>
  <node id="3013" lat="52.0441709822" lon="-1.2863344471" version="1" timestamp="2026-09-01T12:00:00Z" changeset="1" uid="1" user="generator"/>
  <node id="3014" lat="52.0449989830" lon="-1.2880032614" version="1" timestamp="2026-09-01T12:00:00Z" changeset="1" uid="1" user="generator"/>
  <node id="3015" lat="52.0456919837" lon="-1.2890426106" version="1" timestamp="2026-09-01T12:00:00Z" changeset="1" uid="1" user="generator"/>
  <node id="3016" lat="52.0462859843" lon="-1.2893939399" version="1" timestamp="2026-09-01T12:00:00Z" changeset="1" uid="1" user="generator"/>
  <node id="3017" lat="52.0473479853" lon="-1.2889547783" version="1" timestamp="2026-09-01T12:00:00Z" changeset="1" uid="1" user="generator"/>
  <node id="3018" lat="52.0497509878" lon="-1.2861587825" version="1" timestamp="2026-09-01T12:00:00Z" changeset="1" uid="1" user="generator"/>
  <node id="3019" lat="52.0439909820" lon="-1.3936948303" version="1" timestamp="2026-09-01T12:00:00Z" changeset="1" uid="1" user="generator"/>
  <node id="3020" lat="52.0439639820" lon="-1.3935338044" version="1" timestamp="2026-09-01T12:00:00Z" changeset="1" uid="1" user="generator"/>
  <node id="3021" lat="52.0404899785" lon="-1.3895813496" version="1" timestamp="2026-09-01T12:00:00Z" changeset="1" uid="1" user="generator"/>
  <node id="3022" lat="52.0390499770" lon="-1.3888494135" version="1" timestamp="2026-09-01T12:00:00Z" changeset="1" uid="1" user="generator"/>
  <node id="3023" lat="52.0387349767" lon="-1.3893032139" version="1" timestamp="2026-09-01T12:00:00Z" changeset="1" uid="1" user="generator"/>
  <node id="3024" lat="52.0372409752" lon="-1.3999016482" version="1" timestamp="2026-09-01T12:00:00Z" changeset="1" uid="1" user="generator"/>
  <node id="3025" lat="52.0435139815" lon="-1.3999162870" version="1" timestamp="2026-09-01T12:00:00Z" changeset="1" uid="1" user="generator"/>
  <node id="3026" lat="52.0433609814" lon="-1.3833013381" version="1" timestamp="2026-09-01T12:00:00Z" changeset="1" uid="1" user="generator"/>
  <node id="3027" lat="52.0433429813" lon="-1.3829500088" version="1" timestamp="2026-09-01T12:00:00Z" changeset="1" uid="1" user="generator"/>
  <node id="3028" lat="52.0430279810" lon="-1.3818228272" version="1" timestamp="2026-09-01T12:00:00Z" changeset="1" uid="1" user="generator"/>
  <node id="3029" lat="52.0392839773" lon="-1.3814129430" version="1" timestamp="2026-09-01T12:00:00Z" changeset="1" uid="1" user="generator"/>
  <node id="3030" lat="52.0391129771" lon="-1.3887176650" version="1" timestamp="2026-09-01T12:00:00Z" changeset="1" uid="1" user="generator"/>
  <node id="3031" lat="52.0405259785" lon="-1.3894642398" version="1" timestamp="2026-09-01T12:00:00Z" changeset="1" uid="1" user="generator"/>
  <node id="3032" lat="52.0427219807" lon="-1.3874440963" version="1" timestamp="2026-09-01T12:00:00Z" changeset="1" uid="1" user="generator"/>
  <node id="3033" lat="52.0427129807" lon="-1.3868731861" version="1" timestamp="2026-09-01T12:00:00Z" changeset="1" uid="1" user="generator"/>
  <node id="3034" lat="52.0432169812" lon="-1.3854971463" version="1" timestamp="2026-09-01T12:00:00Z" changeset="1" uid="1" user="generator"/>
  <node id="3035" lat="52.0440089820" lon="-1.3766260811" version="1" timestamp="2026-09-01T12:00:00Z" changeset="1" uid="1" user="generator"/>
  <node id="3036" lat="52.0397339777" lon="-1.3735373109" version="1" timestamp="2026-09-01T12:00:00Z" changeset="1" uid="1" user="generator"/>
  <node id="3037" lat="52.0392029772" lon="-1.3770359653" version="1" timestamp="2026-09-01T12:00:00Z" changeset="1" uid="1" user="generator"/>
  <node id="3038" lat="52.0390229770" lon="-1.3788511668" version="1" timestamp="2026-09-01T12:00:00Z" changeset="1" uid="1" user="generator"/>
  <node id="3039" lat="52.0390409770" lon="-1.3798758773" version="1" timestamp="2026-09-01T12:00:00Z" changeset="1" uid="1" user="generator"/>
  <node id="3040" lat="52.0393289773" lon="-1.3812811945" version="1" timestamp="2026-09-01T12:00:00Z" changeset="1" uid="1" user="generator"/>
  <node id="3041" lat="52.0430279810" lon="-1.3817057175" version="1" timestamp="2026-09-01T12:00:00Z" changeset="1" uid="1" user="generator"/>
  <node id="3042" lat="52.0426409806" lon="-1.3797880449" version="1" timestamp="2026-09-01T12:00:00Z" changeset="1" uid="1" user="generator"/>
  <node id="3043" lat="52.0438829819" lon="-1.3777093465" version="1" timestamp="2026-09-01T12:00:00Z" changeset="1" uid="1" user="generator"/>
  <node id="3044" lat="52.0442789823" lon="-1.3606113198" version="1" timestamp="2026-09-01T12:00:00Z" changeset="1" uid="1" user="generator"/>
  <node id="3045" lat="52.0438289818" lon="-1.3588839507" version="1" timestamp="2026-09-01T12:00:00Z" changeset="1" uid="1" user="generator"/>
  <node id="3046" lat="52.0434419814" lon="-1.3578153240" version="1" timestamp="2026-09-01T12:00:00Z" changeset="1" uid="1" user="generator"/>
  <node id="3047" lat="52.0427849808" lon="-1.3599379386" version="1" timestamp="2026-09-01T12:00:00Z" changeset="1" uid="1" user="generator"/>
  <node id="3048" lat="52.0419119799" lon="-1.3614750044" version="1" timestamp="2026-09-01T12:00:00Z" changeset="1" uid="1" user="generator"/>
  <node id="3049" lat="52.0390049770" lon="-1.3602307131" version="1" timestamp="2026-09-01T12:00:00Z" changeset="1" uid="1" user="generator"/>
  <node id="3050" lat="52.0408319788" lon="-1.3661886727" version="1" timestamp="2026-09-01T12:00:00Z" changeset="1" uid="1" user="generator"/>
  <node id="3051" lat="52.0421549802" lon="-1.3523258035" version="1" timestamp="2026-09-01T12:00:00Z" changeset="1" uid="1" user="generator"/>
  <node id="3052" lat="52.0377719758" lon="-1.3453138559" version="1" timestamp="2026-09-01T12:00:00Z" changeset="1" uid="1" user="generator"/>
  <node id="3053" lat="52.0376099756" lon="-1.3452553010" version="1" timestamp="2026-09-01T12:00:00Z" changeset="1" uid="1" user="generator"/>
  <node id="3054" lat="52.0352609733" lon="-1.3571565816" version="1" timestamp="2026-09-01T12:00:00Z" changeset="1" uid="1" user="generator"/>
  <node id="3055" lat="52.0369979750" lon="-1.3578153240" version="1" timestamp="2026-09-01T12:00:00Z" changeset="1" uid="1" user="generator"/>
  <node id="3056" lat="52.0405079785" lon="-1.3531894880" version="1" timestamp="2026-09-01T12:00:00Z" changeset="1" uid="1" user="generator"/>
  <node id="3057" lat="52.0446389826" lon="-1.3398828902" version="1" timestamp="2026-09-01T12:00:00Z" changeset="1" uid="1" user="generator"/>
  <node id="3058" lat="52.0422719803" lon="-1.3318755096" version="1" timestamp="2026-09-01T12:00:00Z" changeset="1" uid="1" user="generator"/>
  <node id="3059" lat="52.0396439776" lon="-1.3310557412" version="1" timestamp="2026-09-01T12:00:00Z" changeset="1" uid="1" user="generator"/>
  <node id="3060" lat="52.0364309744" lon="-1.3355498287" version="1" timestamp="2026-09-01T12:00:00Z" changeset="1" uid="1" user="generator"/>
  <node id="3061" lat="52.0369529750" lon="-1.3442745067" version="1" timestamp="2026-09-01T12:00:00Z" changeset="1" uid="1" user="generator"/>
  <node id="3062" lat="52.0376279756" lon="-1.3451674687" version="1" timestamp="2026-09-01T12:00:00Z" changeset="1" uid="1" user="generator"/>
  <node id="3063" lat="52.0378439758" lon="-1.3451381912" version="1" timestamp="2026-09-01T12:00:00Z" changeset="1" uid="1" user="generator"/>
  <node id="3064" lat="52.0438829819" lon="-1.3171343171" version="1" timestamp="2026-09-01T12:00:00Z" changeset="1" uid="1" user="generator"/>
  <node id="3065" lat="52.0437929818" lon="-1.3156997224" version="1" timestamp="2026-09-01T12:00:00Z" changeset="1" uid="1" user="generator"/>
  <node id="3066" lat="52.0434509815" lon="-1.3143822374" version="1" timestamp="2026-09-01T12:00:00Z" changeset="1" uid="1" user="generator"/>
  <node id="3067" lat="52.0429379809" lon="-1.3133721657" version="1" timestamp="2026-09-01T12:00:00Z" changeset="1" uid="1" user="generator"/>
  <node id="3068" lat="52.0422539803" lon="-1.3124645649" version="1" timestamp="2026-09-01T12:00:00Z" changeset="1" uid="1" user="generator"/>
  <node id="3069" lat="52.0414799795" lon="-1.3120254033" version="1" timestamp="2026-09-01T12:00:00Z" changeset="1" uid="1" user="generator"/>
  <node id="3070" lat="52.0407239787" lon="-1.3122303454" version="1" timestamp="2026-09-01T12:00:00Z" changeset="1" uid="1" user="generator"/>
  <node id="3071" lat="52.0400399780" lon="-1.3129915589" version="1" timestamp="2026-09-01T12:00:00Z" changeset="1" uid="1" user="generator"/>
  <node id="3072" lat="52.0383929764" lon="-1.3160803291" version="1" timestamp="2026-09-01T12:00:00Z" changeset="1" uid="1" user="generator"/>
  <node id="3073" lat="52.0398419778" lon="-1.3170025686" version="1" timestamp="2026-09-01T12:00:00Z" changeset="1" uid="1" user="generator"/>
  <node id="3074" lat="52.0410569791" lon="-1.3148799540" version="1" timestamp="2026-09-01T12:00:00Z" changeset="1" uid="1" user="generator"/>
  <node id="3075" lat="52.0413899794" lon="-1.3144847085" version="1" timestamp="2026-09-01T12:00:00Z" changeset="1" uid="1" user="generator"/>
  <node id="3076" lat="52.0426859807" lon="-1.3152459220" version="1" timestamp="2026-09-01T12:00:00Z" changeset="1" uid="1" user="generator"/>
  <node id="3077" lat="52.0430549811" lon="-1.3162852712" version="1" timestamp="2026-09-01T12:00:00Z" changeset="1" uid="1" user="generator"/>
  <node id="3078" lat="52.0415339795" lon="-1.3195789836" version="1" timestamp="2026-09-01T12:00:00Z" changeset="1" uid="1" user="generator"/>
  <node id="3079" lat="52.0396619777" lon="-1.3205744166" version="1" timestamp="2026-09-01T12:00:00Z" changeset="1" uid="1" user="generator"/>
  <node id="3080" lat="52.0389059769" lon="-1.3206329715" version="1" timestamp="2026-09-01T12:00:00Z" changeset="1" uid="1" user="generator"/>
  <node id="3081" lat="52.0389959770" lon="-1.3212477978" version="1" timestamp="2026-09-01T12:00:00Z" changeset="1" uid="1" user="generator"/>
  <node id="3082" lat="52.0436579817" lon="-1.3203987520" version="1" timestamp="2026-09-01T12:00:00Z" changeset="1" uid="1" user="generator"/>
  <node id="3083" lat="52.0431449811" lon="-1.3036666933" version="1" timestamp="2026-09-01T12:00:00Z" changeset="1" uid="1" user="generator"/>
  <node id="3084" lat="52.0416959797" lon="-1.3005486457" version="1" timestamp="2026-09-01T12:00:00Z" changeset="1" uid="1" user="generator"/>
  <node id="3085" lat="52.0403099783" lon="-1.2994068254" version="1" timestamp="2026-09-01T12:00:00Z" changeset="1" uid="1" user="generator"/>
  <node id="3086" lat="52.0394999775" lon="-1.2984699472" version="1" timestamp="2026-09-01T12:00:00Z" changeset="1" uid="1" user="generator"/>
  <node id="3087" lat="52.0387439767" lon="-1.2972988495" version="1" timestamp="2026-09-01T12:00:00Z" changeset="1" uid="1" user="generator"/>
  <node id="3088" lat="52.0352429732" lon="-1.3028762024" version="1" timestamp="2026-09-01T12:00:00Z" changeset="1" uid="1" user="generator"/>
  <node id="3089" lat="52.0359539740" lon="-1.3052623140" version="1" timestamp="2026-09-01T12:00:00Z" changeset="1" uid="1" user="generator"/>
  <node id="3090" lat="52.0407779788" lon="-1.3074873996" version="1" timestamp="2026-09-01T12:00:00Z" changeset="1" uid="1" user="generator"/>
  <node id="3091" lat="52.0449269829" lon="-1.2916336643" version="1" timestamp="2026-09-01T12:00:00Z" changeset="1" uid="1" user="generator"/>
  <node id="3092" lat="52.0448819829" lon="-1.2914140835" version="1" timestamp="2026-09-01T12:00:00Z" changeset="1" uid="1" user="generator"/>
  <node id="3093" lat="52.0400129780" lon="-1.2937123627" version="1" timestamp="2026-09-01T12:00:00Z" changeset="1" uid="1" user="generator"/>
  <node id="3094" lat="52.0412099792" lon="-1.2941954405" version="1" timestamp="2026-09-01T12:00:00Z" changeset="1" uid="1" user="generator"/>
  <node id="3095" lat="52.0413809794" lon="-1.2945321311" version="1" timestamp="2026-09-01T12:00:00Z" changeset="1" uid="1" user="generator"/>
  <node id="3096" lat="52.0416689797" lon="-1.2961716679" version="1" timestamp="2026-09-01T12:00:00Z" changeset="1" uid="1" user="generator"/>
  <node id="3097" lat="52.0416149796" lon="-1.2964058875" version="1" timestamp="2026-09-01T12:00:00Z" changeset="1" uid="1" user="generator"/>
  <node id="3098" lat="52.0412099792" lon="-1.2973281269" version="1" timestamp="2026-09-01T12:00:00Z" changeset="1" uid="1" user="generator"/>
  <node id="3099" lat="52.0403909784" lon="-1.2975184303" version="1" timestamp="2026-09-01T12:00:00Z" changeset="1" uid="1" user="generator"/>
  <node id="3100" lat="52.0409309789" lon="-1.2987188055" version="1" timestamp="2026-09-01T12:00:00Z" changeset="1" uid="1" user="generator"/>
  <node id="3101" lat="52.0417319797" lon="-1.2994361028" version="1" timestamp="2026-09-01T12:00:00Z" changeset="1" uid="1" user="generator"/>
  <node id="3102" lat="52.0426859807" lon="-1.3000509291" version="1" timestamp="2026-09-01T12:00:00Z" changeset="1" uid="1" user="generator"/>
  <node id="3103" lat="52.0432619813" lon="-1.3007535878" version="1" timestamp="2026-09-01T12:00:00Z" changeset="1" uid="1" user="generator"/>
  <node id="3104" lat="52.0442339822" lon="-1.3016026336" version="1" timestamp="2026-09-01T12:00:00Z" changeset="1" uid="1" user="generator"/>
  <node id="3105" lat="52.0445129825" lon="-1.2977233724" version="1" timestamp="2026-09-01T12:00:00Z" changeset="1" uid="1" user="generator"/>
  <node id="3106" lat="52.0442429822" lon="-1.2971963784" version="1" timestamp="2026-09-01T12:00:00Z" changeset="1" uid="1" user="generator"/>
  <node id="3107" lat="52.0446029826" lon="-1.2963766100" version="1" timestamp="2026-09-01T12:00:00Z" changeset="1" uid="1" user="generator"/>
  <node id="3108" lat="52.0455209835" lon="-1.2899941275" version="1" timestamp="2026-09-01T12:00:00Z" changeset="1" uid="1" user="generator"/>
  <node id="3109" lat="52.0431269811" lon="-1.2843435810" version="1" timestamp="2026-09-01T12:00:00Z" changeset="1" uid="1" user="generator"/>
  <node id="3110" lat="52.0421099801" lon="-1.2828357927" version="1" timestamp="2026-09-01T12:00:00Z" changeset="1" uid="1" user="generator"/>
  <node id="3111" lat="52.0412999793" lon="-1.2823380762" version="1" timestamp="2026-09-01T12:00:00Z" changeset="1" uid="1" user="generator"/>
  <node id="3112" lat="52.0405079785" lon="-1.2826601280" version="1" timestamp="2026-09-01T12:00:00Z" changeset="1" uid="1" user="generator"/>
  <node id="3113" lat="52.0384649765" lon="-1.2855732336" version="1" timestamp="2026-09-01T12:00:00Z" changeset="1" uid="1" user="generator"/>
  <node id="3114" lat="52.0386089766" lon="-1.2907846184" version="1" timestamp="2026-09-01T12:00:00Z" changeset="1" uid="1" user="generator"/>
  <node id="3115" lat="52.0396529777" lon="-1.2918386064" version="1" timestamp="2026-09-01T12:00:00Z" changeset="1" uid="1" user="generator"/>
  <node id="3116" lat="52.0400039780" lon="-1.2936098917" version="1" timestamp="2026-09-01T12:00:00Z" changeset="1" uid="1" user="generator"/>
  <node id="3117" lat="52.0449359829" lon="-1.2912969737" version="1" timestamp="2026-09-01T12:00:00Z" changeset="1" uid="1" user="generator"/>
  <node id="3118" lat="52.0451609832" lon="-1.2909895605" version="1" timestamp="2026-09-01T12:00:00Z" changeset="1" uid="1" user="generator"/>
  <node id="3119" lat="52.0416869797" lon="-1.2801276292" version="1" timestamp="2026-09-01T12:00:00Z" changeset="1" uid="1" user="generator"/>
  <node id="3120" lat="52.0342709723" lon="-1.2801276292" version="1" timestamp="2026-09-01T12:00:00Z" changeset="1" uid="1" user="generator"/>
  <node id="3121" lat="52.0349369729" lon="-1.2838165870" version="1" timestamp="2026-09-01T12:00:00Z" changeset="1" uid="1" user="generator"/>
  <node id="3122" lat="52.0371239751" lon="-1.2848266588" version="1" timestamp="2026-09-01T12:00:00Z" changeset="1" uid="1" user="generator"/>
  <node id="3123" lat="52.0379699760" lon="-1.2847973814" version="1" timestamp="2026-09-01T12:00:00Z" changeset="1" uid="1" user="generator"/>
  <node id="3124" lat="52.0387619768" lon="-1.2844167746" version="1" timestamp="2026-09-01T12:00:00Z" changeset="1" uid="1" user="generator"/>
  <node id="3125" lat="52.0395899776" lon="-1.2835970062" version="1" timestamp="2026-09-01T12:00:00Z" changeset="1" uid="1" user="generator"/>
  <node id="3126" lat="52.0416329796" lon="-1.2806546232" version="1" timestamp="2026-09-01T12:00:00Z" changeset="1" uid="1" user="generator"/>
  <node id="3127" lat="52.0392029772" lon="-1.3816618013" version="1" timestamp="2026-09-01T12:00:00Z" changeset="1" uid="1" user="generator"/>
  <node id="3128" lat="52.0387259767" lon="-1.3791293025" version="1" timestamp="2026-09-01T12:00:00Z" changeset="1" uid="1" user="generator"/>
  <node id="3129" lat="52.0306979687" lon="-1.3800954581" version="1" timestamp="2026-09-01T12:00:00Z" changeset="1" uid="1" user="generator"/>
  <node id="3130" lat="52.0302569683" lon="-1.3865511343" version="1" timestamp="2026-09-01T12:00:00Z" changeset="1" uid="1" user="generator"/>
  <node id="3131" lat="52.0311659692" lon="-1.3888786910" version="1" timestamp="2026-09-01T12:00:00Z" changeset="1" uid="1" user="generator"/>
  <node id="3132" lat="52.0387259767" lon="-1.3891714654" version="1" timestamp="2026-09-01T12:00:00Z" changeset="1" uid="1" user="generator"/>
  <node id="3133" lat="52.0390589771" lon="-1.3886005553" version="1" timestamp="2026-09-01T12:00:00Z" changeset="1" uid="1" user="generator"/>
  <node id="3134" lat="52.0396349776" lon="-1.3716781932" version="1" timestamp="2026-09-01T12:00:00Z" changeset="1" uid="1" user="generator"/>
  <node id="3135" lat="52.0396079776" lon="-1.3714586124" version="1" timestamp="2026-09-01T12:00:00Z" changeset="1" uid="1" user="generator"/>
  <node id="3136" lat="52.0393919774" lon="-1.3713122252" version="1" timestamp="2026-09-01T12:00:00Z" changeset="1" uid="1" user="generator"/>
  <node id="3137" lat="52.0332719713" lon="-1.3674476027" version="1" timestamp="2026-09-01T12:00:00Z" changeset="1" uid="1" user="generator"/>
  <node id="3138" lat="52.0331279711" lon="-1.3675061576" version="1" timestamp="2026-09-01T12:00:00Z" changeset="1" uid="1" user="generator"/>
  <node id="3139" lat="52.0326149706" lon="-1.3681649001" version="1" timestamp="2026-09-01T12:00:00Z" changeset="1" uid="1" user="generator"/>
  <node id="3140" lat="52.0323269703" lon="-1.3691017783" version="1" timestamp="2026-09-01T12:00:00Z" changeset="1" uid="1" user="generator"/>
  <node id="3141" lat="52.0317149697" lon="-1.3724979617" version="1" timestamp="2026-09-01T12:00:00Z" changeset="1" uid="1" user="generator"/>
  <node id="3142" lat="52.0337219717" lon="-1.3721027162" version="1" timestamp="2026-09-01T12:00:00Z" changeset="1" uid="1" user="generator"/>
  <node id="3143" lat="52.0339289719" lon="-1.3724979617" version="1" timestamp="2026-09-01T12:00:00Z" changeset="1" uid="1" user="generator"/>
  <node id="3144" lat="52.0346849727" lon="-1.3769481330" version="1" timestamp="2026-09-01T12:00:00Z" changeset="1" uid="1" user="generator"/>
  <node id="3145" lat="52.0342799723" lon="-1.3775483206" version="1" timestamp="2026-09-01T12:00:00Z" changeset="1" uid="1" user="generator"/>
  <node id="3146" lat="52.0319399699" lon="-1.3783680890" version="1" timestamp="2026-09-01T12:00:00Z" changeset="1" uid="1" user="generator"/>
  <node id="3147" lat="52.0309319689" lon="-1.3784851987" version="1" timestamp="2026-09-01T12:00:00Z" changeset="1" uid="1" user="generator"/>
  <node id="3148" lat="52.0307069687" lon="-1.3799637096" version="1" timestamp="2026-09-01T12:00:00Z" changeset="1" uid="1" user="generator"/>
  <node id="3149" lat="52.0387079767" lon="-1.3790414701" version="1" timestamp="2026-09-01T12:00:00Z" changeset="1" uid="1" user="generator"/>
  <node id="3150" lat="52.0394369774" lon="-1.3743131631" version="1" timestamp="2026-09-01T12:00:00Z" changeset="1" uid="1" user="generator"/>
  <node id="3151" lat="52.0405169785" lon="-1.3678428482" version="1" timestamp="2026-09-01T12:00:00Z" changeset="1" uid="1" user="generator"/>
  <node id="3152" lat="52.0404809785" lon="-1.3665839182" version="1" timestamp="2026-09-01T12:00:00Z" changeset="1" uid="1" user="generator"/>
  <node id="3153" lat="52.0402289782" lon="-1.3651200460" version="1" timestamp="2026-09-01T12:00:00Z" changeset="1" uid="1" user="generator"/>
  <node id="3154" lat="52.0398149778" lon="-1.3635097867" version="1" timestamp="2026-09-01T12:00:00Z" changeset="1" uid="1" user="generator"/>
  <node id="3155" lat="52.0387259767" lon="-1.3600989646" version="1" timestamp="2026-09-01T12:00:00Z" changeset="1" uid="1" user="generator"/>
  <node id="3156" lat="52.0367639748" lon="-1.3592499187" version="1" timestamp="2026-09-01T12:00:00Z" changeset="1" uid="1" user="generator"/>
  <node id="3157" lat="52.0365569746" lon="-1.3589425056" version="1" timestamp="2026-09-01T12:00:00Z" changeset="1" uid="1" user="generator"/>
  <node id="3158" lat="52.0366289746" lon="-1.3583569567" version="1" timestamp="2026-09-01T12:00:00Z" changeset="1" uid="1" user="generator"/>
  <node id="3159" lat="52.0367909748" lon="-1.3580934597" version="1" timestamp="2026-09-01T12:00:00Z" changeset="1" uid="1" user="generator"/>
  <node id="3160" lat="52.0363319743" lon="-1.3578738789" version="1" timestamp="2026-09-01T12:00:00Z" changeset="1" uid="1" user="generator"/>
  <node id="3161" lat="52.0357739738" lon="-1.3577274917" version="1" timestamp="2026-09-01T12:00:00Z" changeset="1" uid="1" user="generator"/>
  <node id="3162" lat="52.0350179730" lon="-1.3577567691" version="1" timestamp="2026-09-01T12:00:00Z" changeset="1" uid="1" user="generator"/>
  <node id="3163" lat="52.0346759727" lon="-1.3578738789" version="1" timestamp="2026-09-01T12:00:00Z" changeset="1" uid="1" user="generator"/>
  <node id="3164" lat="52.0337849718" lon="-1.3586204537" version="1" timestamp="2026-09-01T12:00:00Z" changeset="1" uid="1" user="generator"/>
  <node id="3165" lat="52.0332899713" lon="-1.3673597704" version="1" timestamp="2026-09-01T12:00:00Z" changeset="1" uid="1" user="generator"/>
  <node id="3166" lat="52.0396259776" lon="-1.3713707801" version="1" timestamp="2026-09-01T12:00:00Z" changeset="1" uid="1" user="generator"/>
  <node id="3167" lat="52.0402109782" lon="-1.3702143211" version="1" timestamp="2026-09-01T12:00:00Z" changeset="1" uid="1" user="generator"/>
  <node id="3168" lat="52.0396169776" lon="-1.3309825476" version="1" timestamp="2026-09-01T12:00:00Z" changeset="1" uid="1" user="generator"/>
  <node id="3169" lat="52.0380239760" lon="-1.3237071030" version="1" timestamp="2026-09-01T12:00:00Z" changeset="1" uid="1" user="generator"/>
  <node id="3170" lat="52.0345499725" lon="-1.3239706000" version="1" timestamp="2026-09-01T12:00:00Z" changeset="1" uid="1" user="generator"/>
  <node id="3171" lat="52.0339829720" lon="-1.3248050071" version="1" timestamp="2026-09-01T12:00:00Z" changeset="1" uid="1" user="generator"/>
  <node id="3172" lat="52.0332989713" lon="-1.3269129830" version="1" timestamp="2026-09-01T12:00:00Z" changeset="1" uid="1" user="generator"/>
  <node id="3173" lat="52.0338749719" lon="-1.3334418528" version="1" timestamp="2026-09-01T12:00:00Z" changeset="1" uid="1" user="generator"/>
  <node id="3174" lat="52.0363679744" lon="-1.3354766351" version="1" timestamp="2026-09-01T12:00:00Z" changeset="1" uid="1" user="generator"/>
  <node id="3175" lat="52.0389329769" lon="-1.3213209914" version="1" timestamp="2026-09-01T12:00:00Z" changeset="1" uid="1" user="generator"/>
  <node id="3176" lat="52.0388159768" lon="-1.3206329715" version="1" timestamp="2026-09-01T12:00:00Z" changeset="1" uid="1" user="generator"/>
  <node id="3177" lat="52.0386179766" lon="-1.3204865843" version="1" timestamp="2026-09-01T12:00:00Z" changeset="1" uid="1" user="generator"/>
  <node id="3178" lat="52.0370249750" lon="-1.3182468599" version="1" timestamp="2026-09-01T12:00:00Z" changeset="1" uid="1" user="generator"/>
  <node id="3179" lat="52.0373129753" lon="-1.3169293750" version="1" timestamp="2026-09-01T12:00:00Z" changeset="1" uid="1" user="generator"/>
  <node id="3180" lat="52.0379429759" lon="-1.3163145487" version="1" timestamp="2026-09-01T12:00:00Z" changeset="1" uid="1" user="generator"/>
  <node id="3181" lat="52.0360979741" lon="-1.3151288122" version="1" timestamp="2026-09-01T12:00:00Z" changeset="1" uid="1" user="generator"/>
  <node id="3182" lat="52.0353779734" lon="-1.3150702573" version="1" timestamp="2026-09-01T12:00:00Z" changeset="1" uid="1" user="generator"/>
  <node id="3183" lat="52.0351529732" lon="-1.3166073231" version="1" timestamp="2026-09-01T12:00:00Z" changeset="1" uid="1" user="generator"/>
  <node id="3184" lat="52.0349549730" lon="-1.3169586524" version="1" timestamp="2026-09-01T12:00:00Z" changeset="1" uid="1" user="generator"/>
  <node id="3185" lat="52.0341359721" lon="-1.3179101693" version="1" timestamp="2026-09-01T12:00:00Z" changeset="1" uid="1" user="generator"/>
  <node id="3186" lat="52.0335959716" lon="-1.3178516144" version="1" timestamp="2026-09-01T12:00:00Z" changeset="1" uid="1" user="generator"/>
  <node id="3187" lat="52.0332449712" lon="-1.3188324088" version="1" timestamp="2026-09-01T12:00:00Z" changeset="1" uid="1" user="generator"/>
  <node id="3188" lat="52.0335869716" lon="-1.3202084486" version="1" timestamp="2026-09-01T12:00:00Z" changeset="1" uid="1" user="generator"/>
  <node id="3189" lat="52.0339829720" lon="-1.3208818298" version="1" timestamp="2026-09-01T12:00:00Z" changeset="1" uid="1" user="generator"/>
  <node id="3190" lat="52.0339109719" lon="-1.3214673786" version="1" timestamp="2026-09-01T12:00:00Z" changeset="1" uid="1" user="generator"/>
  <node id="3191" lat="52.0345319725" lon="-1.3238534902" version="1" timestamp="2026-09-01T12:00:00Z" changeset="1" uid="1" user="generator"/>
  <node id="3192" lat="52.0380059760" lon="-1.3236192707" version="1" timestamp="2026-09-01T12:00:00Z" changeset="1" uid="1" user="generator"/>
  <node id="3193" lat="52.0410389790" lon="-1.3107225571" version="1" timestamp="2026-09-01T12:00:00Z" changeset="1" uid="1" user="generator"/>
  <node id="3194" lat="52.0407419787" lon="-1.3075752320" version="1" timestamp="2026-09-01T12:00:00Z" changeset="1" uid="1" user="generator"/>
  <node id="3195" lat="52.0359899740" lon="-1.3053794237" version="1" timestamp="2026-09-01T12:00:00Z" changeset="1" uid="1" user="generator"/>
  <node id="3196" lat="52.0358909739" lon="-1.3055111722" version="1" timestamp="2026-09-01T12:00:00Z" changeset="1" uid="1" user="generator"/>
  <node id="3197" lat="52.0350449730" lon="-1.3086145812" version="1" timestamp="2026-09-01T12:00:00Z" changeset="1" uid="1" user="generator"/>
  <node id="3198" lat="52.0351889732" lon="-1.3099027887" version="1" timestamp="2026-09-01T12:00:00Z" changeset="1" uid="1" user="generator"/>
  <node id="3199" lat="52.0357019737" lon="-1.3104444214" version="1" timestamp="2026-09-01T12:00:00Z" changeset="1" uid="1" user="generator"/>
  <node id="3200" lat="52.0359809740" lon="-1.3109274992" version="1" timestamp="2026-09-01T12:00:00Z" changeset="1" uid="1" user="generator"/>
  <node id="3201" lat="52.0355849736" lon="-1.3135624690" version="1" timestamp="2026-09-01T12:00:00Z" changeset="1" uid="1" user="generator"/>
  <node id="3202" lat="52.0356569737" lon="-1.3143822374" version="1" timestamp="2026-09-01T12:00:00Z" changeset="1" uid="1" user="generator"/>
  <node id="3203" lat="52.0372499752" lon="-1.3155386964" version="1" timestamp="2026-09-01T12:00:00Z" changeset="1" uid="1" user="generator"/>
  <node id="3204" lat="52.0378619759" lon="-1.3155386964" version="1" timestamp="2026-09-01T12:00:00Z" changeset="1" uid="1" user="generator"/>
  <node id="3205" lat="52.0385639766" lon="-1.3150409799" version="1" timestamp="2026-09-01T12:00:00Z" changeset="1" uid="1" user="generator"/>
  <node id="3206" lat="52.0392209772" lon="-1.3141480179" version="1" timestamp="2026-09-01T12:00:00Z" changeset="1" uid="1" user="generator"/>
  <node id="3207" lat="52.0386089766" lon="-1.2970792687" version="1" timestamp="2026-09-01T12:00:00Z" changeset="1" uid="1" user="generator"/>
  <node id="3208" lat="52.0373939754" lon="-1.2953665383" version="1" timestamp="2026-09-01T12:00:00Z" changeset="1" uid="1" user="generator"/>
  <node id="3209" lat="52.0366019746" lon="-1.2947517120" version="1" timestamp="2026-09-01T12:00:00Z" changeset="1" uid="1" user="generator"/>
  <node id="3210" lat="52.0356659737" lon="-1.2944003826" version="1" timestamp="2026-09-01T12:00:00Z" changeset="1" uid="1" user="generator"/>
  <node id="3211" lat="52.0349459729" lon="-1.2939319436" version="1" timestamp="2026-09-01T12:00:00Z" changeset="1" uid="1" user="generator"/>
  <node id="3212" lat="52.0341719722" lon="-1.2929365105" version="1" timestamp="2026-09-01T12:00:00Z" changeset="1" uid="1" user="generator"/>
  <node id="3213" lat="52.0339109719" lon="-1.2937123627" version="1" timestamp="2026-09-01T12:00:00Z" changeset="1" uid="1" user="generator"/>
  <node id="3214" lat="52.0336949717" lon="-1.2939465823" version="1" timestamp="2026-09-01T12:00:00Z" changeset="1" uid="1" user="generator"/>
  <node id="3215" lat="52.0336769717" lon="-1.3012073881" version="1" timestamp="2026-09-01T12:00:00Z" changeset="1" uid="1" user="generator"/>
  <node id="3216" lat="52.0345859726" lon="-1.3021003501" version="1" timestamp="2026-09-01T12:00:00Z" changeset="1" uid="1" user="generator"/>
  <node id="3217" lat="52.0352879733" lon="-1.3018368531" version="1" timestamp="2026-09-01T12:00:00Z" changeset="1" uid="1" user="generator"/>
  <node id="3218" lat="52.0358639739" lon="-1.3013098592" version="1" timestamp="2026-09-01T12:00:00Z" changeset="1" uid="1" user="generator"/>
  <node id="3219" lat="52.0366919747" lon="-1.3001973163" version="1" timestamp="2026-09-01T12:00:00Z" changeset="1" uid="1" user="generator"/>
  <node id="3220" lat="52.0385369765" lon="-1.2906967861" version="1" timestamp="2026-09-01T12:00:00Z" changeset="1" uid="1" user="generator"/>
  <node id="3221" lat="52.0383839764" lon="-1.2856171498" version="1" timestamp="2026-09-01T12:00:00Z" changeset="1" uid="1" user="generator"/>
  <node id="3222" lat="52.0374479754" lon="-1.2851779881" version="1" timestamp="2026-09-01T12:00:00Z" changeset="1" uid="1" user="generator"/>
  <node id="3223" lat="52.0370159750" lon="-1.2851487107" version="1" timestamp="2026-09-01T12:00:00Z" changeset="1" uid="1" user="generator"/>
  <node id="3224" lat="52.0348919729" lon="-1.2841240002" version="1" timestamp="2026-09-01T12:00:00Z" changeset="1" uid="1" user="generator"/>
  <node id="3225" lat="52.0335689716" lon="-1.2864222794" version="1" timestamp="2026-09-01T12:00:00Z" changeset="1" uid="1" user="generator"/>
  <node id="3226" lat="52.0339649720" lon="-1.2878568741" version="1" timestamp="2026-09-01T12:00:00Z" changeset="1" uid="1" user="generator"/>
  <node id="3227" lat="52.0340729721" lon="-1.2895549658" version="1" timestamp="2026-09-01T12:00:00Z" changeset="1" uid="1" user="generator"/>
  <node id="3228" lat="52.0343249723" lon="-1.2911066703" version="1" timestamp="2026-09-01T12:00:00Z" changeset="1" uid="1" user="generator"/>
  <node id="3229" lat="52.0347479727" lon="-1.2923802391" version="1" timestamp="2026-09-01T12:00:00Z" changeset="1" uid="1" user="generator"/>
  <node id="3230" lat="52.0360259740" lon="-1.2922045744" version="1" timestamp="2026-09-01T12:00:00Z" changeset="1" uid="1" user="generator"/>
  <node id="3231" lat="52.0371239751" lon="-1.2908578120" version="1" timestamp="2026-09-01T12:00:00Z" changeset="1" uid="1" user="generator"/>
  <node id="3232" lat="52.0382399762" lon="-1.2905064827" version="1" timestamp="2026-09-01T12:00:00Z" changeset="1" uid="1" user="generator"/>
  <node id="3233" lat="52.0311749692" lon="-1.3957442513" version="1" timestamp="2026-09-01T12:00:00Z" changeset="1" uid="1" user="generator"/>
  <node id="3234" lat="52.0308419688" lon="-1.3932117525" version="1" timestamp="2026-09-01T12:00:00Z" changeset="1" uid="1" user="generator"/>
  <node id="3235" lat="52.0298159678" lon="-1.3936216367" version="1" timestamp="2026-09-01T12:00:00Z" changeset="1" uid="1" user="generator"/>
  <node id="3236" lat="52.0293659674" lon="-1.3939729660" version="1" timestamp="2026-09-01T12:00:00Z" changeset="1" uid="1" user="generator"/>
  <node id="3237" lat="52.0277729658" lon="-1.3947195408" version="1" timestamp="2026-09-01T12:00:00Z" changeset="1" uid="1" user="generator"/>
  <node id="3238" lat="52.0281239661" lon="-1.3957881675" version="1" timestamp="2026-09-01T12:00:00Z" changeset="1" uid="1" user="generator"/>
  <node id="3239" lat="52.0297439677" lon="-1.3968714329" version="1" timestamp="2026-09-01T12:00:00Z" changeset="1" uid="1" user="generator"/>
  <node id="3240" lat="52.0386629767" lon="-1.3893910462" version="1" timestamp="2026-09-01T12:00:00Z" changeset="1" uid="1" user="generator"/>
  <node id="3241" lat="52.0386539767" lon="-1.3892885752" version="1" timestamp="2026-09-01T12:00:00Z" changeset="1" uid="1" user="generator"/>
  <node id="3242" lat="52.0311749692" lon="-1.3890104395" version="1" timestamp="2026-09-01T12:00:00Z" changeset="1" uid="1" user="generator"/>
  <node id="3243" lat="52.0311569692" lon="-1.3905328665" version="1" timestamp="2026-09-01T12:00:00Z" changeset="1" uid="1" user="generator"/>
  <node id="3244" lat="52.0309229689" lon="-1.3932263912" version="1" timestamp="2026-09-01T12:00:00Z" changeset="1" uid="1" user="generator"/>
  <node id="3245" lat="52.0312289692" lon="-1.3956564190" version="1" timestamp="2026-09-01T12:00:00Z" changeset="1" uid="1" user="generator"/>
  <node id="3246" lat="52.0314359694" lon="-1.3955832254" version="1" timestamp="2026-09-01T12:00:00Z" changeset="1" uid="1" user="generator"/>
  <node id="3247" lat="52.0316429696" lon="-1.3958028062" version="1" timestamp="2026-09-01T12:00:00Z" changeset="1" uid="1" user="generator"/>
  <node id="3248" lat="52.0321649702" lon="-1.3973545107" version="1" timestamp="2026-09-01T12:00:00Z" changeset="1" uid="1" user="generator"/>
  <node id="3249" lat="52.0321469701" lon="-1.3976472851" version="1" timestamp="2026-09-01T12:00:00Z" changeset="1" uid="1" user="generator"/>
  <node id="3250" lat="52.0318409698" lon="-1.3980571693" version="1" timestamp="2026-09-01T12:00:00Z" changeset="1" uid="1" user="generator"/>
  <node id="3251" lat="52.0324259704" lon="-1.3999162870" version="1" timestamp="2026-09-01T12:00:00Z" changeset="1" uid="1" user="generator"/>
  <node id="3252" lat="52.0371689752" lon="-1.3999016482" version="1" timestamp="2026-09-01T12:00:00Z" changeset="1" uid="1" user="generator"/>
  <node id="3253" lat="52.0321109701" lon="-1.3685455069" version="1" timestamp="2026-09-01T12:00:00Z" changeset="1" uid="1" user="generator"/>
  <node id="3254" lat="52.0321019701" lon="-1.3684430358" version="1" timestamp="2026-09-01T12:00:00Z" changeset="1" uid="1" user="generator"/>
  <node id="3255" lat="52.0318319698" lon="-1.3683552035" version="1" timestamp="2026-09-01T12:00:00Z" changeset="1" uid="1" user="generator"/>
  <node id="3256" lat="52.0251899632" lon="-1.3663350599" version="1" timestamp="2026-09-01T12:00:00Z" changeset="1" uid="1" user="generator"/>
  <node id="3257" lat="52.0251809632" lon="-1.3763625841" version="1" timestamp="2026-09-01T12:00:00Z" changeset="1" uid="1" user="generator"/>
  <node id="3258" lat="52.0304819685" lon="-1.3800954581" version="1" timestamp="2026-09-01T12:00:00Z" changeset="1" uid="1" user="generator"/>
  <node id="3259" lat="52.0307069687" lon="-1.3785291149" version="1" timestamp="2026-09-01T12:00:00Z" changeset="1" uid="1" user="generator"/>
  <node id="3260" lat="52.0303739684" lon="-1.3785437536" version="1" timestamp="2026-09-01T12:00:00Z" changeset="1" uid="1" user="generator"/>
  <node id="3261" lat="52.0300229680" lon="-1.3779728435" version="1" timestamp="2026-09-01T12:00:00Z" changeset="1" uid="1" user="generator"/>
  <node id="3262" lat="52.0290869671" lon="-1.3755135383" version="1" timestamp="2026-09-01T12:00:00Z" changeset="1" uid="1" user="generator"/>
  <node id="3263" lat="52.0289969670" lon="-1.3750158217" version="1" timestamp="2026-09-01T12:00:00Z" changeset="1" uid="1" user="generator"/>
  <node id="3264" lat="52.0300859681" lon="-1.3728346522" version="1" timestamp="2026-09-01T12:00:00Z" changeset="1" uid="1" user="generator"/>
  <node id="3265" lat="52.0314989695" lon="-1.3725272391" version="1" timestamp="2026-09-01T12:00:00Z" changeset="1" uid="1" user="generator"/>
  <node id="3266" lat="52.0335869716" lon="-1.3587668409" version="1" timestamp="2026-09-01T12:00:00Z" changeset="1" uid="1" user="generator"/>
  <node id="3267" lat="52.0335419715" lon="-1.3584887052" version="1" timestamp="2026-09-01T12:00:00Z" changeset="1" uid="1" user="generator"/>
  <node id="3268" lat="52.0299419679" lon="-1.3551217993" version="1" timestamp="2026-09-01T12:00:00Z" changeset="1" uid="1" user="generator"/>
  <node id="3269" lat="52.0251809632" lon="-1.3594402221" version="1" timestamp="2026-09-01T12:00:00Z" changeset="1" uid="1" user="generator"/>
  <node id="3270" lat="52.0251809632" lon="-1.3662033114" version="1" timestamp="2026-09-01T12:00:00Z" changeset="1" uid="1" user="generator"/>
  <node id="3271" lat="52.0321919702" lon="-1.3683259260" version="1" timestamp="2026-09-01T12:00:00Z" changeset="1" uid="1" user="generator"/>
  <node id="3272" lat="52.0327409707" lon="-1.3676379061" version="1" timestamp="2026-09-01T12:00:00Z" changeset="1" uid="1" user="generator"/>
  <node id="3273" lat="52.0329569710" lon="-1.3669645249" version="1" timestamp="2026-09-01T12:00:00Z" changeset="1" uid="1" user="generator"/>
  <node id="3274" lat="52.0331549712" lon="-1.3657055949" version="1" timestamp="2026-09-01T12:00:00Z" changeset="1" uid="1" user="generator"/>
  <node id="3275" lat="52.0375469755" lon="-1.3452406623" version="1" timestamp="2026-09-01T12:00:00Z" changeset="1" uid="1" user="generator"/>
  <node id="3276" lat="52.0369619750" lon="-1.3444062552" version="1" timestamp="2026-09-01T12:00:00Z" changeset="1" uid="1" user="generator"/>
  <node id="3277" lat="52.0367279747" lon="-1.3443769777" version="1" timestamp="2026-09-01T12:00:00Z" changeset="1" uid="1" user="generator"/>
  <node id="3278" lat="52.0305179685" lon="-1.3453431333" version="1" timestamp="2026-09-01T12:00:00Z" changeset="1" uid="1" user="generator"/>
  <node id="3279" lat="52.0300589681" lon="-1.3463824826" version="1" timestamp="2026-09-01T12:00:00Z" changeset="1" uid="1" user="generator"/>
  <node id="3280" lat="52.0299329679" lon="-1.3472022510" version="1" timestamp="2026-09-01T12:00:00Z" changeset="1" uid="1" user="generator"/>
  <node id="3281" lat="52.0298789679" lon="-1.3503642148" version="1" timestamp="2026-09-01T12:00:00Z" changeset="1" uid="1" user="generator"/>
  <node id="3282" lat="52.0299509680" lon="-1.3519451967" version="1" timestamp="2026-09-01T12:00:00Z" changeset="1" uid="1" user="generator"/>
  <node id="3283" lat="52.0302569683" lon="-1.3537311207" version="1" timestamp="2026-09-01T12:00:00Z" changeset="1" uid="1" user="generator"/>
  <node id="3284" lat="52.0307069687" lon="-1.3550193282" version="1" timestamp="2026-09-01T12:00:00Z" changeset="1" uid="1" user="generator"/>
  <node id="3285" lat="52.0314359694" lon="-1.3562050647" version="1" timestamp="2026-09-01T12:00:00Z" changeset="1" uid="1" user="generator"/>
  <node id="3286" lat="52.0337039717" lon="-1.3582837631" version="1" timestamp="2026-09-01T12:00:00Z" changeset="1" uid="1" user="generator"/>
  <node id="3287" lat="52.0351619732" lon="-1.3572004977" version="1" timestamp="2026-09-01T12:00:00Z" changeset="1" uid="1" user="generator"/>
  <node id="3288" lat="52.0368809749" lon="-1.3442452292" version="1" timestamp="2026-09-01T12:00:00Z" changeset="1" uid="1" user="generator"/>
  <node id="3289" lat="52.0363499743" lon="-1.3355644674" version="1" timestamp="2026-09-01T12:00:00Z" changeset="1" uid="1" user="generator"/>
  <node id="3290" lat="52.0338119718" lon="-1.3335443238" version="1" timestamp="2026-09-01T12:00:00Z" changeset="1" uid="1" user="generator"/>
  <node id="3291" lat="52.0302479682" lon="-1.3355644674" version="1" timestamp="2026-09-01T12:00:00Z" changeset="1" uid="1" user="generator"/>
  <node id="3292" lat="52.0296359676" lon="-1.3360621839" version="1" timestamp="2026-09-01T12:00:00Z" changeset="1" uid="1" user="generator"/>
  <node id="3293" lat="52.0292129672" lon="-1.3367502038" version="1" timestamp="2026-09-01T12:00:00Z" changeset="1" uid="1" user="generator"/>
  <node id="3294" lat="52.0305359685" lon="-1.3452260236" version="1" timestamp="2026-09-01T12:00:00Z" changeset="1" uid="1" user="generator"/>
  <node id="3295" lat="52.0334969715" lon="-1.3312167671" version="1" timestamp="2026-09-01T12:00:00Z" changeset="1" uid="1" user="generator"/>
  <node id="3296" lat="52.0331279711" lon="-1.3271032864" version="1" timestamp="2026-09-01T12:00:00Z" changeset="1" uid="1" user="generator"/>
  <node id="3297" lat="52.0300679681" lon="-1.3275424480" version="1" timestamp="2026-09-01T12:00:00Z" changeset="1" uid="1" user="generator"/>
  <node id="3298" lat="52.0296269676" lon="-1.3292844559" version="1" timestamp="2026-09-01T12:00:00Z" changeset="1" uid="1" user="generator"/>
  <node id="3299" lat="52.0300139680" lon="-1.3292112623" version="1" timestamp="2026-09-01T12:00:00Z" changeset="1" uid="1" user="generator"/>
  <node id="3300" lat="52.0302209682" lon="-1.3294308431" version="1" timestamp="2026-09-01T12:00:00Z" changeset="1" uid="1" user="generator"/>
  <node id="3301" lat="52.0306709687" lon="-1.3322707551" version="1" timestamp="2026-09-01T12:00:00Z" changeset="1" uid="1" user="generator"/>
  <node id="3302" lat="52.0305359685" lon="-1.3326074457" version="1" timestamp="2026-09-01T12:00:00Z" changeset="1" uid="1" user="generator"/>
  <node id="3303" lat="52.0297529678" lon="-1.3332076332" version="1" timestamp="2026-09-01T12:00:00Z" changeset="1" uid="1" user="generator"/>
  <node id="3304" lat="52.0299149679" lon="-1.3353156091" version="1" timestamp="2026-09-01T12:00:00Z" changeset="1" uid="1" user="generator"/>
  <node id="3305" lat="52.0323539704" lon="-1.3340420404" version="1" timestamp="2026-09-01T12:00:00Z" changeset="1" uid="1" user="generator"/>
  <node id="3306" lat="52.0329479709" lon="-1.3333979366" version="1" timestamp="2026-09-01T12:00:00Z" changeset="1" uid="1" user="generator"/>
  <node id="3307" lat="52.0333889714" lon="-1.3323585874" version="1" timestamp="2026-09-01T12:00:00Z" changeset="1" uid="1" user="generator"/>
  <node id="3308" lat="52.0358909739" lon="-1.3053062301" version="1" timestamp="2026-09-01T12:00:00Z" changeset="1" uid="1" user="generator"/>
  <node id="3309" lat="52.0351889732" lon="-1.3029347573" version="1" timestamp="2026-09-01T12:00:00Z" changeset="1" uid="1" user="generator"/>
  <node id="3310" lat="52.0335599716" lon="-1.3014855238" version="1" timestamp="2026-09-01T12:00:00Z" changeset="1" uid="1" user="generator"/>
  <node id="3311" lat="52.0290869671" lon="-1.3022906535" version="1" timestamp="2026-09-01T12:00:00Z" changeset="1" uid="1" user="generator"/>
  <node id="3312" lat="52.0291769672" lon="-1.3079704774" version="1" timestamp="2026-09-01T12:00:00Z" changeset="1" uid="1" user="generator"/>
  <node id="3313" lat="52.0296719677" lon="-1.3083657229" version="1" timestamp="2026-09-01T12:00:00Z" changeset="1" uid="1" user="generator"/>
  <node id="3314" lat="52.0308419688" lon="-1.3073995673" version="1" timestamp="2026-09-01T12:00:00Z" changeset="1" uid="1" user="generator"/>
  <node id="3315" lat="52.0328939709" lon="-1.3076045094" version="1" timestamp="2026-09-01T12:00:00Z" changeset="1" uid="1" user="generator"/>
  <node id="3316" lat="52.0330739711" lon="-1.3076630643" version="1" timestamp="2026-09-01T12:00:00Z" changeset="1" uid="1" user="generator"/>
  <node id="3317" lat="52.0342979723" lon="-1.3089805492" version="1" timestamp="2026-09-01T12:00:00Z" changeset="1" uid="1" user="generator"/>
  <node id="3318" lat="52.0349909730" lon="-1.3085560263" version="1" timestamp="2026-09-01T12:00:00Z" changeset="1" uid="1" user="generator"/>
  <node id="3319" lat="52.0334969715" lon="-1.2969328815" version="1" timestamp="2026-09-01T12:00:00Z" changeset="1" uid="1" user="generator"/>
  <node id="3320" lat="52.0334969715" lon="-1.2940344146" version="1" timestamp="2026-09-01T12:00:00Z" changeset="1" uid="1" user="generator"/>
  <node id="3321" lat="52.0328399708" lon="-1.2942247180" version="1" timestamp="2026-09-01T12:00:00Z" changeset="1" uid="1" user="generator"/>
  <node id="3322" lat="52.0320029700" lon="-1.2932146462" version="1" timestamp="2026-09-01T12:00:00Z" changeset="1" uid="1" user="generator"/>
  <node id="3323" lat="52.0324529705" lon="-1.2907846184" version="1" timestamp="2026-09-01T12:00:00Z" changeset="1" uid="1" user="generator"/>
  <node id="3324" lat="52.0317239697" lon="-1.2895988820" version="1" timestamp="2026-09-01T12:00:00Z" changeset="1" uid="1" user="generator"/>
  <node id="3325" lat="52.0302659683" lon="-1.2893061076" version="1" timestamp="2026-09-01T12:00:00Z" changeset="1" uid="1" user="generator"/>
  <node id="3326" lat="52.0279349659" lon="-1.2957325063" version="1" timestamp="2026-09-01T12:00:00Z" changeset="1" uid="1" user="generator"/>
  <node id="3327" lat="52.0274309654" lon="-1.2977233724" version="1" timestamp="2026-09-01T12:00:00Z" changeset="1" uid="1" user="generator"/>
  <node id="3328" lat="52.0273049653" lon="-1.2993043543" version="1" timestamp="2026-09-01T12:00:00Z" changeset="1" uid="1" user="generator"/>
  <node id="3329" lat="52.0275299655" lon="-1.3003729810" version="1" timestamp="2026-09-01T12:00:00Z" changeset="1" uid="1" user="generator"/>
  <node id="3330" lat="52.0289699670" lon="-1.3019539629" version="1" timestamp="2026-09-01T12:00:00Z" changeset="1" uid="1" user="generator"/>
  <node id="3331" lat="52.0334699715" lon="-1.3011634720" version="1" timestamp="2026-09-01T12:00:00Z" changeset="1" uid="1" user="generator"/>
  <node id="3332" lat="52.0330469710" lon="-1.2871834930" version="1" timestamp="2026-09-01T12:00:00Z" changeset="1" uid="1" user="generator"/>
  <node id="3333" lat="52.0325429705" lon="-1.2855732336" version="1" timestamp="2026-09-01T12:00:00Z" changeset="1" uid="1" user="generator"/>
  <node id="3334" lat="52.0317509698" lon="-1.2841971938" version="1" timestamp="2026-09-01T12:00:00Z" changeset="1" uid="1" user="generator"/>
  <node id="3335" lat="52.0318049698" lon="-1.2840800840" version="1" timestamp="2026-09-01T12:00:00Z" changeset="1" uid="1" user="generator"/>
  <node id="3336" lat="52.0317059697" lon="-1.2841532776" version="1" timestamp="2026-09-01T12:00:00Z" changeset="1" uid="1" user="generator"/>
  <node id="3337" lat="52.0308959689" lon="-1.2829529025" version="1" timestamp="2026-09-01T12:00:00Z" changeset="1" uid="1" user="generator"/>
  <node id="3338" lat="52.0302659683" lon="-1.2824259085" version="1" timestamp="2026-09-01T12:00:00Z" changeset="1" uid="1" user="generator"/>
  <node id="3339" lat="52.0302299682" lon="-1.2822209664" version="1" timestamp="2026-09-01T12:00:00Z" changeset="1" uid="1" user="generator"/>
  <node id="3340" lat="52.0301579682" lon="-1.2823087987" version="1" timestamp="2026-09-01T12:00:00Z" changeset="1" uid="1" user="generator"/>
  <node id="3341" lat="52.0303109683" lon="-1.2892036365" version="1" timestamp="2026-09-01T12:00:00Z" changeset="1" uid="1" user="generator"/>
  <node id="3342" lat="52.0317239697" lon="-1.2894817722" version="1" timestamp="2026-09-01T12:00:00Z" changeset="1" uid="1" user="generator"/>
  <node id="3343" lat="52.0349009729" lon="-1.2839922517" version="1" timestamp="2026-09-01T12:00:00Z" changeset="1" uid="1" user="generator"/>
  <node id="3344" lat="52.0341899722" lon="-1.2801129905" version="1" timestamp="2026-09-01T12:00:00Z" changeset="1" uid="1" user="generator"/>
  <node id="3345" lat="52.0300949681" lon="-1.2801276292" version="1" timestamp="2026-09-01T12:00:00Z" changeset="1" uid="1" user="generator"/>
  <node id="3346" lat="52.0301129681" lon="-1.2810937848" version="1" timestamp="2026-09-01T12:00:00Z" changeset="1" uid="1" user="generator"/>
  <node id="3347" lat="52.0311659692" lon="-1.2820160243" version="1" timestamp="2026-09-01T12:00:00Z" changeset="1" uid="1" user="generator"/>
  <node id="3348" lat="52.0319579700" lon="-1.2830407348" version="1" timestamp="2026-09-01T12:00:00Z" changeset="1" uid="1" user="generator"/>
  <node id="3349" lat="52.0327589708" lon="-1.2843728584" version="1" timestamp="2026-09-01T12:00:00Z" changeset="1" uid="1" user="generator"/>
  <node id="3350" lat="52.0335419715" lon="-1.2863198084" version="1" timestamp="2026-09-01T12:00:00Z" changeset="1" uid="1" user="generator"/>
  <node id="3351" lat="52.0309409689" lon="-1.3907378086" version="1" timestamp="2026-09-01T12:00:00Z" changeset="1" uid="1" user="generator"/>
  <node id="3352" lat="52.0308509689" lon="-1.3888054974" version="1" timestamp="2026-09-01T12:00:00Z" changeset="1" uid="1" user="generator"/>
  <node id="3353" lat="52.0306349686" lon="-1.3879857290" version="1" timestamp="2026-09-01T12:00:00Z" changeset="1" uid="1" user="generator"/>
  <node id="3354" lat="52.0301219681" lon="-1.3867707151" version="1" timestamp="2026-09-01T12:00:00Z" changeset="1" uid="1" user="generator"/>
  <node id="3355" lat="52.0285919666" lon="-1.3872098767" version="1" timestamp="2026-09-01T12:00:00Z" changeset="1" uid="1" user="generator"/>
  <node id="3356" lat="52.0287269667" lon="-1.3893324913" version="1" timestamp="2026-09-01T12:00:00Z" changeset="1" uid="1" user="generator"/>
  <node id="3357" lat="52.0292489672" lon="-1.3908841958" version="1" timestamp="2026-09-01T12:00:00Z" changeset="1" uid="1" user="generator"/>
  <node id="3358" lat="52.0285109665" lon="-1.3928165070" version="1" timestamp="2026-09-01T12:00:00Z" changeset="1" uid="1" user="generator"/>
  <node id="3359" lat="52.0283039663" lon="-1.3930360879" version="1" timestamp="2026-09-01T12:00:00Z" changeset="1" uid="1" user="generator"/>
  <node id="3360" lat="52.0275479655" lon="-1.3929775330" version="1" timestamp="2026-09-01T12:00:00Z" changeset="1" uid="1" user="generator"/>
  <node id="3361" lat="52.0274309654" lon="-1.3927579522" version="1" timestamp="2026-09-01T12:00:00Z" changeset="1" uid="1" user="generator"/>
  <node id="3362" lat="52.0271249651" lon="-1.3909427507" version="1" timestamp="2026-09-01T12:00:00Z" changeset="1" uid="1" user="generator"/>
  <node id="3363" lat="52.0265039645" lon="-1.3905182278" version="1" timestamp="2026-09-01T12:00:00Z" changeset="1" uid="1" user="generator"/>
  <node id="3364" lat="52.0261169641" lon="-1.3932263912" version="1" timestamp="2026-09-01T12:00:00Z" changeset="1" uid="1" user="generator"/>
  <node id="3365" lat="52.0272599653" lon="-1.3933288623" version="1" timestamp="2026-09-01T12:00:00Z" changeset="1" uid="1" user="generator"/>
  <node id="3366" lat="52.0276739657" lon="-1.3943828502" version="1" timestamp="2026-09-01T12:00:00Z" changeset="1" uid="1" user="generator"/>
  <node id="3367" lat="52.0292579673" lon="-1.3936509142" version="1" timestamp="2026-09-01T12:00:00Z" changeset="1" uid="1" user="generator"/>
  <node id="3368" lat="52.0301219681" lon="-1.3930068104" version="1" timestamp="2026-09-01T12:00:00Z" changeset="1" uid="1" user="generator"/>
  <node id="3369" lat="52.0305989686" lon="-1.3923480680" version="1" timestamp="2026-09-01T12:00:00Z" changeset="1" uid="1" user="generator"/>
  <node id="3370" lat="52.0308869689" lon="-1.3914990221" version="1" timestamp="2026-09-01T12:00:00Z" changeset="1" uid="1" user="generator"/>
  <node id="3371" lat="52.0304729685" lon="-1.3803150389" version="1" timestamp="2026-09-01T12:00:00Z" changeset="1" uid="1" user="generator"/>
  <node id="3372" lat="52.0303559684" lon="-1.3800954581" version="1" timestamp="2026-09-01T12:00:00Z" changeset="1" uid="1" user="generator"/>
  <node id="3373" lat="52.0251899632" lon="-1.3764943326" version="1" timestamp="2026-09-01T12:00:00Z" changeset="1" uid="1" user="generator"/>
  <node id="3374" lat="52.0251809632" lon="-1.3872537929" version="1" timestamp="2026-09-01T12:00:00Z" changeset="1" uid="1" user="generator"/>
  <node id="3375" lat="52.0259999640" lon="-1.3873855414" version="1" timestamp="2026-09-01T12:00:00Z" changeset="1" uid="1" user="generator"/>
  <node id="3376" lat="52.0261799642" lon="-1.3868585474" version="1" timestamp="2026-09-01T12:00:00Z" changeset="1" uid="1" user="generator"/>
  <node id="3377" lat="52.0263959644" lon="-1.3867707151" version="1" timestamp="2026-09-01T12:00:00Z" changeset="1" uid="1" user="generator"/>
  <node id="3378" lat="52.0282859663" lon="-1.3864779407" version="1" timestamp="2026-09-01T12:00:00Z" changeset="1" uid="1" user="generator"/>
  <node id="3379" lat="52.0285379665" lon="-1.3868878249" version="1" timestamp="2026-09-01T12:00:00Z" changeset="1" uid="1" user="generator"/>
  <node id="3380" lat="52.0300499680" lon="-1.3864193858" version="1" timestamp="2026-09-01T12:00:00Z" changeset="1" uid="1" user="generator"/>
  <node id="3381" lat="52.0299509680" lon="-1.3549900508" version="1" timestamp="2026-09-01T12:00:00Z" changeset="1" uid="1" user="generator"/>
  <node id="3382" lat="52.0296629677" lon="-1.3499836080" version="1" timestamp="2026-09-01T12:00:00Z" changeset="1" uid="1" user="generator"/>
  <node id="3383" lat="52.0296089676" lon="-1.3469973089" version="1" timestamp="2026-09-01T12:00:00Z" changeset="1" uid="1" user="generator"/>
  <node id="3384" lat="52.0251899632" lon="-1.3465727859" version="1" timestamp="2026-09-01T12:00:00Z" changeset="1" uid="1" user="generator"/>
  <node id="3385" lat="52.0251809632" lon="-1.3592938349" version="1" timestamp="2026-09-01T12:00:00Z" changeset="1" uid="1" user="generator"/>
  <node id="3386" lat="52.0301489681" lon="-1.3452113848" version="1" timestamp="2026-09-01T12:00:00Z" changeset="1" uid="1" user="generator"/>
  <node id="3387" lat="52.0301129681" lon="-1.3438353450" version="1" timestamp="2026-09-01T12:00:00Z" changeset="1" uid="1" user="generator"/>
  <node id="3388" lat="52.0298969679" lon="-1.3421372533" version="1" timestamp="2026-09-01T12:00:00Z" changeset="1" uid="1" user="generator"/>
  <node id="3389" lat="52.0289879670" lon="-1.3367355651" version="1" timestamp="2026-09-01T12:00:00Z" changeset="1" uid="1" user="generator"/>
  <node id="3390" lat="52.0257479637" lon="-1.3377895531" version="1" timestamp="2026-09-01T12:00:00Z" changeset="1" uid="1" user="generator"/>
  <node id="3391" lat="52.0251809632" lon="-1.3386825151" version="1" timestamp="2026-09-01T12:00:00Z" changeset="1" uid="1" user="generator"/>
  <node id="3392" lat="52.0251899632" lon="-1.3464556762" version="1" timestamp="2026-09-01T12:00:00Z" changeset="1" uid="1" user="generator"/>
  <node id="3393" lat="52.0296359676" lon="-1.3468655604" version="1" timestamp="2026-09-01T12:00:00Z" changeset="1" uid="1" user="generator"/>
  <node id="3394" lat="52.0300949681" lon="-1.3458262111" version="1" timestamp="2026-09-01T12:00:00Z" changeset="1" uid="1" user="generator"/>
  <node id="3395" lat="52.0278989659" lon="-1.3229605282" version="1" timestamp="2026-09-01T12:00:00Z" changeset="1" uid="1" user="generator"/>
  <node id="3396" lat="52.0278629659" lon="-1.3223457019" version="1" timestamp="2026-09-01T12:00:00Z" changeset="1" uid="1" user="generator"/>
  <node id="3397" lat="52.0274579655" lon="-1.3216284046" version="1" timestamp="2026-09-01T12:00:00Z" changeset="1" uid="1" user="generator"/>
  <node id="3398" lat="52.0256579637" lon="-1.3194911512" version="1" timestamp="2026-09-01T12:00:00Z" changeset="1" uid="1" user="generator"/>
  <node id="3399" lat="52.0251809632" lon="-1.3190666283" version="1" timestamp="2026-09-01T12:00:00Z" changeset="1" uid="1" user="generator"/>
  <node id="3400" lat="52.0251899632" lon="-1.3275131706" version="1" timestamp="2026-09-01T12:00:00Z" changeset="1" uid="1" user="generator"/>
  <node id="3401" lat="52.0274489654" lon="-1.3251856139" version="1" timestamp="2026-09-01T12:00:00Z" changeset="1" uid="1" user="generator"/>
  <node id="3402" lat="52.0277189657" lon="-1.3241609034" version="1" timestamp="2026-09-01T12:00:00Z" changeset="1" uid="1" user="generator"/>
  <node id="3403" lat="52.0310129690" lon="-1.3183346922" version="1" timestamp="2026-09-01T12:00:00Z" changeset="1" uid="1" user="generator"/>
  <node id="3404" lat="52.0308959689" lon="-1.3174710077" version="1" timestamp="2026-09-01T12:00:00Z" changeset="1" uid="1" user="generator"/>
  <node id="3405" lat="52.0285739666" lon="-1.3171489558" version="1" timestamp="2026-09-01T12:00:00Z" changeset="1" uid="1" user="generator"/>
  <node id="3406" lat="52.0282229662" lon="-1.3165780457" version="1" timestamp="2026-09-01T12:00:00Z" changeset="1" uid="1" user="generator"/>
  <node id="3407" lat="52.0282229662" lon="-1.3131818623" version="1" timestamp="2026-09-01T12:00:00Z" changeset="1" uid="1" user="generator"/>
  <node id="3408" lat="52.0273499653" lon="-1.3126109521" version="1" timestamp="2026-09-01T12:00:00Z" changeset="1" uid="1" user="generator"/>
  <node id="3409" lat="52.0257299637" lon="-1.3142504889" version="1" timestamp="2026-09-01T12:00:00Z" changeset="1" uid="1" user="generator"/>
  <node id="3410" lat="52.0252349632" lon="-1.3152312833" version="1" timestamp="2026-09-01T12:00:00Z" changeset="1" uid="1" user="generator"/>
  <node id="3411" lat="52.0252349632" lon="-1.3184810794" version="1" timestamp="2026-09-01T12:00:00Z" changeset="1" uid="1" user="generator"/>
  <node id="3412" lat="52.0260719641" lon="-1.3196668159" version="1" timestamp="2026-09-01T12:00:00Z" changeset="1" uid="1" user="generator"/>
  <node id="3413" lat="52.0278539659" lon="-1.3215405722" version="1" timestamp="2026-09-01T12:00:00Z" changeset="1" uid="1" user="generator"/>
  <node id="3414" lat="52.0284119664" lon="-1.3213063527" version="1" timestamp="2026-09-01T12:00:00Z" changeset="1" uid="1" user="generator"/>
  <node id="3415" lat="52.0294739675" lon="-1.3201059775" version="1" timestamp="2026-09-01T12:00:00Z" changeset="1" uid="1" user="generator"/>
  <node id="3416" lat="52.0299419679" lon="-1.3189934347" version="1" timestamp="2026-09-01T12:00:00Z" changeset="1" uid="1" user="generator"/>
  <node id="3417" lat="52.0308059688" lon="-1.3185835505" version="1" timestamp="2026-09-01T12:00:00Z" changeset="1" uid="1" user="generator"/>
  <node id="3418" lat="52.0289789670" lon="-1.3080583098" version="1" timestamp="2026-09-01T12:00:00Z" changeset="1" uid="1" user="generator"/>
  <node id="3419" lat="52.0288889669" lon="-1.3022320986" version="1" timestamp="2026-09-01T12:00:00Z" changeset="1" uid="1" user="generator"/>
  <node id="3420" lat="52.0274039654" lon="-1.3006072005" version="1" timestamp="2026-09-01T12:00:00Z" changeset="1" uid="1" user="generator"/>
  <node id="3421" lat="52.0272959653" lon="-1.3003144261" version="1" timestamp="2026-09-01T12:00:00Z" changeset="1" uid="1" user="generator"/>
  <node id="3422" lat="52.0265039645" lon="-1.2994361028" version="1" timestamp="2026-09-01T12:00:00Z" changeset="1" uid="1" user="generator"/>
  <node id="3423" lat="52.0251899632" lon="-1.2994653803" version="1" timestamp="2026-09-01T12:00:00Z" changeset="1" uid="1" user="generator"/>
  <node id="3424" lat="52.0251809632" lon="-1.3145286247" version="1" timestamp="2026-09-01T12:00:00Z" changeset="1" uid="1" user="generator"/>
  <node id="3425" lat="52.0265039645" lon="-1.3130208363" version="1" timestamp="2026-09-01T12:00:00Z" changeset="1" uid="1" user="generator"/>
  <node id="3426" lat="52.0273589654" lon="-1.3118058225" version="1" timestamp="2026-09-01T12:00:00Z" changeset="1" uid="1" user="generator"/>
  <node id="3427" lat="52.0278989659" lon="-1.3107811120" version="1" timestamp="2026-09-01T12:00:00Z" changeset="1" uid="1" user="generator"/>
  <node id="3428" lat="52.0300049680" lon="-1.2893500237" version="1" timestamp="2026-09-01T12:00:00Z" changeset="1" uid="1" user="generator"/>
  <node id="3429" lat="52.0251809632" lon="-1.2858952855" version="1" timestamp="2026-09-01T12:00:00Z" changeset="1" uid="1" user="generator"/>
  <node id="3430" lat="52.0251899632" lon="-1.2993482705" version="1" timestamp="2026-09-01T12:00:00Z" changeset="1" uid="1" user="generator"/>
  <node id="3431" lat="52.0264949645" lon="-1.2992750769" version="1" timestamp="2026-09-01T12:00:00Z" changeset="1" uid="1" user="generator"/>
  <node id="3432" lat="52.0302389682" lon="-1.2892036365" version="1" timestamp="2026-09-01T12:00:00Z" changeset="1" uid="1" user="generator"/>
  <node id="3433" lat="52.0301579682" lon="-1.2865247505" version="1" timestamp="2026-09-01T12:00:00Z" changeset="1" uid="1" user="generator"/>
  <node id="3434" lat="52.0297079677" lon="-1.2876665708" version="1" timestamp="2026-09-01T12:00:00Z" changeset="1" uid="1" user="generator"/>
  <node id="3435" lat="52.0288079668" lon="-1.2876665708" version="1" timestamp="2026-09-01T12:00:00Z" changeset="1" uid="1" user="generator"/>
  <node id="3436" lat="52.0276199656" lon="-1.2866125828" version="1" timestamp="2026-09-01T12:00:00Z" changeset="1" uid="1" user="generator"/>
  <node id="3437" lat="52.0274849655" lon="-1.2863637246" version="1" timestamp="2026-09-01T12:00:00Z" changeset="1" uid="1" user="generator"/>
  <node id="3438" lat="52.0272689653" lon="-1.2853097366" version="1" timestamp="2026-09-01T12:00:00Z" changeset="1" uid="1" user="generator"/>
  <node id="3439" lat="52.0284479664" lon="-1.2833627867" version="1" timestamp="2026-09-01T12:00:00Z" changeset="1" uid="1" user="generator"/>
  <node id="3440" lat="52.0294739675" lon="-1.2834506190" version="1" timestamp="2026-09-01T12:00:00Z" changeset="1" uid="1" user="generator"/>
  <node id="3441" lat="52.0300409680" lon="-1.2843435810" version="1" timestamp="2026-09-01T12:00:00Z" changeset="1" uid="1" user="generator"/>
  <node id="3442" lat="52.0301579682" lon="-1.2864954730" version="1" timestamp="2026-09-01T12:00:00Z" changeset="1" uid="1" user="generator"/>
  <node id="3443" lat="52.0300769681" lon="-1.2822648825" version="1" timestamp="2026-09-01T12:00:00Z" changeset="1" uid="1" user="generator"/>
  <node id="3444" lat="52.0296899677" lon="-1.2819574694" version="1" timestamp="2026-09-01T12:00:00Z" changeset="1" uid="1" user="generator"/>
  <node id="3445" lat="52.0288079668" lon="-1.2815768626" version="1" timestamp="2026-09-01T12:00:00Z" changeset="1" uid="1" user="generator"/>
  <node id="3446" lat="52.0251899632" lon="-1.2805814296" version="1" timestamp="2026-09-01T12:00:00Z" changeset="1" uid="1" user="generator"/>
  <node id="3447" lat="52.0251809632" lon="-1.2857488983" version="1" timestamp="2026-09-01T12:00:00Z" changeset="1" uid="1" user="generator"/>
  <node id="3448" lat="52.0300319680" lon="-1.2892475527" version="1" timestamp="2026-09-01T12:00:00Z" changeset="1" uid="1" user="generator"/>
  <node id="3449" lat="52.0923390303" lon="-1.2877397644" version="1" timestamp="2026-09-01T12:00:00Z" changeset="1" uid="1" user="generator"/>
  <node id="3450" lat="52.0918260298" lon="-1.2867589700" version="1" timestamp="2026-09-01T12:00:00Z" changeset="1" uid="1" user="generator"/>
  <node id="3451" lat="52.0899540280" lon="-1.2858513693" version="1" timestamp="2026-09-01T12:00:00Z" changeset="1" uid="1" user="generator"/>
  <node id="3452" lat="52.0877580258" lon="-1.2827772378" version="1" timestamp="2026-09-01T12:00:00Z" changeset="1" uid="1" user="generator"/>
  <node id="3453" lat="52.0858680239" lon="-1.2821916889" version="1" timestamp="2026-09-01T12:00:00Z" changeset="1" uid="1" user="generator"/>
  <node id="3454" lat="52.0835730216" lon="-1.2911945026" version="1" timestamp="2026-09-01T12:00:00Z" changeset="1" uid="1" user="generator"/>
  <node id="3455" lat="52.0829610210" lon="-1.2929218718" version="1" timestamp="2026-09-01T12:00:00Z" changeset="1" uid="1" user="generator"/>
  <node id="3456" lat="52.0823850204" lon="-1.2933024785" version="1" timestamp="2026-09-01T12:00:00Z" changeset="1" uid="1" user="generator"/>
  <node id="3457" lat="52.0818990199" lon="-1.2957617837" version="1" timestamp="2026-09-01T12:00:00Z" changeset="1" uid="1" user="generator"/>
  <node id="3458" lat="52.0822950203" lon="-1.2967864942" version="1" timestamp="2026-09-01T12:00:00Z" changeset="1" uid="1" user="generator"/>
  <node id="3459" lat="52.0815030195" lon="-1.2988944701" version="1" timestamp="2026-09-01T12:00:00Z" changeset="1" uid="1" user="generator"/>
  <node id="3460" lat="52.0815570196" lon="-1.2998313483" version="1" timestamp="2026-09-01T12:00:00Z" changeset="1" uid="1" user="generator"/>
  <node id="3461" lat="52.0846800227" lon="-1.3015440787" version="1" timestamp="2026-09-01T12:00:00Z" changeset="1" uid="1" user="generator"/>
  <node id="3462" lat="52.0865700246" lon="-1.3006364780" version="1" timestamp="2026-09-01T12:00:00Z" changeset="1" uid="1" user="generator"/>
  <node id="3463" lat="52.0873800254" lon="-1.3017490208" version="1" timestamp="2026-09-01T12:00:00Z" changeset="1" uid="1" user="generator"/>
  <node id="3464" lat="52.0880010260" lon="-1.3015587174" version="1" timestamp="2026-09-01T12:00:00Z" changeset="1" uid="1" user="generator"/>
  <node id="3465" lat="52.0887300267" lon="-1.2994068254" version="1" timestamp="2026-09-01T12:00:00Z" changeset="1" uid="1" user="generator"/>
  <node id="3466" lat="52.0898820279" lon="-1.2998459870" version="1" timestamp="2026-09-01T12:00:00Z" changeset="1" uid="1" user="generator"/>
  <node id="3467" lat="52.0911150291" lon="-1.2982503664" version="1" timestamp="2026-09-01T12:00:00Z" changeset="1" uid="1" user="generator"/>
  <node id="3468" lat="52.0917450297" lon="-1.2958203386" version="1" timestamp="2026-09-01T12:00:00Z" changeset="1" uid="1" user="generator"/>
  <node id="3469" lat="52.0906650287" lon="-1.2940051372" version="1" timestamp="2026-09-01T12:00:00Z" changeset="1" uid="1" user="generator"/>
  <node id="3470" lat="52.0915650296" lon="-1.2892914688" version="1" timestamp="2026-09-01T12:00:00Z" changeset="1" uid="1" user="generator"/>
  <node id="3471" lat="52.0528109908" lon="-1.3766846360" version="1" timestamp="2026-09-01T12:00:00Z" changeset="1" uid="1" user="generator"/>
  <node id="3472" lat="52.0516409896" lon="-1.3721173549" version="1" timestamp="2026-09-01T12:00:00Z" changeset="1" uid="1" user="generator"/>
  <node id="3473" lat="52.0512089892" lon="-1.3717660256" version="1" timestamp="2026-09-01T12:00:00Z" changeset="1" uid="1" user="generator"/>
  <node id="3474" lat="52.0513349893" lon="-1.3707998700" version="1" timestamp="2026-09-01T12:00:00Z" changeset="1" uid="1" user="generator"/>
  <node id="3475" lat="52.0505159885" lon="-1.3697605207" version="1" timestamp="2026-09-01T12:00:00Z" changeset="1" uid="1" user="generator"/>
  <node id="3476" lat="52.0494899875" lon="-1.3711072831" version="1" timestamp="2026-09-01T12:00:00Z" changeset="1" uid="1" user="generator"/>
  <node id="3477" lat="52.0483559864" lon="-1.3709608959" version="1" timestamp="2026-09-01T12:00:00Z" changeset="1" uid="1" user="generator"/>
  <node id="3478" lat="52.0473929854" lon="-1.3680770678" version="1" timestamp="2026-09-01T12:00:00Z" changeset="1" uid="1" user="generator"/>
  <node id="3479" lat="52.0469339849" lon="-1.3677403772" version="1" timestamp="2026-09-01T12:00:00Z" changeset="1" uid="1" user="generator"/>
  <node id="3480" lat="52.0451699832" lon="-1.3699947403" version="1" timestamp="2026-09-01T12:00:00Z" changeset="1" uid="1" user="generator"/>
  <node id="3481" lat="52.0449989830" lon="-1.3711219218" version="1" timestamp="2026-09-01T12:00:00Z" changeset="1" uid="1" user="generator"/>
  <node id="3482" lat="52.0460429840" lon="-1.3730835105" version="1" timestamp="2026-09-01T12:00:00Z" changeset="1" uid="1" user="generator"/>
  <node id="3483" lat="52.0461509842" lon="-1.3741960533" version="1" timestamp="2026-09-01T12:00:00Z" changeset="1" uid="1" user="generator"/>
  <node id="3484" lat="52.0453139833" lon="-1.3755867319" version="1" timestamp="2026-09-01T12:00:00Z" changeset="1" uid="1" user="generator"/>
  <node id="3485" lat="52.0443329823" lon="-1.3760990871" version="1" timestamp="2026-09-01T12:00:00Z" changeset="1" uid="1" user="generator"/>
  <node id="3486" lat="52.0440989821" lon="-1.3778557337" version="1" timestamp="2026-09-01T12:00:00Z" changeset="1" uid="1" user="generator"/>
  <node id="3487" lat="52.0428929809" lon="-1.3798758773" version="1" timestamp="2026-09-01T12:00:00Z" changeset="1" uid="1" user="generator"/>
  <node id="3488" lat="52.0435949816" lon="-1.3830378411" version="1" timestamp="2026-09-01T12:00:00Z" changeset="1" uid="1" user="generator"/>
  <node id="3489" lat="52.0434329814" lon="-1.3856142561" version="1" timestamp="2026-09-01T12:00:00Z" changeset="1" uid="1" user="generator"/>
  <node id="3490" lat="52.0429469809" lon="-1.3869317410" version="1" timestamp="2026-09-01T12:00:00Z" changeset="1" uid="1" user="generator"/>
  <node id="3491" lat="52.0431269811" lon="-1.3900937049" version="1" timestamp="2026-09-01T12:00:00Z" changeset="1" uid="1" user="generator"/>
  <node id="3492" lat="52.0445399825" lon="-1.3899034015" version="1" timestamp="2026-09-01T12:00:00Z" changeset="1" uid="1" user="generator"/>
  <node id="3493" lat="52.0453679834" lon="-1.3882345872" version="1" timestamp="2026-09-01T12:00:00Z" changeset="1" uid="1" user="generator"/>
  <node id="3494" lat="52.0468619849" lon="-1.3867121602" version="1" timestamp="2026-09-01T12:00:00Z" changeset="1" uid="1" user="generator"/>
  <node id="3495" lat="52.0488599869" lon="-1.3889665233" version="1" timestamp="2026-09-01T12:00:00Z" changeset="1" uid="1" user="generator"/>
  <node id="3496" lat="52.0490489870" lon="-1.3882785034" version="1" timestamp="2026-09-01T12:00:00Z" changeset="1" uid="1" user="generator"/>
  <node id="3497" lat="52.0484189864" lon="-1.3857313659" version="1" timestamp="2026-09-01T12:00:00Z" changeset="1" uid="1" user="generator"/>
  <node id="3498" lat="52.0493729874" lon="-1.3848237651" version="1" timestamp="2026-09-01T12:00:00Z" changeset="1" uid="1" user="generator"/>
  <node id="3499" lat="52.0497329877" lon="-1.3784705600" version="1" timestamp="2026-09-01T12:00:00Z" changeset="1" uid="1" user="generator"/>
  <node id="3500" lat="52.0506059886" lon="-1.3772555461" version="1" timestamp="2026-09-01T12:00:00Z" changeset="1" uid="1" user="generator"/>
  <node id="3501" lat="52.0929870310" lon="-1.3514474802" version="1" timestamp="2026-09-01T12:00:00Z" changeset="1" uid="1" user="generator"/>
  <node id="3502" lat="52.0915110295" lon="-1.3474364705" version="1" timestamp="2026-09-01T12:00:00Z" changeset="1" uid="1" user="generator"/>
  <node id="3503" lat="52.0918170298" lon="-1.3458554886" version="1" timestamp="2026-09-01T12:00:00Z" changeset="1" uid="1" user="generator"/>
  <node id="3504" lat="52.0888920269" lon="-1.3406880199" version="1" timestamp="2026-09-01T12:00:00Z" changeset="1" uid="1" user="generator"/>
  <node id="3505" lat="52.0879740260" lon="-1.3420640597" version="1" timestamp="2026-09-01T12:00:00Z" changeset="1" uid="1" user="generator"/>
  <node id="3506" lat="52.0824120204" lon="-1.3464849536" version="1" timestamp="2026-09-01T12:00:00Z" changeset="1" uid="1" user="generator"/>
  <node id="3507" lat="52.0820430200" lon="-1.3476999675" version="1" timestamp="2026-09-01T12:00:00Z" changeset="1" uid="1" user="generator"/>
  <node id="3508" lat="52.0838430218" lon="-1.3517695321" version="1" timestamp="2026-09-01T12:00:00Z" changeset="1" uid="1" user="generator"/>
  <node id="3509" lat="52.0836270216" lon="-1.3538482305" version="1" timestamp="2026-09-01T12:00:00Z" changeset="1" uid="1" user="generator"/>
  <node id="3510" lat="52.0843650224" lon="-1.3552828252" version="1" timestamp="2026-09-01T12:00:00Z" changeset="1" uid="1" user="generator"/>
  <node id="3511" lat="52.0845540226" lon="-1.3574054398" version="1" timestamp="2026-09-01T12:00:00Z" changeset="1" uid="1" user="generator"/>
  <node id="3512" lat="52.0874520255" lon="-1.3574054398" version="1" timestamp="2026-09-01T12:00:00Z" changeset="1" uid="1" user="generator"/>
  <node id="3513" lat="52.0889100269" lon="-1.3558244579" version="1" timestamp="2026-09-01T12:00:00Z" changeset="1" uid="1" user="generator"/>
  <node id="3514" lat="52.0907100287" lon="-1.3575811045" version="1" timestamp="2026-09-01T12:00:00Z" changeset="1" uid="1" user="generator"/>
  <node id="3515" lat="52.0915830296" lon="-1.3536432884" version="1" timestamp="2026-09-01T12:00:00Z" changeset="1" uid="1" user="generator"/>
  <node id="3516" lat="52.0910430290" lon="-1.3528235200" version="1" timestamp="2026-09-01T12:00:00Z" changeset="1" uid="1" user="generator"/>
  <node id="3517" lat="52.0919700300" lon="-1.3529259911" version="1" timestamp="2026-09-01T12:00:00Z" changeset="1" uid="1" user="generator"/>
  <node id="3518" lat="52.0343069723" lon="-1.3238681289" version="1" timestamp="2026-09-01T12:00:00Z" changeset="1" uid="1" user="generator"/>
  <node id="3519" lat="52.0330469710" lon="-1.3189495185" version="1" timestamp="2026-09-01T12:00:00Z" changeset="1" uid="1" user="generator"/>
  <node id="3520" lat="52.0332719713" lon="-1.3178808919" version="1" timestamp="2026-09-01T12:00:00Z" changeset="1" uid="1" user="generator"/>
  <node id="3521" lat="52.0311479691" lon="-1.3176173949" version="1" timestamp="2026-09-01T12:00:00Z" changeset="1" uid="1" user="generator"/>
  <node id="3522" lat="52.0311119691" lon="-1.3186713828" version="1" timestamp="2026-09-01T12:00:00Z" changeset="1" uid="1" user="generator"/>
  <node id="3523" lat="52.0280339660" lon="-1.3218333467" version="1" timestamp="2026-09-01T12:00:00Z" changeset="1" uid="1" user="generator"/>
  <node id="3524" lat="52.0281869662" lon="-1.3245415101" version="1" timestamp="2026-09-01T12:00:00Z" changeset="1" uid="1" user="generator"/>
  <node id="3525" lat="52.0251449631" lon="-1.3279962484" version="1" timestamp="2026-09-01T12:00:00Z" changeset="1" uid="1" user="generator"/>
  <node id="3526" lat="52.0251449631" lon="-1.3382433534" version="1" timestamp="2026-09-01T12:00:00Z" changeset="1" uid="1" user="generator"/>
  <node id="3527" lat="52.0259099639" lon="-1.3372040042" version="1" timestamp="2026-09-01T12:00:00Z" changeset="1" uid="1" user="generator"/>
  <node id="3528" lat="52.0291139671" lon="-1.3364427907" version="1" timestamp="2026-09-01T12:00:00Z" changeset="1" uid="1" user="generator"/>
  <node id="3529" lat="52.0297619678" lon="-1.3355937448" version="1" timestamp="2026-09-01T12:00:00Z" changeset="1" uid="1" user="generator"/>
  <node id="3530" lat="52.0295549676" lon="-1.3330905235" version="1" timestamp="2026-09-01T12:00:00Z" changeset="1" uid="1" user="generator"/>
  <node id="3531" lat="52.0304369684" lon="-1.3321829227" version="1" timestamp="2026-09-01T12:00:00Z" changeset="1" uid="1" user="generator"/>
  <node id="3532" lat="52.0300589681" lon="-1.3296943401" version="1" timestamp="2026-09-01T12:00:00Z" changeset="1" uid="1" user="generator"/>
  <node id="3533" lat="52.0294109674" lon="-1.3292844559" version="1" timestamp="2026-09-01T12:00:00Z" changeset="1" uid="1" user="generator"/>
  <node id="3534" lat="52.0298789679" lon="-1.3273814221" version="1" timestamp="2026-09-01T12:00:00Z" changeset="1" uid="1" user="generator"/>
  <node id="3535" lat="52.0315619696" lon="-1.3269861766" version="1" timestamp="2026-09-01T12:00:00Z" changeset="1" uid="1" user="generator"/>
  <node id="3536" lat="52.0318139698" lon="-1.3263713503" version="1" timestamp="2026-09-01T12:00:00Z" changeset="1" uid="1" user="generator"/>
  <node id="3537" lat="52.0321559702" lon="-1.3268983443" version="1" timestamp="2026-09-01T12:00:00Z" changeset="1" uid="1" user="generator"/>
  <node id="3538" lat="52.0331099711" lon="-1.3267519571" version="1" timestamp="2026-09-01T12:00:00Z" changeset="1" uid="1" user="generator"/>
  <node id="3539" lat="52.0988640369" lon="-1.3446258360" version="1" timestamp="2026-09-01T12:00:00Z" changeset="1" uid="1" user="generator"/>
  <node id="3540" lat="52.0988640369" lon="-1.3254051947" version="1" timestamp="2026-09-01T12:00:00Z" changeset="1" uid="1" user="generator"/>
  <node id="3541" lat="52.0966860347" lon="-1.3253759173" version="1" timestamp="2026-09-01T12:00:00Z" changeset="1" uid="1" user="generator"/>
  <node id="3542" lat="52.0962450342" lon="-1.3282304679" version="1" timestamp="2026-09-01T12:00:00Z" changeset="1" uid="1" user="generator"/>
  <node id="3543" lat="52.0952910333" lon="-1.3301920566" version="1" timestamp="2026-09-01T12:00:00Z" changeset="1" uid="1" user="generator"/>
  <node id="3544" lat="52.0964610345" lon="-1.3325635295" version="1" timestamp="2026-09-01T12:00:00Z" changeset="1" uid="1" user="generator"/>
  <node id="3545" lat="52.0964070344" lon="-1.3340566791" version="1" timestamp="2026-09-01T12:00:00Z" changeset="1" uid="1" user="generator"/>
  <node id="3546" lat="52.0961640342" lon="-1.3344519246" version="1" timestamp="2026-09-01T12:00:00Z" changeset="1" uid="1" user="generator"/>
  <node id="3547" lat="52.0939320319" lon="-1.3343055374" version="1" timestamp="2026-09-01T12:00:00Z" changeset="1" uid="1" user="generator"/>
  <node id="3548" lat="52.0924830305" lon="-1.3390338444" version="1" timestamp="2026-09-01T12:00:00Z" changeset="1" uid="1" user="generator"/>
  <node id="3549" lat="52.0924470304" lon="-1.3404684391" version="1" timestamp="2026-09-01T12:00:00Z" changeset="1" uid="1" user="generator"/>
  <node id="3550" lat="52.0934460314" lon="-1.3430009379" version="1" timestamp="2026-09-01T12:00:00Z" changeset="1" uid="1" user="generator"/>
  <node id="3551" lat="52.0958040338" lon="-1.3410393492" version="1" timestamp="2026-09-01T12:00:00Z" changeset="1" uid="1" user="generator"/>
  <node id="3552" lat="52.0959840340" lon="-1.3417420079" version="1" timestamp="2026-09-01T12:00:00Z" changeset="1" uid="1" user="generator"/>
  <node id="3553" lat="52.0797030177" lon="-1.3655299302" version="1" timestamp="2026-09-01T12:00:00Z" changeset="1" uid="1" user="generator"/>
  <node id="3554" lat="52.0778760159" lon="-1.3645784133" version="1" timestamp="2026-09-01T12:00:00Z" changeset="1" uid="1" user="generator"/>
  <node id="3555" lat="52.0768860149" lon="-1.3671548283" version="1" timestamp="2026-09-01T12:00:00Z" changeset="1" uid="1" user="generator"/>
  <node id="3556" lat="52.0763280143" lon="-1.3670084411" version="1" timestamp="2026-09-01T12:00:00Z" changeset="1" uid="1" user="generator"/>
  <node id="3557" lat="52.0752660133" lon="-1.3682088163" version="1" timestamp="2026-09-01T12:00:00Z" changeset="1" uid="1" user="generator"/>
  <node id="3558" lat="52.0731150111" lon="-1.3689261136" version="1" timestamp="2026-09-01T12:00:00Z" changeset="1" uid="1" user="generator"/>
  <node id="3559" lat="52.0733670114" lon="-1.3715318060" version="1" timestamp="2026-09-01T12:00:00Z" changeset="1" uid="1" user="generator"/>
  <node id="3560" lat="52.0746360126" lon="-1.3723369357" version="1" timestamp="2026-09-01T12:00:00Z" changeset="1" uid="1" user="generator"/>
  <node id="3561" lat="52.0758870139" lon="-1.3748108796" version="1" timestamp="2026-09-01T12:00:00Z" changeset="1" uid="1" user="generator"/>
  <node id="3562" lat="52.0756530137" lon="-1.3771237976" version="1" timestamp="2026-09-01T12:00:00Z" changeset="1" uid="1" user="generator"/>
  <node id="3563" lat="52.0761390141" lon="-1.3797880449" version="1" timestamp="2026-09-01T12:00:00Z" changeset="1" uid="1" user="generator"/>
  <node id="3564" lat="52.0771200151" lon="-1.3822912663" version="1" timestamp="2026-09-01T12:00:00Z" changeset="1" uid="1" user="generator"/>
  <node id="3565" lat="52.0783440163" lon="-1.3816178851" version="1" timestamp="2026-09-01T12:00:00Z" changeset="1" uid="1" user="generator"/>
  <node id="3566" lat="52.0792890173" lon="-1.3794074382" version="1" timestamp="2026-09-01T12:00:00Z" changeset="1" uid="1" user="generator"/>
  <node id="3567" lat="52.0794510175" lon="-1.3780899533" version="1" timestamp="2026-09-01T12:00:00Z" changeset="1" uid="1" user="generator"/>
  <node id="3568" lat="52.0783530164" lon="-1.3760698097" version="1" timestamp="2026-09-01T12:00:00Z" changeset="1" uid="1" user="generator"/>
  <node id="3569" lat="52.0780470160" lon="-1.3723222970" version="1" timestamp="2026-09-01T12:00:00Z" changeset="1" uid="1" user="generator"/>
  <node id="3570" lat="52.0783890164" lon="-1.3689846685" version="1" timestamp="2026-09-01T12:00:00Z" changeset="1" uid="1" user="generator"/>
  <node id="3571" lat="52.0322009702" lon="-1.3999602031" version="1" timestamp="2026-09-01T12:00:00Z" changeset="1" uid="1" user="generator"/>
  <node id="3572" lat="52.0314359694" lon="-1.3959931096" version="1" timestamp="2026-09-01T12:00:00Z" changeset="1" uid="1" user="generator"/>
  <node id="3573" lat="52.0297079677" lon="-1.3972520396" version="1" timestamp="2026-09-01T12:00:00Z" changeset="1" uid="1" user="generator"/>
  <node id="3574" lat="52.0279619660" lon="-1.3960809419" version="1" timestamp="2026-09-01T12:00:00Z" changeset="1" uid="1" user="generator"/>
  <node id="3575" lat="52.0271519652" lon="-1.3937094691" version="1" timestamp="2026-09-01T12:00:00Z" changeset="1" uid="1" user="generator"/>
  <node id="3576" lat="52.0259189639" lon="-1.3933435010" version="1" timestamp="2026-09-01T12:00:00Z" changeset="1" uid="1" user="generator"/>
  <node id="3577" lat="52.0265039645" lon="-1.3901668985" version="1" timestamp="2026-09-01T12:00:00Z" changeset="1" uid="1" user="generator"/>
  <node id="3578" lat="52.0273049653" lon="-1.3906499763" version="1" timestamp="2026-09-01T12:00:00Z" changeset="1" uid="1" user="generator"/>
  <node id="3579" lat="52.0276559657" lon="-1.3926262037" version="1" timestamp="2026-09-01T12:00:00Z" changeset="1" uid="1" user="generator"/>
  <node id="3580" lat="52.0284209664" lon="-1.3924359003" version="1" timestamp="2026-09-01T12:00:00Z" changeset="1" uid="1" user="generator"/>
  <node id="3581" lat="52.0289969670" lon="-1.3908256409" version="1" timestamp="2026-09-01T12:00:00Z" changeset="1" uid="1" user="generator"/>
  <node id="3582" lat="52.0284929665" lon="-1.3894203237" version="1" timestamp="2026-09-01T12:00:00Z" changeset="1" uid="1" user="generator"/>
  <node id="3583" lat="52.0283849664" lon="-1.3871366831" version="1" timestamp="2026-09-01T12:00:00Z" changeset="1" uid="1" user="generator"/>
  <node id="3584" lat="52.0251539632" lon="-1.3875904835" version="1" timestamp="2026-09-01T12:00:00Z" changeset="1" uid="1" user="generator"/>
  <node id="3585" lat="52.0251449631" lon="-1.3999602031" version="1" timestamp="2026-09-01T12:00:00Z" changeset="1" uid="1" user="generator"/>
  <node id="3586" lat="52.0769130149" lon="-1.3376578046" version="1" timestamp="2026-09-01T12:00:00Z" changeset="1" uid="1" user="generator"/>
  <node id="3587" lat="52.0761480141" lon="-1.3358865193" version="1" timestamp="2026-09-01T12:00:00Z" changeset="1" uid="1" user="generator"/>
  <node id="3588" lat="52.0745820126" lon="-1.3364720681" version="1" timestamp="2026-09-01T12:00:00Z" changeset="1" uid="1" user="generator"/>
  <node id="3589" lat="52.0731420111" lon="-1.3347446990" version="1" timestamp="2026-09-01T12:00:00Z" changeset="1" uid="1" user="generator"/>
  <node id="3590" lat="52.0718460098" lon="-1.3346861441" version="1" timestamp="2026-09-01T12:00:00Z" changeset="1" uid="1" user="generator"/>
  <node id="3591" lat="52.0705680086" lon="-1.3373211140" version="1" timestamp="2026-09-01T12:00:00Z" changeset="1" uid="1" user="generator"/>
  <node id="3592" lat="52.0668870049" lon="-1.3390338444" version="1" timestamp="2026-09-01T12:00:00Z" changeset="1" uid="1" user="generator"/>
  <node id="3593" lat="52.0688580069" lon="-1.3398975289" version="1" timestamp="2026-09-01T12:00:00Z" changeset="1" uid="1" user="generator"/>
  <node id="3594" lat="52.0717560098" lon="-1.3396340320" version="1" timestamp="2026-09-01T12:00:00Z" changeset="1" uid="1" user="generator"/>
  <node id="3595" lat="52.0742760123" lon="-1.3428545507" version="1" timestamp="2026-09-01T12:00:00Z" changeset="1" uid="1" user="generator"/>
  <node id="3596" lat="52.0754010134" lon="-1.3391216767" version="1" timestamp="2026-09-01T12:00:00Z" changeset="1" uid="1" user="generator"/>
  <node id="3597" lat="52.0765980146" lon="-1.3384629342" version="1" timestamp="2026-09-01T12:00:00Z" changeset="1" uid="1" user="generator"/>
  <node id="3598" lat="52.0649790030" lon="-1.3197692869" version="1" timestamp="2026-09-01T12:00:00Z" changeset="1" uid="1" user="generator"/>
  <node id="3599" lat="52.0637010017" lon="-1.3173392592" version="1" timestamp="2026-09-01T12:00:00Z" changeset="1" uid="1" user="generator"/>
  <node id="3600" lat="52.0633410013" lon="-1.3154069479" version="1" timestamp="2026-09-01T12:00:00Z" changeset="1" uid="1" user="generator"/>
  <node id="3601" lat="52.0628280008" lon="-1.3149824250" version="1" timestamp="2026-09-01T12:00:00Z" changeset="1" uid="1" user="generator"/>
  <node id="3602" lat="52.0617299997" lon="-1.3162120776" version="1" timestamp="2026-09-01T12:00:00Z" changeset="1" uid="1" user="generator"/>
  <node id="3603" lat="52.0598399978" lon="-1.3156265288" version="1" timestamp="2026-09-01T12:00:00Z" changeset="1" uid="1" user="generator"/>
  <node id="3604" lat="52.0592099972" lon="-1.3172660656" version="1" timestamp="2026-09-01T12:00:00Z" changeset="1" uid="1" user="generator"/>
  <node id="3605" lat="52.0583639964" lon="-1.3177052272" version="1" timestamp="2026-09-01T12:00:00Z" changeset="1" uid="1" user="generator"/>
  <node id="3606" lat="52.0576619957" lon="-1.3189934347" version="1" timestamp="2026-09-01T12:00:00Z" changeset="1" uid="1" user="generator"/>
  <node id="3607" lat="52.0567619948" lon="-1.3191690994" version="1" timestamp="2026-09-01T12:00:00Z" changeset="1" uid="1" user="generator"/>
  <node id="3608" lat="52.0564469944" lon="-1.3201791711" version="1" timestamp="2026-09-01T12:00:00Z" changeset="1" uid="1" user="generator"/>
  <node id="3609" lat="52.0568699949" lon="-1.3203987520" version="1" timestamp="2026-09-01T12:00:00Z" changeset="1" uid="1" user="generator"/>
  <node id="3610" lat="52.0597679978" lon="-1.3183786084" version="1" timestamp="2026-09-01T12:00:00Z" changeset="1" uid="1" user="generator"/>
  <node id="3611" lat="52.0611719992" lon="-1.3189641573" version="1" timestamp="2026-09-01T12:00:00Z" changeset="1" uid="1" user="generator"/>
  <node id="3612" lat="52.0626840007" lon="-1.3207208038" version="1" timestamp="2026-09-01T12:00:00Z" changeset="1" uid="1" user="generator"/>
  <node id="3613" lat="52.0636380016" lon="-1.3202816422" version="1" timestamp="2026-09-01T12:00:00Z" changeset="1" uid="1" user="generator"/>
  <node id="3614" lat="52.0645380025" lon="-1.3206329715" version="1" timestamp="2026-09-01T12:00:00Z" changeset="1" uid="1" user="generator"/>
  <node id="3615" lat="52.0816470196" lon="-1.3569516395" version="1" timestamp="2026-09-01T12:00:00Z" changeset="1" uid="1" user="generator"/>
  <node id="3616" lat="52.0805400185" lon="-1.3541263662" version="1" timestamp="2026-09-01T12:00:00Z" changeset="1" uid="1" user="generator"/>
  <node id="3617" lat="52.0787040167" lon="-1.3546240827" version="1" timestamp="2026-09-01T12:00:00Z" changeset="1" uid="1" user="generator"/>
  <node id="3618" lat="52.0774800155" lon="-1.3536286497" version="1" timestamp="2026-09-01T12:00:00Z" changeset="1" uid="1" user="generator"/>
  <node id="3619" lat="52.0761030141" lon="-1.3503934922" version="1" timestamp="2026-09-01T12:00:00Z" changeset="1" uid="1" user="generator"/>
  <node id="3620" lat="52.0761390141" lon="-1.3492223945" version="1" timestamp="2026-09-01T12:00:00Z" changeset="1" uid="1" user="generator"/>
  <node id="3621" lat="52.0750050130" lon="-1.3469387540" version="1" timestamp="2026-09-01T12:00:00Z" changeset="1" uid="1" user="generator"/>
  <node id="3622" lat="52.0746090126" lon="-1.3505106020" version="1" timestamp="2026-09-01T12:00:00Z" changeset="1" uid="1" user="generator"/>
  <node id="3623" lat="52.0761120141" lon="-1.3538921467" version="1" timestamp="2026-09-01T12:00:00Z" changeset="1" uid="1" user="generator"/>
  <node id="3624" lat="52.0772460152" lon="-1.3551803542" version="1" timestamp="2026-09-01T12:00:00Z" changeset="1" uid="1" user="generator"/>
  <node id="3625" lat="52.0800900181" lon="-1.3562050647" version="1" timestamp="2026-09-01T12:00:00Z" changeset="1" uid="1" user="generator"/>
  <node id="3626" lat="52.0812780193" lon="-1.3577567691" version="1" timestamp="2026-09-01T12:00:00Z" changeset="1" uid="1" user="generator"/>
  <node id="3627" lat="52.0428029808" lon="-1.3162852712" version="1" timestamp="2026-09-01T12:00:00Z" changeset="1" uid="1" user="generator"/>
  <node id="3628" lat="52.0425239805" lon="-1.3155386964" version="1" timestamp="2026-09-01T12:00:00Z" changeset="1" uid="1" user="generator"/>
  <node id="3629" lat="52.0414259794" lon="-1.3148945927" version="1" timestamp="2026-09-01T12:00:00Z" changeset="1" uid="1" user="generator"/>
  <node id="3630" lat="52.0398959779" lon="-1.3174417302" version="1" timestamp="2026-09-01T12:00:00Z" changeset="1" uid="1" user="generator"/>
  <node id="3631" lat="52.0383119763" lon="-1.3164462972" version="1" timestamp="2026-09-01T12:00:00Z" changeset="1" uid="1" user="generator"/>
  <node id="3632" lat="52.0374929755" lon="-1.3171928720" version="1" timestamp="2026-09-01T12:00:00Z" changeset="1" uid="1" user="generator"/>
  <node id="3633" lat="52.0372949753" lon="-1.3181590276" version="1" timestamp="2026-09-01T12:00:00Z" changeset="1" uid="1" user="generator"/>
  <node id="3634" lat="52.0387979768" lon="-1.3202230873" version="1" timestamp="2026-09-01T12:00:00Z" changeset="1" uid="1" user="generator"/>
  <node id="3635" lat="52.0396439776" lon="-1.3201645324" version="1" timestamp="2026-09-01T12:00:00Z" changeset="1" uid="1" user="generator"/>
  <node id="3636" lat="52.0414259794" lon="-1.3192276542" version="1" timestamp="2026-09-01T12:00:00Z" changeset="1" uid="1" user="generator"/>
  <node id="3637" lat="52.0499129879" lon="-1.2968450491" version="1" timestamp="2026-09-01T12:00:00Z" changeset="1" uid="1" user="generator"/>
  <node id="3638" lat="52.0490039870" lon="-1.2956593127" version="1" timestamp="2026-09-01T12:00:00Z" changeset="1" uid="1" user="generator"/>
  <node id="3639" lat="52.0479599860" lon="-1.2954543706" version="1" timestamp="2026-09-01T12:00:00Z" changeset="1" uid="1" user="generator"/>
  <node id="3640" lat="52.0470059850" lon="-1.2961570292" version="1" timestamp="2026-09-01T12:00:00Z" changeset="1" uid="1" user="generator"/>
  <node id="3641" lat="52.0451249831" lon="-1.2919557162" version="1" timestamp="2026-09-01T12:00:00Z" changeset="1" uid="1" user="generator"/>
  <node id="3642" lat="52.0449449829" lon="-1.2956153965" version="1" timestamp="2026-09-01T12:00:00Z" changeset="1" uid="1" user="generator"/>
  <node id="3643" lat="52.0445309825" lon="-1.2971963784" version="1" timestamp="2026-09-01T12:00:00Z" changeset="1" uid="1" user="generator"/>
  <node id="3644" lat="52.0458359838" lon="-1.2991140509" version="1" timestamp="2026-09-01T12:00:00Z" changeset="1" uid="1" user="generator"/>
  <node id="3645" lat="52.0476899857" lon="-1.2978551209" version="1" timestamp="2026-09-01T12:00:00Z" changeset="1" uid="1" user="generator"/>
  <node id="3646" lat="52.0495979876" lon="-1.2976501788" version="1" timestamp="2026-09-01T12:00:00Z" changeset="1" uid="1" user="generator"/>
  <node id="3647" lat="52.0414169794" lon="-1.2961716679" version="1" timestamp="2026-09-01T12:00:00Z" changeset="1" uid="1" user="generator"/>
  <node id="3648" lat="52.0411289791" lon="-1.2945614086" version="1" timestamp="2026-09-01T12:00:00Z" changeset="1" uid="1" user="generator"/>
  <node id="3649" lat="52.0398419778" lon="-1.2940197759" version="1" timestamp="2026-09-01T12:00:00Z" changeset="1" uid="1" user="generator"/>
  <node id="3650" lat="52.0394549775" lon="-1.2920728259" version="1" timestamp="2026-09-01T12:00:00Z" changeset="1" uid="1" user="generator"/>
  <node id="3651" lat="52.0382939763" lon="-1.2909163669" version="1" timestamp="2026-09-01T12:00:00Z" changeset="1" uid="1" user="generator"/>
  <node id="3652" lat="52.0372139752" lon="-1.2912091414" version="1" timestamp="2026-09-01T12:00:00Z" changeset="1" uid="1" user="generator"/>
  <node id="3653" lat="52.0361429741" lon="-1.2925119876" version="1" timestamp="2026-09-01T12:00:00Z" changeset="1" uid="1" user="generator"/>
  <node id="3654" lat="52.0362059742" lon="-1.2934342270" version="1" timestamp="2026-09-01T12:00:00Z" changeset="1" uid="1" user="generator"/>
  <node id="3655" lat="52.0387979768" lon="-1.2951323187" version="1" timestamp="2026-09-01T12:00:00Z" changeset="1" uid="1" user="generator"/>
  <node id="3656" lat="52.0403459783" lon="-1.2970939074" version="1" timestamp="2026-09-01T12:00:00Z" changeset="1" uid="1" user="generator"/>
  <node id="3657" lat="52.0411019791" lon="-1.2969767976" version="1" timestamp="2026-09-01T12:00:00Z" changeset="1" uid="1" user="generator"/>
  <node id="3658" lat="52.0473929854" lon="-1.3195350674" version="1" timestamp="2026-09-01T12:00:00Z" changeset="1" uid="1" user="generator"/>
  <node id="3659" lat="52.0461599842" lon="-1.3165926844" version="1" timestamp="2026-09-01T12:00:00Z" changeset="1" uid="1" user="generator"/>
  <node id="3660" lat="52.0456019836" lon="-1.3166219618" version="1" timestamp="2026-09-01T12:00:00Z" changeset="1" uid="1" user="generator"/>
  <node id="3661" lat="52.0448909829" lon="-1.3178662531" version="1" timestamp="2026-09-01T12:00:00Z" changeset="1" uid="1" user="generator"/>
  <node id="3662" lat="52.0449629830" lon="-1.3186860215" version="1" timestamp="2026-09-01T12:00:00Z" changeset="1" uid="1" user="generator"/>
  <node id="3663" lat="52.0457729838" lon="-1.3197985644" version="1" timestamp="2026-09-01T12:00:00Z" changeset="1" uid="1" user="generator"/>
  <node id="3664" lat="52.0457009837" lon="-1.3214673786" version="1" timestamp="2026-09-01T12:00:00Z" changeset="1" uid="1" user="generator"/>
  <node id="3665" lat="52.0462319842" lon="-1.3224481730" version="1" timestamp="2026-09-01T12:00:00Z" changeset="1" uid="1" user="generator"/>
  <node id="3666" lat="52.0470869851" lon="-1.3220236500" version="1" timestamp="2026-09-01T12:00:00Z" changeset="1" uid="1" user="generator"/>
  <node id="3667" lat="52.0339469719" lon="-1.2927754846" version="1" timestamp="2026-09-01T12:00:00Z" changeset="1" uid="1" user="generator"/>
  <node id="3668" lat="52.0331459711" lon="-1.2875201835" version="1" timestamp="2026-09-01T12:00:00Z" changeset="1" uid="1" user="generator"/>
  <node id="3669" lat="52.0319849700" lon="-1.2895549658" version="1" timestamp="2026-09-01T12:00:00Z" changeset="1" uid="1" user="generator"/>
  <node id="3670" lat="52.0326869707" lon="-1.2907846184" version="1" timestamp="2026-09-01T12:00:00Z" changeset="1" uid="1" user="generator"/>
  <node id="3671" lat="52.0322549703" lon="-1.2930682590" version="1" timestamp="2026-09-01T12:00:00Z" changeset="1" uid="1" user="generator"/>
  <node id="3672" lat="52.0329119709" lon="-1.2938441112" version="1" timestamp="2026-09-01T12:00:00Z" changeset="1" uid="1" user="generator"/>
  <node id="3673" lat="52.0337039717" lon="-1.2935220593" version="1" timestamp="2026-09-01T12:00:00Z" changeset="1" uid="1" user="generator"/>
  <node id="3674" lat="52.0940850321" lon="-1.3994917640" version="1" timestamp="2026-09-01T12:00:00Z" changeset="1" uid="1" user="generator"/>
  <node id="3675" lat="52.0928700309" lon="-1.3979839757" version="1" timestamp="2026-09-01T12:00:00Z" changeset="1" uid="1" user="generator"/>
  <node id="3676" lat="52.0921680302" lon="-1.3991843509" version="1" timestamp="2026-09-01T12:00:00Z" changeset="1" uid="1" user="generator"/>
  <node id="3677" lat="52.0884600265" lon="-1.3987451892" version="1" timestamp="2026-09-01T12:00:00Z" changeset="1" uid="1" user="generator"/>
  <node id="3678" lat="52.0882170262" lon="-1.3999602031" version="1" timestamp="2026-09-01T12:00:00Z" changeset="1" uid="1" user="generator"/>
  <node id="3679" lat="52.0940670321" lon="-1.3999602031" version="1" timestamp="2026-09-01T12:00:00Z" changeset="1" uid="1" user="generator"/>
  <node id="3680" lat="52.0299149679" lon="-1.2865101118" version="1" timestamp="2026-09-01T12:00:00Z" changeset="1" uid="1" user="generator"/>
  <node id="3681" lat="52.0298069678" lon="-1.2844606908" version="1" timestamp="2026-09-01T12:00:00Z" changeset="1" uid="1" user="generator"/>
  <node id="3682" lat="52.0294019674" lon="-1.2838312257" version="1" timestamp="2026-09-01T12:00:00Z" changeset="1" uid="1" user="generator"/>
  <node id="3683" lat="52.0285199665" lon="-1.2837433934" version="1" timestamp="2026-09-01T12:00:00Z" changeset="1" uid="1" user="generator"/>
  <node id="3684" lat="52.0275209655" lon="-1.2853975689" version="1" timestamp="2026-09-01T12:00:00Z" changeset="1" uid="1" user="generator"/>
  <node id="3685" lat="52.0277099657" lon="-1.2862319761" version="1" timestamp="2026-09-01T12:00:00Z" changeset="1" uid="1" user="generator"/>
  <node id="3686" lat="52.0288799669" lon="-1.2872859640" version="1" timestamp="2026-09-01T12:00:00Z" changeset="1" uid="1" user="generator"/>
  <node id="3687" lat="52.0295999676" lon="-1.2873152414" version="1" timestamp="2026-09-01T12:00:00Z" changeset="1" uid="1" user="generator"/>
  <node id="3688" lat="52.0739250119" lon="-1.3439524548" version="1" timestamp="2026-09-01T12:00:00Z" changeset="1" uid="1" user="generator"/>
  <node id="3689" lat="52.0715580096" lon="-1.3407465748" version="1" timestamp="2026-09-01T12:00:00Z" changeset="1" uid="1" user="generator"/>
  <node id="3690" lat="52.0685430065" lon="-1.3410247105" version="1" timestamp="2026-09-01T12:00:00Z" changeset="1" uid="1" user="generator"/>
  <node id="3691" lat="52.0688580069" lon="-1.3415077883" version="1" timestamp="2026-09-01T12:00:00Z" changeset="1" uid="1" user="generator"/>
  <node id="3692" lat="52.0705140085" lon="-1.3415077883" version="1" timestamp="2026-09-01T12:00:00Z" changeset="1" uid="1" user="generator"/>
  <node id="3693" lat="52.0722780103" lon="-1.3439963710" version="1" timestamp="2026-09-01T12:00:00Z" changeset="1" uid="1" user="generator"/>
  <node id="3694" lat="52.0631250011" lon="-1.3245122327" version="1" timestamp="2026-09-01T12:00:00Z" changeset="1" uid="1" user="generator"/>
  <node id="3695" lat="52.0628460008" lon="-1.3237071030" version="1" timestamp="2026-09-01T12:00:00Z" changeset="1" uid="1" user="generator"/>
  <node id="3696" lat="52.0622790003" lon="-1.3253027236" version="1" timestamp="2026-09-01T12:00:00Z" changeset="1" uid="1" user="generator"/>
  <node id="3697" lat="52.0624050004" lon="-1.3262396018" version="1" timestamp="2026-09-01T12:00:00Z" changeset="1" uid="1" user="generator"/>
  <node id="3698" lat="52.0611269991" lon="-1.3274399770" version="1" timestamp="2026-09-01T12:00:00Z" changeset="1" uid="1" user="generator"/>
  <node id="3699" lat="52.0624500004" lon="-1.3303238051" version="1" timestamp="2026-09-01T12:00:00Z" changeset="1" uid="1" user="generator"/>
  <node id="3700" lat="52.0630530011" lon="-1.3298407273" version="1" timestamp="2026-09-01T12:00:00Z" changeset="1" uid="1" user="generator"/>
  <node id="3701" lat="52.0628550009" lon="-1.3272643123" version="1" timestamp="2026-09-01T12:00:00Z" changeset="1" uid="1" user="generator"/>
  <node id="3702" lat="52.0548449928" lon="-1.3022320986" version="1" timestamp="2026-09-01T12:00:00Z" changeset="1" uid="1" user="generator"/>
  <node id="3703" lat="52.0534679915" lon="-1.2997581547" version="1" timestamp="2026-09-01T12:00:00Z" changeset="1" uid="1" user="generator"/>
  <node id="3704" lat="52.0525589906" lon="-1.2998313483" version="1" timestamp="2026-09-01T12:00:00Z" changeset="1" uid="1" user="generator"/>
  <node id="3705" lat="52.0526849907" lon="-1.3023784858" version="1" timestamp="2026-09-01T12:00:00Z" changeset="1" uid="1" user="generator"/>
  <node id="3706" lat="52.0533239913" lon="-1.3037398869" version="1" timestamp="2026-09-01T12:00:00Z" changeset="1" uid="1" user="generator"/>
  <node id="3707" lat="52.0541699922" lon="-1.3035642223" version="1" timestamp="2026-09-01T12:00:00Z" changeset="1" uid="1" user="generator"/>
  <node id="3708" lat="52.0827270207" lon="-1.3623094115" version="1" timestamp="2026-09-01T12:00:00Z" changeset="1" uid="1" user="generator"/>
  <node id="3709" lat="52.0821330201" lon="-1.3611090364" version="1" timestamp="2026-09-01T12:00:00Z" changeset="1" uid="1" user="generator"/>
  <node id="3710" lat="52.0816290196" lon="-1.3635390641" version="1" timestamp="2026-09-01T12:00:00Z" changeset="1" uid="1" user="generator"/>
  <node id="3711" lat="52.0799730180" lon="-1.3667888603" version="1" timestamp="2026-09-01T12:00:00Z" changeset="1" uid="1" user="generator"/>
  <node id="3712" lat="52.0801440181" lon="-1.3676525448" version="1" timestamp="2026-09-01T12:00:00Z" changeset="1" uid="1" user="generator"/>
  <node id="3713" lat="52.0809090189" lon="-1.3674622415" version="1" timestamp="2026-09-01T12:00:00Z" changeset="1" uid="1" user="generator"/>
  <node id="3714" lat="52.0809810190" lon="-1.3663496986" version="1" timestamp="2026-09-01T12:00:00Z" changeset="1" uid="1" user="generator"/>
  <node id="3715" lat="52.0818450198" lon="-1.3652078784" version="1" timestamp="2026-09-01T12:00:00Z" changeset="1" uid="1" user="generator"/>
  <node id="3716" lat="52.0708830089" lon="-1.3476999675" version="1" timestamp="2026-09-01T12:00:00Z" changeset="1" uid="1" user="generator"/>
  <node id="3717" lat="52.0699920080" lon="-1.3457530175" version="1" timestamp="2026-09-01T12:00:00Z" changeset="1" uid="1" user="generator"/>
  <node id="3718" lat="52.0690110070" lon="-1.3464995923" version="1" timestamp="2026-09-01T12:00:00Z" changeset="1" uid="1" user="generator"/>
  <node id="3719" lat="52.0700100080" lon="-1.3500275242" version="1" timestamp="2026-09-01T12:00:00Z" changeset="1" uid="1" user="generator"/>
  <node id="3720" lat="52.0706850087" lon="-1.3495737238" version="1" timestamp="2026-09-01T12:00:00Z" changeset="1" uid="1" user="generator"/>
  <node id="3721" lat="52.0621555562" lon="-1.3423143819" version="1" timestamp="2026-09-01T12:00:00Z" changeset="1" uid="1" user="generator"/>
  <node id="3722" lat="52.0628132228" lon="-1.3431081226" version="1" timestamp="2026-09-01T12:00:00Z" changeset="1" uid="1" user="generator"/>
  <node id="3723" lat="52.0600499590" lon="-1.3439148918" version="1" timestamp="2026-09-01T12:00:00Z" changeset="1" uid="1" user="generator"/>
  <node id="3724" lat="52.0598611659" lon="-1.3489120683" version="1" timestamp="2026-09-01T12:00:00Z" changeset="1" uid="1" user="generator"/>
  <node id="3725" lat="52.0585716446" lon="-1.3428677987" version="1" timestamp="2026-09-01T12:00:00Z" changeset="1" uid="1" user="generator"/>
  <node id="3726" lat="52.0631546832" lon="-1.3406031007" version="1" timestamp="2026-09-01T12:00:00Z" changeset="1" uid="1" user="generator"/>
  <way id="1" version="1" timestamp="2026-09-01T12:00:00Z" changeset="1" uid="1" user="generator">
    <nd ref="1"/>
    <nd ref="2"/>
    <nd ref="3"/>
    <nd ref="4"/>
    <nd ref="5"/>
    <nd ref="6"/>
    <nd ref="7"/>
    <nd ref="8"/>
    <nd ref="9"/>
    <nd ref="10"/>
    <nd ref="11"/>
    <nd ref="12"/>
    <nd ref="13"/>
    <nd ref="14"/>
    <nd ref="15"/>
    <nd ref="16"/>
    <nd ref="17"/>
    <nd ref="18"/>
    <nd ref="19"/>
    <nd ref="20"/>
    <nd ref="21"/>
    <nd ref="22"/>
    <nd ref="23"/>
    <nd ref="24"/>
    <nd ref="25"/>
    <nd ref="26"/>
    <nd ref="27"/>
    <nd ref="28"/>
    <nd ref="29"/>
    <nd ref="30"/>
    <nd ref="31"/>
    <nd ref="32"/>
    <nd ref="33"/>
    <nd ref="34"/>
    <nd ref="35"/>
    <nd ref="36"/>
    <nd ref="37"/>
    <nd ref="38"/>
    <nd ref="39"/>
    <nd ref="40"/>
    <nd ref="41"/>
    <nd ref="42"/>
    <nd ref="43"/>
    <nd ref="44"/>
    <nd ref="45"/>
    <nd ref="46"/>
    <nd ref="47"/>
    <nd ref="48"/>
    <nd ref="49"/>
    <nd ref="50"/>
    <nd ref="51"/>
    <nd ref="52"/>
    <nd ref="53"/>
    <nd ref="1"/>
    <tag k="natural" v="water"/>
    <tag k="water" v="lake"/>
    <tag k="name" v="Lake"/>
  </way>
  <way id="2" version="1" timestamp="2026-09-01T12:00:00Z" changeset="1" uid="1" user="generator">
    <nd ref="54"/>
    <nd ref="55"/>
    <nd ref="56"/>
    <nd ref="57"/>
    <nd ref="58"/>
    <nd ref="59"/>
    <nd ref="60"/>
    <nd ref="61"/>
    <nd ref="62"/>
    <nd ref="63"/>
    <nd ref="64"/>
    <nd ref="65"/>
    <nd ref="66"/>
    <nd ref="67"/>
    <nd ref="68"/>
    <nd ref="69"/>
    <nd ref="70"/>
    <nd ref="71"/>
    <nd ref="72"/>
    <nd ref="73"/>
    <nd ref="74"/>
    <nd ref="75"/>
    <nd ref="76"/>
    <nd ref="77"/>
    <nd ref="78"/>
    <nd ref="79"/>
    <nd ref="80"/>
    <nd ref="81"/>
    <nd ref="82"/>
    <nd ref="83"/>
    <nd ref="84"/>
    <nd ref="85"/>
    <nd ref="86"/>
    <nd ref="87"/>
    <nd ref="88"/>
    <nd ref="89"/>
    <nd ref="90"/>
    <nd ref="91"/>
    <nd ref="92"/>
    <nd ref="93"/>
    <nd ref="94"/>
    <nd ref="95"/>
    <nd ref="96"/>
    <nd ref="97"/>
    <nd ref="98"/>
    <nd ref="99"/>
    <nd ref="100"/>
    <nd ref="101"/>
    <nd ref="102"/>
    <nd ref="103"/>
    <nd ref="104"/>
    <nd ref="105"/>
    <nd ref="106"/>
    <nd ref="107"/>
    <nd ref="108"/>
    <nd ref="109"/>
    <nd ref="110"/>
    <nd ref="111"/>
    <nd ref="112"/>
    <nd ref="113"/>
    <nd ref="114"/>
    <nd ref="115"/>
    <nd ref="116"/>
    <nd ref="117"/>
    <nd ref="118"/>
    <nd ref="119"/>
    <nd ref="120"/>
    <nd ref="121"/>
    <nd ref="122"/>
    <nd ref="123"/>
    <nd ref="124"/>
    <nd ref="125"/>
    <nd ref="126"/>
    <nd ref="127"/>
    <nd ref="128"/>
    <nd ref="129"/>
    <nd ref="130"/>
    <nd ref="131"/>
    <nd ref="132"/>
    <nd ref="133"/>
    <nd ref="134"/>
    <nd ref="135"/>
    <nd ref="136"/>
    <nd ref="137"/>
    <nd ref="138"/>
    <nd ref="139"/>
    <nd ref="140"/>
    <nd ref="141"/>
    <nd ref="142"/>
    <nd ref="143"/>
    <nd ref="144"/>
    <nd ref="145"/>
    <nd ref="146"/>
    <nd ref="147"/>
    <nd ref="148"/>
    <nd ref="149"/>
    <nd ref="150"/>
    <nd ref="151"/>
    <nd ref="152"/>
    <nd ref="153"/>
    <nd ref="154"/>
    <nd ref="155"/>
    <nd ref="156"/>
    <nd ref="157"/>
    <nd ref="158"/>
    <nd ref="159"/>
    <nd ref="160"/>
    <nd ref="161"/>
    <nd ref="162"/>
    <nd ref="163"/>
    <nd ref="164"/>
    <nd ref="165"/>
    <nd ref="166"/>
    <nd ref="167"/>
    <nd ref="168"/>
    <nd ref="169"/>
    <nd ref="170"/>
    <nd ref="171"/>
    <nd ref="172"/>
    <nd ref="173"/>
    <nd ref="174"/>
    <nd ref="175"/>
    <nd ref="176"/>
    <nd ref="177"/>
    <nd ref="178"/>
    <nd ref="179"/>
    <nd ref="180"/>
    <nd ref="181"/>
    <nd ref="182"/>
    <nd ref="183"/>
    <nd ref="184"/>
    <nd ref="185"/>
    <nd ref="186"/>
    <nd ref="187"/>
    <nd ref="188"/>
    <nd ref="189"/>
    <nd ref="190"/>
    <nd ref="191"/>
    <nd ref="192"/>
    <nd ref="193"/>
    <nd ref="194"/>
    <nd ref="195"/>
    <nd ref="196"/>
    <nd ref="197"/>
    <nd ref="198"/>
    <nd ref="199"/>
    <nd ref="200"/>
    <nd ref="201"/>
    <nd ref="202"/>
    <nd ref="203"/>
    <nd ref="204"/>
    <nd ref="205"/>
    <nd ref="206"/>
    <nd ref="207"/>
    <nd ref="208"/>
    <nd ref="209"/>
    <nd ref="210"/>
    <nd ref="211"/>
    <nd ref="212"/>
    <nd ref="213"/>
    <nd ref="214"/>
    <nd ref="215"/>
    <nd ref="216"/>
    <nd ref="217"/>
    <nd ref="218"/>
    <nd ref="219"/>
    <nd ref="220"/>
    <nd ref="221"/>
    <nd ref="222"/>
    <nd ref="223"/>
    <nd ref="224"/>
    <nd ref="225"/>
    <nd ref="226"/>
    <nd ref="227"/>
    <nd ref="228"/>
    <nd ref="229"/>
    <nd ref="230"/>
    <nd ref="231"/>
    <nd ref="232"/>
    <nd ref="233"/>
    <nd ref="234"/>
    <nd ref="235"/>
    <nd ref="236"/>
    <nd ref="237"/>
    <nd ref="238"/>
    <nd ref="239"/>
    <nd ref="240"/>
    <nd ref="241"/>
    <nd ref="242"/>
    <nd ref="243"/>
    <nd ref="244"/>
    <nd ref="245"/>
    <nd ref="246"/>
    <nd ref="247"/>
    <nd ref="248"/>
    <nd ref="249"/>
    <nd ref="250"/>
    <nd ref="251"/>
    <nd ref="252"/>
    <nd ref="253"/>
    <nd ref="254"/>
    <nd ref="255"/>
    <nd ref="256"/>
    <nd ref="257"/>
    <nd ref="258"/>
    <nd ref="259"/>
    <nd ref="260"/>
    <nd ref="261"/>
    <nd ref="262"/>
    <nd ref="263"/>
    <nd ref="264"/>
    <nd ref="265"/>
    <nd ref="266"/>
    <nd ref="267"/>
    <nd ref="268"/>
    <nd ref="269"/>
    <nd ref="270"/>
    <nd ref="271"/>
    <nd ref="272"/>
    <nd ref="273"/>
    <nd ref="274"/>
    <nd ref="275"/>
    <nd ref="276"/>
    <nd ref="277"/>
    <nd ref="278"/>
    <nd ref="279"/>
    <nd ref="280"/>
    <nd ref="281"/>
    <nd ref="282"/>
    <nd ref="283"/>
    <nd ref="284"/>
    <nd ref="285"/>
    <nd ref="286"/>
    <nd ref="287"/>
    <nd ref="288"/>
    <nd ref="289"/>
    <nd ref="290"/>
    <nd ref="291"/>
    <nd ref="292"/>
    <nd ref="293"/>
    <nd ref="294"/>
    <nd ref="295"/>
    <nd ref="296"/>
    <nd ref="297"/>
    <nd ref="298"/>
    <nd ref="299"/>
    <nd ref="300"/>
    <nd ref="301"/>
    <nd ref="302"/>
    <nd ref="303"/>
    <nd ref="304"/>
    <nd ref="305"/>
    <nd ref="306"/>
    <nd ref="307"/>
    <nd ref="308"/>
    <nd ref="309"/>
    <nd ref="310"/>
    <nd ref="311"/>
    <nd ref="312"/>
    <nd ref="313"/>
    <nd ref="314"/>
    <nd ref="315"/>
    <nd ref="316"/>
    <nd ref="317"/>
    <nd ref="318"/>
    <nd ref="319"/>
    <nd ref="320"/>
    <nd ref="321"/>
    <nd ref="322"/>
    <nd ref="323"/>
    <nd ref="324"/>
    <nd ref="325"/>
    <nd ref="326"/>
    <nd ref="327"/>
    <nd ref="328"/>
    <nd ref="329"/>
    <nd ref="330"/>
    <nd ref="331"/>
    <nd ref="332"/>
    <nd ref="333"/>
    <nd ref="334"/>
    <nd ref="335"/>
    <nd ref="336"/>
    <nd ref="337"/>
    <nd ref="338"/>
    <nd ref="339"/>
    <nd ref="340"/>
    <nd ref="341"/>
    <nd ref="342"/>
    <nd ref="343"/>
    <nd ref="344"/>
    <nd ref="345"/>
    <nd ref="346"/>
    <nd ref="347"/>
    <nd ref="348"/>
    <nd ref="349"/>
    <nd ref="350"/>
    <nd ref="351"/>
    <nd ref="352"/>
    <nd ref="353"/>
    <nd ref="354"/>
    <nd ref="355"/>
    <nd ref="356"/>
    <nd ref="357"/>
    <nd ref="358"/>
    <nd ref="359"/>
    <nd ref="360"/>
    <nd ref="361"/>
    <nd ref="362"/>
    <nd ref="363"/>
    <nd ref="364"/>
    <nd ref="365"/>
    <nd ref="366"/>
    <nd ref="367"/>
    <nd ref="368"/>
    <nd ref="369"/>
    <nd ref="370"/>
    <nd ref="371"/>
    <nd ref="372"/>
    <nd ref="373"/>
    <nd ref="374"/>
    <nd ref="375"/>
    <nd ref="376"/>
    <nd ref="377"/>
    <nd ref="378"/>
    <nd ref="379"/>
    <nd ref="380"/>
    <nd ref="381"/>
    <nd ref="382"/>
    <nd ref="383"/>
    <nd ref="384"/>
    <nd ref="385"/>
    <nd ref="386"/>
    <nd ref="387"/>
    <nd ref="388"/>
    <nd ref="389"/>
    <nd ref="390"/>
    <nd ref="391"/>
    <nd ref="392"/>
    <nd ref="393"/>
    <nd ref="394"/>
    <nd ref="395"/>
    <nd ref="396"/>
    <nd ref="397"/>
    <nd ref="398"/>
    <nd ref="399"/>
    <nd ref="400"/>
    <nd ref="401"/>
    <nd ref="402"/>
    <nd ref="403"/>
    <nd ref="404"/>
    <nd ref="405"/>
    <nd ref="406"/>
    <nd ref="407"/>
    <nd ref="408"/>
    <nd ref="409"/>
    <nd ref="410"/>
    <nd ref="411"/>
    <nd ref="412"/>
    <nd ref="413"/>
    <nd ref="414"/>
    <nd ref="415"/>
    <nd ref="416"/>
    <nd ref="417"/>
    <nd ref="418"/>
    <nd ref="419"/>
    <nd ref="420"/>
    <nd ref="421"/>
    <nd ref="422"/>
    <nd ref="423"/>
    <nd ref="424"/>
    <nd ref="425"/>
    <nd ref="426"/>
    <nd ref="427"/>
    <nd ref="428"/>
    <nd ref="429"/>
    <nd ref="430"/>
    <nd ref="431"/>
    <nd ref="432"/>
    <nd ref="433"/>
    <nd ref="434"/>
    <nd ref="435"/>
    <nd ref="436"/>
    <nd ref="437"/>
    <nd ref="438"/>
    <nd ref="439"/>
    <nd ref="440"/>
    <nd ref="441"/>
    <nd ref="442"/>
    <nd ref="443"/>
    <nd ref="444"/>
    <nd ref="445"/>
    <nd ref="446"/>
    <nd ref="447"/>
    <nd ref="448"/>
    <nd ref="449"/>
    <nd ref="450"/>
    <nd ref="451"/>
    <nd ref="452"/>
    <nd ref="453"/>
    <nd ref="454"/>
    <nd ref="455"/>
    <nd ref="456"/>
    <nd ref="457"/>
    <nd ref="458"/>
    <nd ref="459"/>
    <nd ref="460"/>
    <nd ref="461"/>
    <nd ref="462"/>
    <nd ref="463"/>
    <nd ref="464"/>
    <nd ref="465"/>
    <nd ref="466"/>
    <nd ref="467"/>
    <nd ref="468"/>
    <nd ref="54"/>
    <tag k="natural" v="water"/>
    <tag k="waterway" v="riverbank"/>
    <tag k="name" v="River (above the lake)"/>
  </way>
  <way id="3" version="1" timestamp="2026-09-01T12:00:00Z" changeset="1" uid="1" user="generator">
    <nd ref="469"/>
    <nd ref="470"/>
    <nd ref="471"/>
    <nd ref="472"/>
    <nd ref="473"/>
    <nd ref="474"/>
    <nd ref="475"/>
    <nd ref="476"/>
    <nd ref="477"/>
    <nd ref="478"/>
    <nd ref="479"/>
    <nd ref="480"/>
    <nd ref="481"/>
    <nd ref="482"/>
    <nd ref="483"/>
    <nd ref="484"/>
    <nd ref="485"/>
    <nd ref="486"/>
    <nd ref="487"/>
    <nd ref="488"/>
    <nd ref="489"/>
    <nd ref="490"/>
    <nd ref="491"/>
    <nd ref="492"/>
    <nd ref="493"/>
    <nd ref="494"/>
    <nd ref="495"/>
    <nd ref="496"/>
    <nd ref="497"/>
    <nd ref="498"/>
    <nd ref="499"/>
    <nd ref="500"/>
    <nd ref="501"/>
    <nd ref="502"/>
    <nd ref="503"/>
    <nd ref="504"/>
    <nd ref="505"/>
    <nd ref="506"/>
    <nd ref="507"/>
    <nd ref="508"/>
    <nd ref="509"/>
    <nd ref="510"/>
    <nd ref="511"/>
    <nd ref="512"/>
    <nd ref="513"/>
    <nd ref="514"/>
    <nd ref="515"/>
    <nd ref="516"/>
    <nd ref="517"/>
    <nd ref="518"/>
    <nd ref="519"/>
    <nd ref="520"/>
    <nd ref="521"/>
    <nd ref="522"/>
    <nd ref="523"/>
    <nd ref="524"/>
    <nd ref="525"/>
    <nd ref="526"/>
    <nd ref="527"/>
    <nd ref="528"/>
    <nd ref="529"/>
    <nd ref="530"/>
    <nd ref="531"/>
    <nd ref="532"/>
    <nd ref="533"/>
    <nd ref="534"/>
    <nd ref="535"/>
    <nd ref="536"/>
    <nd ref="537"/>
    <nd ref="538"/>
    <nd ref="539"/>
    <nd ref="540"/>
    <nd ref="541"/>
    <nd ref="542"/>
    <nd ref="543"/>
    <nd ref="544"/>
    <nd ref="545"/>
    <nd ref="546"/>
    <nd ref="547"/>
    <nd ref="548"/>
    <nd ref="549"/>
    <nd ref="550"/>
    <nd ref="551"/>
    <nd ref="552"/>
    <nd ref="553"/>
    <nd ref="554"/>
    <nd ref="555"/>
    <nd ref="556"/>
    <nd ref="557"/>
    <nd ref="558"/>
    <nd ref="559"/>
    <nd ref="560"/>
    <nd ref="561"/>
    <nd ref="562"/>
    <nd ref="563"/>
    <nd ref="564"/>
    <nd ref="565"/>
    <nd ref="566"/>
    <nd ref="567"/>
    <nd ref="568"/>
    <nd ref="569"/>
    <nd ref="570"/>
    <nd ref="571"/>
    <nd ref="572"/>
    <nd ref="573"/>
    <nd ref="574"/>
    <nd ref="575"/>
    <nd ref="576"/>
    <nd ref="577"/>
    <nd ref="578"/>
    <nd ref="579"/>
    <nd ref="580"/>
    <nd ref="581"/>
    <nd ref="582"/>
    <nd ref="583"/>
    <nd ref="584"/>
    <nd ref="585"/>
    <nd ref="586"/>
    <nd ref="587"/>
    <nd ref="588"/>
    <nd ref="589"/>
    <nd ref="590"/>
    <nd ref="591"/>
    <nd ref="592"/>
    <nd ref="593"/>
    <nd ref="594"/>
    <nd ref="595"/>
    <nd ref="596"/>
    <nd ref="597"/>
    <nd ref="598"/>
    <nd ref="599"/>
    <nd ref="600"/>
    <nd ref="601"/>
    <nd ref="602"/>
    <nd ref="603"/>
    <nd ref="604"/>
    <nd ref="605"/>
    <nd ref="606"/>
    <nd ref="607"/>
    <nd ref="608"/>
    <nd ref="609"/>
    <nd ref="610"/>
    <nd ref="611"/>
    <nd ref="612"/>
    <nd ref="613"/>
    <nd ref="614"/>
    <nd ref="615"/>
    <nd ref="616"/>
    <nd ref="617"/>
    <nd ref="618"/>
    <nd ref="619"/>
    <nd ref="620"/>
    <nd ref="621"/>
    <nd ref="622"/>
    <nd ref="623"/>
    <nd ref="624"/>
    <nd ref="625"/>
    <nd ref="626"/>
    <nd ref="627"/>
    <nd ref="628"/>
    <nd ref="629"/>
    <nd ref="630"/>
    <nd ref="631"/>
    <nd ref="632"/>
    <nd ref="633"/>
    <nd ref="634"/>
    <nd ref="635"/>
    <nd ref="636"/>
    <nd ref="637"/>
    <nd ref="638"/>
    <nd ref="639"/>
    <nd ref="640"/>
    <nd ref="641"/>
    <nd ref="642"/>
    <nd ref="643"/>
    <nd ref="644"/>
    <nd ref="645"/>
    <nd ref="646"/>
    <nd ref="647"/>
    <nd ref="648"/>
    <nd ref="649"/>
    <nd ref="650"/>
    <nd ref="651"/>
    <nd ref="652"/>
    <nd ref="653"/>
    <nd ref="654"/>
    <nd ref="655"/>
    <nd ref="656"/>
    <nd ref="657"/>
    <nd ref="658"/>
    <nd ref="659"/>
    <nd ref="660"/>
    <nd ref="661"/>
    <nd ref="662"/>
    <nd ref="663"/>
    <nd ref="664"/>
    <nd ref="665"/>
    <nd ref="666"/>
    <nd ref="667"/>
    <nd ref="668"/>
    <nd ref="669"/>
    <nd ref="670"/>
    <nd ref="671"/>
    <nd ref="672"/>
    <nd ref="673"/>
    <nd ref="469"/>
    <tag k="natural" v="water"/>
    <tag k="waterway" v="riverbank"/>
    <tag k="name" v="River (below the lake)"/>
  </way>
  <way id="4" version="1" timestamp="2026-09-01T12:00:00Z" changeset="1" uid="1" user="generator">
    <nd ref="674"/>
    <nd ref="675"/>
    <nd ref="676"/>
    <nd ref="677"/>
    <nd ref="678"/>
    <nd ref="679"/>
    <nd ref="680"/>
    <nd ref="681"/>
    <nd ref="682"/>
    <nd ref="683"/>
    <nd ref="684"/>
    <nd ref="685"/>
    <nd ref="686"/>
    <nd ref="687"/>
    <nd ref="688"/>
    <nd ref="674"/>
    <tag k="landuse" v="farmyard"/>
    <tag k="name" v="Industry Pad 1 (65.7 ha)"/>
  </way>
  <way id="5" version="1" timestamp="2026-09-01T12:00:00Z" changeset="1" uid="1" user="generator">
    <nd ref="689"/>
    <nd ref="690"/>
    <nd ref="691"/>
    <nd ref="692"/>
    <nd ref="693"/>
    <nd ref="694"/>
    <nd ref="695"/>
    <nd ref="696"/>
    <nd ref="697"/>
    <nd ref="698"/>
    <nd ref="699"/>
    <nd ref="700"/>
    <nd ref="689"/>
    <tag k="landuse" v="farmyard"/>
    <tag k="name" v="Village (59.8 ha)"/>
  </way>
  <way id="6" version="1" timestamp="2026-09-01T12:00:00Z" changeset="1" uid="1" user="generator">
    <nd ref="701"/>
    <nd ref="702"/>
    <nd ref="703"/>
    <nd ref="704"/>
    <nd ref="705"/>
    <nd ref="706"/>
    <nd ref="707"/>
    <nd ref="708"/>
    <nd ref="709"/>
    <nd ref="710"/>
    <nd ref="711"/>
    <nd ref="712"/>
    <nd ref="701"/>
    <tag k="landuse" v="farmyard"/>
    <tag k="name" v="Industry Pad 2 (44.4 ha)"/>
  </way>
  <way id="7" version="1" timestamp="2026-09-01T12:00:00Z" changeset="1" uid="1" user="generator">
    <nd ref="713"/>
    <nd ref="714"/>
    <nd ref="715"/>
    <nd ref="716"/>
    <nd ref="717"/>
    <nd ref="718"/>
    <nd ref="719"/>
    <nd ref="720"/>
    <nd ref="721"/>
    <nd ref="713"/>
    <tag k="landuse" v="farmyard"/>
    <tag k="name" v="Industry Pad 3 (33.8 ha)"/>
  </way>
  <way id="8" version="1" timestamp="2026-09-01T12:00:00Z" changeset="1" uid="1" user="generator">
    <nd ref="722"/>
    <nd ref="723"/>
    <nd ref="724"/>
    <nd ref="725"/>
    <nd ref="726"/>
    <nd ref="727"/>
    <nd ref="728"/>
    <nd ref="729"/>
    <nd ref="730"/>
    <nd ref="731"/>
    <nd ref="722"/>
    <tag k="landuse" v="farmyard"/>
    <tag k="name" v="Industry Pad 4 (29.0 ha)"/>
  </way>
  <way id="9" version="1" timestamp="2026-09-01T12:00:00Z" changeset="1" uid="1" user="generator">
    <nd ref="732"/>
    <nd ref="733"/>
    <nd ref="734"/>
    <nd ref="735"/>
    <nd ref="736"/>
    <nd ref="737"/>
    <nd ref="738"/>
    <nd ref="739"/>
    <nd ref="740"/>
    <nd ref="741"/>
    <nd ref="732"/>
    <tag k="landuse" v="farmyard"/>
    <tag k="name" v="Industry Pad 5 (19.5 ha)"/>
  </way>
  <way id="10" version="1" timestamp="2026-09-01T12:00:00Z" changeset="1" uid="1" user="generator">
    <nd ref="742"/>
    <nd ref="743"/>
    <nd ref="744"/>
    <nd ref="745"/>
    <nd ref="746"/>
    <nd ref="747"/>
    <nd ref="748"/>
    <nd ref="749"/>
    <nd ref="750"/>
    <nd ref="751"/>
    <nd ref="752"/>
    <nd ref="742"/>
    <tag k="landuse" v="farmyard"/>
    <tag k="name" v="Industry Pad 6 (17.7 ha)"/>
  </way>
  <way id="11" version="1" timestamp="2026-09-01T12:00:00Z" changeset="1" uid="1" user="generator">
    <nd ref="753"/>
    <nd ref="754"/>
    <nd ref="755"/>
    <nd ref="756"/>
    <nd ref="757"/>
    <nd ref="758"/>
    <nd ref="759"/>
    <nd ref="760"/>
    <nd ref="761"/>
    <nd ref="762"/>
    <nd ref="763"/>
    <nd ref="764"/>
    <nd ref="753"/>
    <tag k="landuse" v="farmyard"/>
    <tag k="name" v="Industry Pad 7 (12.4 ha)"/>
  </way>
  <way id="12" version="1" timestamp="2026-09-01T12:00:00Z" changeset="1" uid="1" user="generator">
    <nd ref="765"/>
    <nd ref="766"/>
    <nd ref="767"/>
    <nd ref="768"/>
    <nd ref="769"/>
    <nd ref="770"/>
    <nd ref="771"/>
    <nd ref="772"/>
    <nd ref="773"/>
    <nd ref="765"/>
    <tag k="landuse" v="farmyard"/>
    <tag k="name" v="Industry Pad 8 (7.8 ha)"/>
  </way>
  <way id="13" version="1" timestamp="2026-09-01T12:00:00Z" changeset="1" uid="1" user="generator">
    <nd ref="774"/>
    <nd ref="775"/>
    <nd ref="776"/>
    <nd ref="777"/>
    <nd ref="778"/>
    <nd ref="779"/>
    <nd ref="780"/>
    <nd ref="781"/>
    <nd ref="782"/>
    <nd ref="783"/>
    <nd ref="774"/>
    <tag k="landuse" v="farmyard"/>
    <tag k="name" v="Industry Pad 9 (7.8 ha)"/>
  </way>
  <way id="14" version="1" timestamp="2026-09-01T12:00:00Z" changeset="1" uid="1" user="generator">
    <nd ref="784"/>
    <nd ref="785"/>
    <nd ref="786"/>
    <nd ref="787"/>
    <nd ref="788"/>
    <nd ref="789"/>
    <nd ref="790"/>
    <nd ref="791"/>
    <nd ref="792"/>
    <nd ref="793"/>
    <nd ref="784"/>
    <tag k="landuse" v="farmyard"/>
    <tag k="name" v="Industry Pad 10 (6.6 ha)"/>
  </way>
  <way id="15" version="1" timestamp="2026-09-01T12:00:00Z" changeset="1" uid="1" user="generator">
    <nd ref="794"/>
    <nd ref="795"/>
    <nd ref="796"/>
    <nd ref="797"/>
    <nd ref="798"/>
    <nd ref="799"/>
    <nd ref="800"/>
    <nd ref="801"/>
    <nd ref="794"/>
    <tag k="landuse" v="farmyard"/>
    <tag k="name" v="Industry Pad 11 (5.6 ha)"/>
  </way>
  <way id="16" version="1" timestamp="2026-09-01T12:00:00Z" changeset="1" uid="1" user="generator">
    <nd ref="802"/>
    <nd ref="803"/>
    <nd ref="804"/>
    <nd ref="805"/>
    <nd ref="806"/>
    <nd ref="807"/>
    <nd ref="808"/>
    <nd ref="809"/>
    <nd ref="810"/>
    <nd ref="811"/>
    <nd ref="812"/>
    <nd ref="813"/>
    <nd ref="814"/>
    <nd ref="815"/>
    <nd ref="816"/>
    <nd ref="817"/>
    <nd ref="818"/>
    <nd ref="819"/>
    <nd ref="820"/>
    <nd ref="821"/>
    <nd ref="822"/>
    <nd ref="823"/>
    <nd ref="824"/>
    <nd ref="825"/>
    <nd ref="826"/>
    <nd ref="827"/>
    <nd ref="828"/>
    <nd ref="829"/>
    <nd ref="830"/>
    <nd ref="831"/>
    <tag k="highway" v="secondary"/>
    <tag k="name" v="Village Road"/>
  </way>
  <way id="17" version="1" timestamp="2026-09-01T12:00:00Z" changeset="1" uid="1" user="generator">
    <nd ref="832"/>
    <nd ref="833"/>
    <nd ref="834"/>
    <nd ref="835"/>
    <nd ref="836"/>
    <nd ref="837"/>
    <nd ref="838"/>
    <nd ref="839"/>
    <nd ref="840"/>
    <nd ref="841"/>
    <nd ref="842"/>
    <nd ref="843"/>
    <nd ref="844"/>
    <nd ref="845"/>
    <nd ref="846"/>
    <nd ref="847"/>
    <tag k="highway" v="tertiary"/>
  </way>
  <way id="18" version="1" timestamp="2026-09-01T12:00:00Z" changeset="1" uid="1" user="generator">
    <nd ref="848"/>
    <nd ref="849"/>
    <tag k="highway" v="tertiary"/>
  </way>
  <way id="19" version="1" timestamp="2026-09-01T12:00:00Z" changeset="1" uid="1" user="generator">
    <nd ref="850"/>
    <nd ref="851"/>
    <nd ref="852"/>
    <nd ref="853"/>
    <nd ref="854"/>
    <nd ref="855"/>
    <tag k="highway" v="secondary"/>
    <tag k="name" v="Village Road"/>
  </way>
  <way id="20" version="1" timestamp="2026-09-01T12:00:00Z" changeset="1" uid="1" user="generator">
    <nd ref="855"/>
    <nd ref="847"/>
    <tag k="highway" v="secondary"/>
    <tag k="name" v="Village Road"/>
  </way>
  <way id="21" version="1" timestamp="2026-09-01T12:00:00Z" changeset="1" uid="1" user="generator">
    <nd ref="855"/>
    <nd ref="849"/>
    <tag k="highway" v="tertiary"/>
  </way>
  <way id="22" version="1" timestamp="2026-09-01T12:00:00Z" changeset="1" uid="1" user="generator">
    <nd ref="849"/>
    <nd ref="856"/>
    <nd ref="857"/>
    <nd ref="858"/>
    <nd ref="859"/>
    <nd ref="860"/>
    <tag k="highway" v="tertiary"/>
  </way>
  <way id="23" version="1" timestamp="2026-09-01T12:00:00Z" changeset="1" uid="1" user="generator">
    <nd ref="860"/>
    <nd ref="861"/>
    <tag k="highway" v="tertiary"/>
    <tag k="bridge" v="yes"/>
    <tag k="layer" v="1"/>
  </way>
  <way id="24" version="1" timestamp="2026-09-01T12:00:00Z" changeset="1" uid="1" user="generator">
    <nd ref="861"/>
    <nd ref="862"/>
    <tag k="highway" v="tertiary"/>
  </way>
  <way id="25" version="1" timestamp="2026-09-01T12:00:00Z" changeset="1" uid="1" user="generator">
    <nd ref="863"/>
    <nd ref="864"/>
    <nd ref="865"/>
    <nd ref="866"/>
    <nd ref="867"/>
    <nd ref="868"/>
    <nd ref="869"/>
    <nd ref="870"/>
    <nd ref="871"/>
    <nd ref="872"/>
    <tag k="highway" v="tertiary"/>
  </way>
  <way id="26" version="1" timestamp="2026-09-01T12:00:00Z" changeset="1" uid="1" user="generator">
    <nd ref="873"/>
    <nd ref="874"/>
    <nd ref="875"/>
    <nd ref="876"/>
    <nd ref="877"/>
    <nd ref="878"/>
    <nd ref="879"/>
    <nd ref="880"/>
    <nd ref="881"/>
    <nd ref="882"/>
    <nd ref="883"/>
    <nd ref="884"/>
    <nd ref="885"/>
    <nd ref="886"/>
    <nd ref="887"/>
    <nd ref="888"/>
    <nd ref="889"/>
    <nd ref="890"/>
    <tag k="highway" v="secondary"/>
    <tag k="name" v="Village Road"/>
  </way>
  <way id="27" version="1" timestamp="2026-09-01T12:00:00Z" changeset="1" uid="1" user="generator">
    <nd ref="873"/>
    <nd ref="891"/>
    <tag k="highway" v="tertiary"/>
  </way>
  <way id="28" version="1" timestamp="2026-09-01T12:00:00Z" changeset="1" uid="1" user="generator">
    <nd ref="873"/>
    <nd ref="892"/>
    <nd ref="893"/>
    <nd ref="894"/>
    <nd ref="895"/>
    <nd ref="896"/>
    <nd ref="897"/>
    <nd ref="898"/>
    <nd ref="899"/>
    <nd ref="900"/>
    <nd ref="901"/>
    <nd ref="902"/>
    <nd ref="903"/>
    <nd ref="904"/>
    <tag k="highway" v="tertiary"/>
  </way>
  <way id="29" version="1" timestamp="2026-09-01T12:00:00Z" changeset="1" uid="1" user="generator">
    <nd ref="905"/>
    <nd ref="906"/>
    <tag k="highway" v="tertiary"/>
  </way>
  <way id="30" version="1" timestamp="2026-09-01T12:00:00Z" changeset="1" uid="1" user="generator">
    <nd ref="847"/>
    <nd ref="907"/>
    <nd ref="908"/>
    <nd ref="909"/>
    <nd ref="910"/>
    <nd ref="911"/>
    <nd ref="912"/>
    <nd ref="913"/>
    <nd ref="914"/>
    <nd ref="915"/>
    <nd ref="916"/>
    <nd ref="917"/>
    <nd ref="918"/>
    <nd ref="919"/>
    <nd ref="920"/>
    <nd ref="921"/>
    <nd ref="922"/>
    <nd ref="923"/>
    <nd ref="924"/>
    <nd ref="925"/>
    <nd ref="926"/>
    <nd ref="927"/>
    <nd ref="928"/>
    <nd ref="929"/>
    <nd ref="930"/>
    <nd ref="931"/>
    <nd ref="932"/>
    <nd ref="933"/>
    <nd ref="934"/>
    <nd ref="935"/>
    <nd ref="936"/>
    <nd ref="937"/>
    <nd ref="938"/>
    <nd ref="939"/>
    <nd ref="940"/>
    <nd ref="941"/>
    <nd ref="942"/>
    <nd ref="943"/>
    <tag k="highway" v="secondary"/>
    <tag k="name" v="Village Road"/>
  </way>
  <way id="31" version="1" timestamp="2026-09-01T12:00:00Z" changeset="1" uid="1" user="generator">
    <nd ref="944"/>
    <nd ref="945"/>
    <nd ref="946"/>
    <nd ref="947"/>
    <nd ref="948"/>
    <nd ref="949"/>
    <nd ref="950"/>
    <nd ref="951"/>
    <nd ref="952"/>
    <nd ref="953"/>
    <nd ref="954"/>
    <nd ref="955"/>
    <nd ref="956"/>
    <nd ref="957"/>
    <nd ref="958"/>
    <nd ref="959"/>
    <nd ref="960"/>
    <nd ref="961"/>
    <nd ref="962"/>
    <nd ref="963"/>
    <nd ref="964"/>
    <nd ref="965"/>
    <nd ref="966"/>
    <nd ref="967"/>
    <nd ref="968"/>
    <nd ref="969"/>
    <tag k="highway" v="tertiary"/>
  </way>
  <way id="32" version="1" timestamp="2026-09-01T12:00:00Z" changeset="1" uid="1" user="generator">
    <nd ref="944"/>
    <nd ref="970"/>
    <nd ref="971"/>
    <nd ref="972"/>
    <nd ref="973"/>
    <nd ref="974"/>
    <nd ref="975"/>
    <nd ref="976"/>
    <nd ref="977"/>
    <nd ref="978"/>
    <nd ref="979"/>
    <nd ref="980"/>
    <nd ref="981"/>
    <nd ref="982"/>
    <nd ref="983"/>
    <nd ref="984"/>
    <nd ref="985"/>
    <nd ref="986"/>
    <tag k="highway" v="secondary"/>
    <tag k="name" v="Village Road"/>
  </way>
  <way id="33" version="1" timestamp="2026-09-01T12:00:00Z" changeset="1" uid="1" user="generator">
    <nd ref="944"/>
    <nd ref="987"/>
    <nd ref="988"/>
    <nd ref="989"/>
    <nd ref="990"/>
    <nd ref="991"/>
    <nd ref="992"/>
    <nd ref="993"/>
    <nd ref="994"/>
    <nd ref="995"/>
    <nd ref="996"/>
    <nd ref="997"/>
    <nd ref="998"/>
    <nd ref="999"/>
    <tag k="highway" v="tertiary"/>
  </way>
  <way id="34" version="1" timestamp="2026-09-01T12:00:00Z" changeset="1" uid="1" user="generator">
    <nd ref="1000"/>
    <nd ref="1001"/>
    <nd ref="1002"/>
    <nd ref="1003"/>
    <nd ref="1004"/>
    <nd ref="1005"/>
    <tag k="highway" v="secondary"/>
    <tag k="name" v="Village Road"/>
  </way>
  <way id="35" version="1" timestamp="2026-09-01T12:00:00Z" changeset="1" uid="1" user="generator">
    <nd ref="1006"/>
    <nd ref="1007"/>
    <nd ref="1008"/>
    <nd ref="1009"/>
    <nd ref="1010"/>
    <nd ref="1011"/>
    <nd ref="1012"/>
    <nd ref="1013"/>
    <nd ref="1014"/>
    <nd ref="831"/>
    <tag k="highway" v="primary"/>
    <tag k="name" v="Main Road"/>
  </way>
  <way id="36" version="1" timestamp="2026-09-01T12:00:00Z" changeset="1" uid="1" user="generator">
    <nd ref="1006"/>
    <nd ref="1015"/>
    <nd ref="1016"/>
    <nd ref="1017"/>
    <nd ref="1018"/>
    <nd ref="1019"/>
    <nd ref="1020"/>
    <nd ref="1021"/>
    <nd ref="1022"/>
    <nd ref="1023"/>
    <tag k="highway" v="primary"/>
    <tag k="name" v="Main Road"/>
  </way>
  <way id="37" version="1" timestamp="2026-09-01T12:00:00Z" changeset="1" uid="1" user="generator">
    <nd ref="1006"/>
    <nd ref="1024"/>
    <nd ref="1025"/>
    <nd ref="1026"/>
    <nd ref="1027"/>
    <nd ref="1028"/>
    <nd ref="1029"/>
    <nd ref="1030"/>
    <nd ref="1031"/>
    <nd ref="1032"/>
    <tag k="highway" v="tertiary"/>
  </way>
  <way id="38" version="1" timestamp="2026-09-01T12:00:00Z" changeset="1" uid="1" user="generator">
    <nd ref="1033"/>
    <nd ref="1034"/>
    <nd ref="1035"/>
    <nd ref="1036"/>
    <nd ref="1037"/>
    <nd ref="1038"/>
    <nd ref="1039"/>
    <nd ref="1040"/>
    <nd ref="1041"/>
    <nd ref="1042"/>
    <nd ref="1043"/>
    <nd ref="1044"/>
    <nd ref="1045"/>
    <nd ref="906"/>
    <tag k="highway" v="tertiary"/>
  </way>
  <way id="39" version="1" timestamp="2026-09-01T12:00:00Z" changeset="1" uid="1" user="generator">
    <nd ref="906"/>
    <nd ref="1046"/>
    <nd ref="1047"/>
    <nd ref="1048"/>
    <nd ref="1049"/>
    <nd ref="1050"/>
    <nd ref="1051"/>
    <nd ref="1052"/>
    <nd ref="1053"/>
    <nd ref="1054"/>
    <nd ref="1055"/>
    <nd ref="1056"/>
    <nd ref="1057"/>
    <tag k="highway" v="secondary"/>
    <tag k="name" v="Village Road"/>
  </way>
  <way id="40" version="1" timestamp="2026-09-01T12:00:00Z" changeset="1" uid="1" user="generator">
    <nd ref="1058"/>
    <nd ref="1059"/>
    <nd ref="1060"/>
    <nd ref="1061"/>
    <nd ref="1062"/>
    <nd ref="1063"/>
    <nd ref="1064"/>
    <nd ref="1065"/>
    <nd ref="1066"/>
    <nd ref="1067"/>
    <nd ref="1068"/>
    <nd ref="1069"/>
    <nd ref="1070"/>
    <nd ref="1071"/>
    <nd ref="1072"/>
    <nd ref="1073"/>
    <nd ref="1074"/>
    <nd ref="1075"/>
    <nd ref="1076"/>
    <tag k="highway" v="tertiary"/>
  </way>
  <way id="41" version="1" timestamp="2026-09-01T12:00:00Z" changeset="1" uid="1" user="generator">
    <nd ref="872"/>
    <nd ref="1076"/>
    <tag k="highway" v="tertiary"/>
  </way>
  <way id="42" version="1" timestamp="2026-09-01T12:00:00Z" changeset="1" uid="1" user="generator">
    <nd ref="872"/>
    <nd ref="1077"/>
    <nd ref="1078"/>
    <nd ref="1079"/>
    <nd ref="1080"/>
    <nd ref="1081"/>
    <nd ref="1082"/>
    <nd ref="1083"/>
    <nd ref="1084"/>
    <nd ref="1085"/>
    <tag k="highway" v="tertiary"/>
  </way>
  <way id="43" version="1" timestamp="2026-09-01T12:00:00Z" changeset="1" uid="1" user="generator">
    <nd ref="1086"/>
    <nd ref="1087"/>
    <nd ref="1088"/>
    <nd ref="1089"/>
    <nd ref="1090"/>
    <nd ref="1091"/>
    <nd ref="1092"/>
    <nd ref="1093"/>
    <nd ref="1094"/>
    <nd ref="986"/>
    <tag k="highway" v="tertiary"/>
  </way>
  <way id="44" version="1" timestamp="2026-09-01T12:00:00Z" changeset="1" uid="1" user="generator">
    <nd ref="1095"/>
    <nd ref="1096"/>
    <nd ref="1097"/>
    <nd ref="1098"/>
    <nd ref="1099"/>
    <nd ref="1100"/>
    <tag k="highway" v="tertiary"/>
  </way>
  <way id="45" version="1" timestamp="2026-09-01T12:00:00Z" changeset="1" uid="1" user="generator">
    <nd ref="1005"/>
    <nd ref="1101"/>
    <nd ref="1102"/>
    <nd ref="1103"/>
    <nd ref="1104"/>
    <nd ref="1105"/>
    <nd ref="1106"/>
    <nd ref="1107"/>
    <nd ref="1108"/>
    <nd ref="1109"/>
    <nd ref="1110"/>
    <nd ref="1111"/>
    <nd ref="1112"/>
    <nd ref="1113"/>
    <nd ref="1085"/>
    <tag k="highway" v="secondary"/>
    <tag k="name" v="Village Road"/>
  </way>
  <way id="46" version="1" timestamp="2026-09-01T12:00:00Z" changeset="1" uid="1" user="generator">
    <nd ref="1005"/>
    <nd ref="1114"/>
    <nd ref="1115"/>
    <nd ref="1116"/>
    <nd ref="1117"/>
    <nd ref="1118"/>
    <nd ref="1119"/>
    <nd ref="1120"/>
    <nd ref="1121"/>
    <nd ref="1122"/>
    <nd ref="1123"/>
    <nd ref="1124"/>
    <nd ref="1125"/>
    <nd ref="1126"/>
    <nd ref="1127"/>
    <nd ref="1128"/>
    <nd ref="1129"/>
    <tag k="highway" v="tertiary"/>
  </way>
  <way id="47" version="1" timestamp="2026-09-01T12:00:00Z" changeset="1" uid="1" user="generator">
    <nd ref="1130"/>
    <nd ref="1131"/>
    <nd ref="1132"/>
    <nd ref="1133"/>
    <nd ref="1134"/>
    <nd ref="1135"/>
    <nd ref="1136"/>
    <nd ref="1137"/>
    <nd ref="1138"/>
    <nd ref="1139"/>
    <nd ref="1140"/>
    <nd ref="1141"/>
    <nd ref="1142"/>
    <nd ref="1057"/>
    <tag k="highway" v="secondary"/>
    <tag k="name" v="Village Road"/>
  </way>
  <way id="48" version="1" timestamp="2026-09-01T12:00:00Z" changeset="1" uid="1" user="generator">
    <nd ref="1130"/>
    <nd ref="1143"/>
    <nd ref="1144"/>
    <nd ref="1145"/>
    <nd ref="1146"/>
    <nd ref="1147"/>
    <nd ref="1148"/>
    <nd ref="1149"/>
    <nd ref="1150"/>
    <nd ref="1151"/>
    <tag k="highway" v="tertiary"/>
  </way>
  <way id="49" version="1" timestamp="2026-09-01T12:00:00Z" changeset="1" uid="1" user="generator">
    <nd ref="1076"/>
    <nd ref="1152"/>
    <nd ref="1153"/>
    <nd ref="1154"/>
    <nd ref="1155"/>
    <nd ref="1156"/>
    <nd ref="1157"/>
    <nd ref="1158"/>
    <tag k="highway" v="tertiary"/>
  </way>
  <way id="50" version="1" timestamp="2026-09-01T12:00:00Z" changeset="1" uid="1" user="generator">
    <nd ref="986"/>
    <nd ref="1159"/>
    <nd ref="1160"/>
    <nd ref="1161"/>
    <nd ref="1162"/>
    <nd ref="1163"/>
    <nd ref="1164"/>
    <nd ref="1165"/>
    <nd ref="1166"/>
    <nd ref="1167"/>
    <tag k="highway" v="secondary"/>
    <tag k="name" v="Village Road"/>
  </way>
  <way id="51" version="1" timestamp="2026-09-01T12:00:00Z" changeset="1" uid="1" user="generator">
    <nd ref="1167"/>
    <nd ref="1168"/>
    <nd ref="1169"/>
    <nd ref="1170"/>
    <tag k="highway" v="secondary"/>
    <tag k="name" v="Village Road"/>
    <tag k="bridge" v="yes"/>
    <tag k="layer" v="1"/>
  </way>
  <way id="52" version="1" timestamp="2026-09-01T12:00:00Z" changeset="1" uid="1" user="generator">
    <nd ref="1170"/>
    <nd ref="1171"/>
    <nd ref="1172"/>
    <nd ref="1173"/>
    <nd ref="1174"/>
    <nd ref="1175"/>
    <nd ref="1176"/>
    <nd ref="1100"/>
    <tag k="highway" v="secondary"/>
    <tag k="name" v="Village Road"/>
  </way>
  <way id="53" version="1" timestamp="2026-09-01T12:00:00Z" changeset="1" uid="1" user="generator">
    <nd ref="1100"/>
    <nd ref="1177"/>
    <nd ref="1178"/>
    <nd ref="1179"/>
    <nd ref="1180"/>
    <nd ref="1181"/>
    <nd ref="1182"/>
    <nd ref="1183"/>
    <nd ref="1184"/>
    <nd ref="1185"/>
    <nd ref="1186"/>
    <nd ref="1187"/>
    <nd ref="1188"/>
    <nd ref="1189"/>
    <nd ref="1190"/>
    <nd ref="1191"/>
    <nd ref="1192"/>
    <nd ref="1193"/>
    <nd ref="1194"/>
    <nd ref="1195"/>
    <nd ref="1196"/>
    <nd ref="1197"/>
    <nd ref="1198"/>
    <nd ref="1199"/>
    <nd ref="1200"/>
    <nd ref="1201"/>
    <tag k="highway" v="secondary"/>
    <tag k="name" v="Village Road"/>
  </way>
  <way id="54" version="1" timestamp="2026-09-01T12:00:00Z" changeset="1" uid="1" user="generator">
    <nd ref="1202"/>
    <nd ref="1203"/>
    <nd ref="1204"/>
    <nd ref="1205"/>
    <nd ref="1206"/>
    <nd ref="1207"/>
    <nd ref="1208"/>
    <nd ref="1209"/>
    <nd ref="1210"/>
    <nd ref="1211"/>
    <tag k="highway" v="secondary"/>
    <tag k="name" v="Village Road"/>
  </way>
  <way id="55" version="1" timestamp="2026-09-01T12:00:00Z" changeset="1" uid="1" user="generator">
    <nd ref="1202"/>
    <nd ref="1212"/>
    <nd ref="1213"/>
    <nd ref="1214"/>
    <nd ref="1215"/>
    <nd ref="1216"/>
    <nd ref="1217"/>
    <nd ref="890"/>
    <tag k="highway" v="secondary"/>
    <tag k="name" v="Village Road"/>
  </way>
  <way id="56" version="1" timestamp="2026-09-01T12:00:00Z" changeset="1" uid="1" user="generator">
    <nd ref="1202"/>
    <nd ref="1218"/>
    <nd ref="1219"/>
    <nd ref="1220"/>
    <nd ref="1221"/>
    <nd ref="1222"/>
    <nd ref="1223"/>
    <nd ref="1224"/>
    <nd ref="1225"/>
    <nd ref="1226"/>
    <nd ref="1227"/>
    <nd ref="1228"/>
    <tag k="highway" v="tertiary"/>
  </way>
  <way id="57" version="1" timestamp="2026-09-01T12:00:00Z" changeset="1" uid="1" user="generator">
    <nd ref="1229"/>
    <nd ref="1230"/>
    <nd ref="1231"/>
    <nd ref="1232"/>
    <nd ref="1233"/>
    <nd ref="1234"/>
    <nd ref="1211"/>
    <tag k="highway" v="tertiary"/>
  </way>
  <way id="58" version="1" timestamp="2026-09-01T12:00:00Z" changeset="1" uid="1" user="generator">
    <nd ref="1023"/>
    <nd ref="1235"/>
    <nd ref="1236"/>
    <nd ref="1237"/>
    <nd ref="1238"/>
    <nd ref="1239"/>
    <nd ref="1240"/>
    <nd ref="1241"/>
    <nd ref="1242"/>
    <nd ref="1243"/>
    <nd ref="1244"/>
    <nd ref="1245"/>
    <nd ref="1246"/>
    <nd ref="1247"/>
    <nd ref="1248"/>
    <nd ref="1249"/>
    <nd ref="1250"/>
    <nd ref="1251"/>
    <tag k="highway" v="primary"/>
    <tag k="name" v="Main Road"/>
  </way>
  <way id="59" version="1" timestamp="2026-09-01T12:00:00Z" changeset="1" uid="1" user="generator">
    <nd ref="1251"/>
    <nd ref="1252"/>
    <nd ref="1253"/>
    <tag k="highway" v="primary"/>
    <tag k="name" v="Main Road"/>
    <tag k="bridge" v="yes"/>
    <tag k="layer" v="1"/>
  </way>
  <way id="60" version="1" timestamp="2026-09-01T12:00:00Z" changeset="1" uid="1" user="generator">
    <nd ref="1253"/>
    <nd ref="1254"/>
    <nd ref="1255"/>
    <tag k="highway" v="primary"/>
    <tag k="name" v="Main Road"/>
  </way>
  <way id="61" version="1" timestamp="2026-09-01T12:00:00Z" changeset="1" uid="1" user="generator">
    <nd ref="1023"/>
    <nd ref="890"/>
    <tag k="highway" v="secondary"/>
    <tag k="name" v="Village Road"/>
  </way>
  <way id="62" version="1" timestamp="2026-09-01T12:00:00Z" changeset="1" uid="1" user="generator">
    <nd ref="1256"/>
    <nd ref="1257"/>
    <tag k="highway" v="tertiary"/>
  </way>
  <way id="63" version="1" timestamp="2026-09-01T12:00:00Z" changeset="1" uid="1" user="generator">
    <nd ref="1257"/>
    <nd ref="1258"/>
    <tag k="highway" v="tertiary"/>
    <tag k="bridge" v="yes"/>
    <tag k="layer" v="1"/>
  </way>
  <way id="64" version="1" timestamp="2026-09-01T12:00:00Z" changeset="1" uid="1" user="generator">
    <nd ref="1258"/>
    <nd ref="1259"/>
    <tag k="highway" v="tertiary"/>
  </way>
  <way id="65" version="1" timestamp="2026-09-01T12:00:00Z" changeset="1" uid="1" user="generator">
    <nd ref="1259"/>
    <nd ref="1260"/>
    <nd ref="1261"/>
    <nd ref="1262"/>
    <nd ref="1263"/>
    <nd ref="1264"/>
    <nd ref="1265"/>
    <nd ref="1266"/>
    <nd ref="1267"/>
    <nd ref="1268"/>
    <nd ref="1269"/>
    <nd ref="1270"/>
    <nd ref="1271"/>
    <nd ref="1272"/>
    <tag k="highway" v="tertiary"/>
  </way>
  <way id="66" version="1" timestamp="2026-09-01T12:00:00Z" changeset="1" uid="1" user="generator">
    <nd ref="1228"/>
    <nd ref="1273"/>
    <nd ref="1274"/>
    <nd ref="1275"/>
    <nd ref="1276"/>
    <nd ref="1277"/>
    <nd ref="1278"/>
    <nd ref="1279"/>
    <nd ref="1280"/>
    <nd ref="1281"/>
    <tag k="highway" v="tertiary"/>
  </way>
  <way id="67" version="1" timestamp="2026-09-01T12:00:00Z" changeset="1" uid="1" user="generator">
    <nd ref="1228"/>
    <nd ref="1282"/>
    <nd ref="1283"/>
    <nd ref="1284"/>
    <nd ref="1285"/>
    <nd ref="1286"/>
    <nd ref="1287"/>
    <nd ref="1288"/>
    <nd ref="1289"/>
    <nd ref="1290"/>
    <tag k="highway" v="tertiary"/>
  </way>
  <way id="68" version="1" timestamp="2026-09-01T12:00:00Z" changeset="1" uid="1" user="generator">
    <nd ref="1211"/>
    <nd ref="1291"/>
    <nd ref="1292"/>
    <nd ref="1293"/>
    <nd ref="1085"/>
    <tag k="highway" v="secondary"/>
    <tag k="name" v="Village Road"/>
  </way>
  <way id="69" version="1" timestamp="2026-09-01T12:00:00Z" changeset="1" uid="1" user="generator">
    <nd ref="1294"/>
    <nd ref="943"/>
    <tag k="highway" v="tertiary"/>
  </way>
  <way id="70" version="1" timestamp="2026-09-01T12:00:00Z" changeset="1" uid="1" user="generator">
    <nd ref="943"/>
    <nd ref="1295"/>
    <nd ref="1296"/>
    <nd ref="1297"/>
    <nd ref="1298"/>
    <nd ref="1299"/>
    <nd ref="1300"/>
    <nd ref="1301"/>
    <nd ref="1302"/>
    <nd ref="1303"/>
    <nd ref="1304"/>
    <nd ref="1305"/>
    <nd ref="1306"/>
    <tag k="highway" v="secondary"/>
    <tag k="name" v="Village Road"/>
  </way>
  <way id="71" version="1" timestamp="2026-09-01T12:00:00Z" changeset="1" uid="1" user="generator">
    <nd ref="1307"/>
    <nd ref="1308"/>
    <nd ref="1309"/>
    <nd ref="1310"/>
    <nd ref="1311"/>
    <nd ref="1312"/>
    <nd ref="1313"/>
    <nd ref="1314"/>
    <nd ref="1315"/>
    <nd ref="1316"/>
    <tag k="highway" v="primary"/>
    <tag k="name" v="Main Road"/>
  </way>
  <way id="72" version="1" timestamp="2026-09-01T12:00:00Z" changeset="1" uid="1" user="generator">
    <nd ref="1307"/>
    <nd ref="1317"/>
    <nd ref="1318"/>
    <nd ref="1319"/>
    <nd ref="1320"/>
    <nd ref="1321"/>
    <nd ref="1322"/>
    <nd ref="1323"/>
    <nd ref="1324"/>
    <nd ref="1325"/>
    <nd ref="1326"/>
    <nd ref="1327"/>
    <nd ref="1328"/>
    <nd ref="1329"/>
    <nd ref="1330"/>
    <nd ref="1331"/>
    <nd ref="1332"/>
    <nd ref="1333"/>
    <nd ref="1334"/>
    <tag k="highway" v="primary"/>
    <tag k="name" v="Main Road"/>
  </way>
  <way id="73" version="1" timestamp="2026-09-01T12:00:00Z" changeset="1" uid="1" user="generator">
    <nd ref="1307"/>
    <nd ref="1335"/>
    <nd ref="1336"/>
    <nd ref="1337"/>
    <nd ref="1338"/>
    <nd ref="1339"/>
    <nd ref="1340"/>
    <nd ref="1341"/>
    <nd ref="1342"/>
    <nd ref="1343"/>
    <nd ref="1344"/>
    <nd ref="1345"/>
    <nd ref="1346"/>
    <nd ref="1347"/>
    <nd ref="1348"/>
    <nd ref="1349"/>
    <nd ref="1350"/>
    <nd ref="1351"/>
    <tag k="highway" v="tertiary"/>
  </way>
  <way id="74" version="1" timestamp="2026-09-01T12:00:00Z" changeset="1" uid="1" user="generator">
    <nd ref="1352"/>
    <nd ref="1353"/>
    <nd ref="1354"/>
    <nd ref="1355"/>
    <tag k="highway" v="tertiary"/>
  </way>
  <way id="75" version="1" timestamp="2026-09-01T12:00:00Z" changeset="1" uid="1" user="generator">
    <nd ref="1316"/>
    <nd ref="1201"/>
    <tag k="highway" v="primary"/>
    <tag k="name" v="Main Road"/>
  </way>
  <way id="76" version="1" timestamp="2026-09-01T12:00:00Z" changeset="1" uid="1" user="generator">
    <nd ref="1316"/>
    <nd ref="1356"/>
    <nd ref="1357"/>
    <nd ref="1358"/>
    <nd ref="1359"/>
    <nd ref="1360"/>
    <nd ref="1361"/>
    <nd ref="1362"/>
    <nd ref="1363"/>
    <nd ref="1364"/>
    <tag k="highway" v="secondary"/>
    <tag k="name" v="Village Road"/>
  </way>
  <way id="77" version="1" timestamp="2026-09-01T12:00:00Z" changeset="1" uid="1" user="generator">
    <nd ref="1057"/>
    <nd ref="1365"/>
    <nd ref="1366"/>
    <nd ref="1367"/>
    <nd ref="1368"/>
    <nd ref="1369"/>
    <tag k="highway" v="secondary"/>
    <tag k="name" v="Village Road"/>
  </way>
  <way id="78" version="1" timestamp="2026-09-01T12:00:00Z" changeset="1" uid="1" user="generator">
    <nd ref="1370"/>
    <nd ref="1371"/>
    <nd ref="1372"/>
    <nd ref="1373"/>
    <nd ref="1374"/>
    <nd ref="1375"/>
    <nd ref="1376"/>
    <nd ref="1377"/>
    <nd ref="1378"/>
    <nd ref="1379"/>
    <nd ref="1380"/>
    <nd ref="1381"/>
    <nd ref="1382"/>
    <nd ref="1383"/>
    <tag k="highway" v="tertiary"/>
  </way>
  <way id="79" version="1" timestamp="2026-09-01T12:00:00Z" changeset="1" uid="1" user="generator">
    <nd ref="1384"/>
    <nd ref="1385"/>
    <nd ref="1386"/>
    <nd ref="1387"/>
    <nd ref="1388"/>
    <nd ref="1389"/>
    <nd ref="1390"/>
    <nd ref="1391"/>
    <nd ref="1392"/>
    <tag k="highway" v="tertiary"/>
  </way>
  <way id="80" version="1" timestamp="2026-09-01T12:00:00Z" changeset="1" uid="1" user="generator">
    <nd ref="1384"/>
    <nd ref="1393"/>
    <nd ref="1394"/>
    <nd ref="1395"/>
    <nd ref="1396"/>
    <nd ref="1355"/>
    <tag k="highway" v="tertiary"/>
  </way>
  <way id="81" version="1" timestamp="2026-09-01T12:00:00Z" changeset="1" uid="1" user="generator">
    <nd ref="1384"/>
    <nd ref="1397"/>
    <nd ref="1398"/>
    <nd ref="1399"/>
    <nd ref="1400"/>
    <nd ref="1401"/>
    <nd ref="1402"/>
    <nd ref="1403"/>
    <nd ref="1404"/>
    <tag k="highway" v="tertiary"/>
  </way>
  <way id="82" version="1" timestamp="2026-09-01T12:00:00Z" changeset="1" uid="1" user="generator">
    <nd ref="1306"/>
    <nd ref="1405"/>
    <nd ref="1406"/>
    <tag k="highway" v="primary"/>
    <tag k="name" v="Main Road"/>
  </way>
  <way id="83" version="1" timestamp="2026-09-01T12:00:00Z" changeset="1" uid="1" user="generator">
    <nd ref="1306"/>
    <nd ref="1407"/>
    <nd ref="1408"/>
    <nd ref="1409"/>
    <nd ref="1410"/>
    <nd ref="1411"/>
    <nd ref="1412"/>
    <nd ref="1413"/>
    <nd ref="1414"/>
    <nd ref="1415"/>
    <nd ref="1416"/>
    <nd ref="1417"/>
    <nd ref="1418"/>
    <nd ref="1419"/>
    <nd ref="1420"/>
    <nd ref="1421"/>
    <nd ref="1422"/>
    <nd ref="1383"/>
    <tag k="highway" v="secondary"/>
    <tag k="name" v="Village Road"/>
  </way>
  <way id="84" version="1" timestamp="2026-09-01T12:00:00Z" changeset="1" uid="1" user="generator">
    <nd ref="1423"/>
    <nd ref="1424"/>
    <nd ref="1425"/>
    <nd ref="1426"/>
    <nd ref="1427"/>
    <nd ref="1428"/>
    <tag k="highway" v="tertiary"/>
  </way>
  <way id="85" version="1" timestamp="2026-09-01T12:00:00Z" changeset="1" uid="1" user="generator">
    <nd ref="1423"/>
    <nd ref="1429"/>
    <nd ref="1430"/>
    <nd ref="1431"/>
    <nd ref="1432"/>
    <nd ref="1369"/>
    <tag k="highway" v="tertiary"/>
  </way>
  <way id="86" version="1" timestamp="2026-09-01T12:00:00Z" changeset="1" uid="1" user="generator">
    <nd ref="1423"/>
    <nd ref="1433"/>
    <nd ref="1434"/>
    <nd ref="1435"/>
    <nd ref="1436"/>
    <nd ref="1437"/>
    <nd ref="1438"/>
    <nd ref="1439"/>
    <nd ref="1440"/>
    <nd ref="1441"/>
    <nd ref="1442"/>
    <nd ref="1443"/>
    <nd ref="1444"/>
    <tag k="highway" v="tertiary"/>
  </way>
  <way id="87" version="1" timestamp="2026-09-01T12:00:00Z" changeset="1" uid="1" user="generator">
    <nd ref="1364"/>
    <nd ref="1355"/>
    <tag k="highway" v="tertiary"/>
  </way>
  <way id="88" version="1" timestamp="2026-09-01T12:00:00Z" changeset="1" uid="1" user="generator">
    <nd ref="1364"/>
    <nd ref="1445"/>
    <tag k="highway" v="tertiary"/>
  </way>
  <way id="89" version="1" timestamp="2026-09-01T12:00:00Z" changeset="1" uid="1" user="generator">
    <nd ref="1383"/>
    <nd ref="1369"/>
    <tag k="highway" v="secondary"/>
    <tag k="name" v="Village Road"/>
  </way>
  <way id="90" version="1" timestamp="2026-09-01T12:00:00Z" changeset="1" uid="1" user="generator">
    <nd ref="885"/>
    <nd ref="1446"/>
    <tag k="highway" v="tertiary"/>
    <tag k="name" v="Farm Access"/>
  </way>
  <way id="91" version="1" timestamp="2026-09-01T12:00:00Z" changeset="1" uid="1" user="generator">
    <nd ref="873"/>
    <nd ref="1447"/>
    <tag k="highway" v="tertiary"/>
    <tag k="name" v="Farm Access"/>
  </way>
  <way id="92" version="1" timestamp="2026-09-01T12:00:00Z" changeset="1" uid="1" user="generator">
    <nd ref="1084"/>
    <nd ref="1448"/>
    <tag k="highway" v="tertiary"/>
    <tag k="name" v="Farm Access"/>
  </way>
  <way id="93" version="1" timestamp="2026-09-01T12:00:00Z" changeset="1" uid="1" user="generator">
    <nd ref="1272"/>
    <nd ref="1449"/>
    <nd ref="1450"/>
    <nd ref="1451"/>
    <nd ref="1452"/>
    <nd ref="3722"/>
    <nd ref="1453"/>
    <nd ref="1454"/>
    <nd ref="1455"/>
    <nd ref="3721"/>
    <nd ref="1456"/>
    <nd ref="1457"/>
    <nd ref="1458"/>
    <nd ref="1459"/>
    <tag k="highway" v="tertiary"/>
    <tag k="name" v="Village Street"/>
  </way>
  <way id="94" version="1" timestamp="2026-09-01T12:00:00Z" changeset="1" uid="1" user="generator">
    <nd ref="1334"/>
    <nd ref="1460"/>
    <nd ref="1461"/>
    <nd ref="1462"/>
    <nd ref="3724"/>
    <nd ref="1463"/>
    <nd ref="1464"/>
    <nd ref="1465"/>
    <nd ref="1466"/>
    <nd ref="3723"/>
    <nd ref="1467"/>
    <nd ref="1468"/>
    <nd ref="1469"/>
    <nd ref="1470"/>
    <tag k="highway" v="tertiary"/>
    <tag k="name" v="Village Street"/>
  </way>
  <way id="95" version="1" timestamp="2026-09-01T12:00:00Z" changeset="1" uid="1" user="generator">
    <nd ref="1471"/>
    <nd ref="1472"/>
    <nd ref="1473"/>
    <nd ref="1474"/>
    <nd ref="1475"/>
    <nd ref="1476"/>
    <nd ref="1477"/>
    <nd ref="1478"/>
    <nd ref="1479"/>
    <nd ref="1480"/>
    <nd ref="1481"/>
    <nd ref="1482"/>
    <tag k="highway" v="tertiary"/>
    <tag k="name" v="Village Street"/>
  </way>
  <way id="96" version="1" timestamp="2026-09-01T12:00:00Z" changeset="1" uid="1" user="generator">
    <nd ref="1483"/>
    <nd ref="1484"/>
    <nd ref="1485"/>
    <nd ref="1486"/>
    <nd ref="1487"/>
    <nd ref="1488"/>
    <nd ref="1489"/>
    <nd ref="1490"/>
    <nd ref="1491"/>
    <nd ref="1492"/>
    <nd ref="1493"/>
    <nd ref="1494"/>
    <tag k="highway" v="tertiary"/>
    <tag k="name" v="Village Street"/>
  </way>
  <way id="97" version="1" timestamp="2026-09-01T12:00:00Z" changeset="1" uid="1" user="generator">
    <nd ref="1495"/>
    <nd ref="1496"/>
    <nd ref="1497"/>
    <nd ref="1498"/>
    <nd ref="1499"/>
    <nd ref="1500"/>
    <nd ref="1501"/>
    <nd ref="1502"/>
    <nd ref="1503"/>
    <nd ref="1504"/>
    <nd ref="1505"/>
    <nd ref="1506"/>
    <tag k="highway" v="tertiary"/>
    <tag k="name" v="Village Street"/>
  </way>
  <way id="98" version="1" timestamp="2026-09-01T12:00:00Z" changeset="1" uid="1" user="generator">
    <nd ref="1507"/>
    <nd ref="1508"/>
    <nd ref="1509"/>
    <nd ref="1510"/>
    <nd ref="1511"/>
    <nd ref="1512"/>
    <nd ref="1513"/>
    <nd ref="1514"/>
    <nd ref="1515"/>
    <nd ref="1516"/>
    <nd ref="1517"/>
    <nd ref="1518"/>
    <tag k="highway" v="tertiary"/>
    <tag k="name" v="Village Street"/>
  </way>
  <way id="99" version="1" timestamp="2026-09-01T12:00:00Z" changeset="1" uid="1" user="generator">
    <nd ref="1519"/>
    <nd ref="1520"/>
    <nd ref="1521"/>
    <nd ref="1522"/>
    <nd ref="3721"/>
    <nd ref="1523"/>
    <nd ref="1471"/>
    <nd ref="1524"/>
    <nd ref="1525"/>
    <nd ref="1526"/>
    <nd ref="1527"/>
    <nd ref="1528"/>
    <nd ref="1483"/>
    <nd ref="1529"/>
    <nd ref="1530"/>
    <nd ref="1531"/>
    <nd ref="1532"/>
    <nd ref="1533"/>
    <nd ref="3723"/>
    <nd ref="1534"/>
    <nd ref="1535"/>
    <nd ref="1536"/>
    <nd ref="1537"/>
    <nd ref="1538"/>
    <tag k="highway" v="tertiary"/>
    <tag k="name" v="Back Lane"/>
  </way>
  <way id="100" version="1" timestamp="2026-09-01T12:00:00Z" changeset="1" uid="1" user="generator">
    <nd ref="1519"/>
    <nd ref="1539"/>
    <nd ref="1540"/>
    <nd ref="1541"/>
    <nd ref="1542"/>
    <nd ref="1543"/>
    <nd ref="1544"/>
    <nd ref="1495"/>
    <nd ref="1545"/>
    <nd ref="1546"/>
    <nd ref="1547"/>
    <nd ref="1548"/>
    <nd ref="1549"/>
    <nd ref="1550"/>
    <nd ref="1507"/>
    <nd ref="1551"/>
    <nd ref="1552"/>
    <nd ref="1553"/>
    <nd ref="1554"/>
    <nd ref="1555"/>
    <nd ref="1556"/>
    <nd ref="1538"/>
    <tag k="highway" v="tertiary"/>
    <tag k="name" v="Back Lane"/>
  </way>
  <way id="101" version="1" timestamp="2026-09-01T12:00:00Z" changeset="1" uid="1" user="generator">
    <nd ref="1557"/>
    <nd ref="1558"/>
    <nd ref="1559"/>
    <nd ref="1560"/>
    <nd ref="1561"/>
    <nd ref="1482"/>
    <nd ref="1562"/>
    <nd ref="3722"/>
    <nd ref="1563"/>
    <nd ref="1564"/>
    <nd ref="3726"/>
    <nd ref="1565"/>
    <nd ref="1566"/>
    <nd ref="1567"/>
    <nd ref="1568"/>
    <nd ref="1569"/>
    <nd ref="1570"/>
    <nd ref="1571"/>
    <nd ref="1572"/>
    <nd ref="1506"/>
    <nd ref="1573"/>
    <nd ref="1574"/>
    <nd ref="1518"/>
    <nd ref="1575"/>
    <nd ref="1576"/>
    <nd ref="1577"/>
    <nd ref="1578"/>
    <nd ref="1579"/>
    <nd ref="1580"/>
    <nd ref="1581"/>
    <nd ref="1582"/>
    <nd ref="1583"/>
    <nd ref="1584"/>
    <nd ref="1585"/>
    <nd ref="1586"/>
    <nd ref="1587"/>
    <nd ref="1588"/>
    <nd ref="1589"/>
    <nd ref="1590"/>
    <nd ref="1591"/>
    <nd ref="3725"/>
    <nd ref="1592"/>
    <nd ref="1593"/>
    <nd ref="1594"/>
    <nd ref="1595"/>
    <nd ref="1596"/>
    <nd ref="1597"/>
    <nd ref="1598"/>
    <nd ref="1599"/>
    <nd ref="3724"/>
    <nd ref="1600"/>
    <nd ref="1601"/>
    <nd ref="1602"/>
    <nd ref="1603"/>
    <nd ref="1494"/>
    <nd ref="1604"/>
    <nd ref="1557"/>
    <tag k="highway" v="tertiary"/>
    <tag k="name" v="Village Lane"/>
  </way>
  <way id="102" version="1" timestamp="2026-09-01T12:00:00Z" changeset="1" uid="1" user="generator">
    <nd ref="1255"/>
    <nd ref="1605"/>
    <nd ref="1606"/>
    <nd ref="1607"/>
    <nd ref="1608"/>
    <nd ref="1609"/>
    <nd ref="1610"/>
    <nd ref="1611"/>
    <nd ref="1612"/>
    <nd ref="3726"/>
    <nd ref="1613"/>
    <nd ref="1614"/>
    <nd ref="1615"/>
    <nd ref="1519"/>
    <nd ref="1616"/>
    <nd ref="1617"/>
    <nd ref="1459"/>
    <nd ref="1618"/>
    <nd ref="1619"/>
    <nd ref="1620"/>
    <nd ref="1621"/>
    <nd ref="1622"/>
    <nd ref="1470"/>
    <nd ref="1623"/>
    <nd ref="1624"/>
    <nd ref="1538"/>
    <nd ref="1625"/>
    <nd ref="1626"/>
    <nd ref="1627"/>
    <nd ref="3725"/>
    <nd ref="1628"/>
    <nd ref="1629"/>
    <nd ref="1630"/>
    <nd ref="1631"/>
    <nd ref="1632"/>
    <nd ref="1633"/>
    <nd ref="1634"/>
    <nd ref="1406"/>
    <tag k="highway" v="primary"/>
    <tag k="name" v="High Street"/>
  </way>
  <way id="103" version="1" timestamp="2026-09-01T12:00:00Z" changeset="1" uid="1" user="generator">
    <nd ref="1635"/>
    <nd ref="1636"/>
    <nd ref="1637"/>
    <nd ref="1638"/>
    <nd ref="1639"/>
    <nd ref="1640"/>
    <nd ref="1641"/>
    <nd ref="1635"/>
    <tag k="landuse" v="farmland"/>
    <tag k="name" v="Field 1 (20.1 ha)"/>
  </way>
  <way id="104" version="1" timestamp="2026-09-01T12:00:00Z" changeset="1" uid="1" user="generator">
    <nd ref="1642"/>
    <nd ref="1643"/>
    <nd ref="1644"/>
    <nd ref="1645"/>
    <nd ref="1646"/>
    <nd ref="1647"/>
    <nd ref="1642"/>
    <tag k="landuse" v="farmland"/>
    <tag k="name" v="Field 2 (20.1 ha)"/>
  </way>
  <way id="105" version="1" timestamp="2026-09-01T12:00:00Z" changeset="1" uid="1" user="generator">
    <nd ref="1648"/>
    <nd ref="1649"/>
    <nd ref="1650"/>
    <nd ref="1651"/>
    <nd ref="1652"/>
    <nd ref="1653"/>
    <nd ref="1648"/>
    <tag k="landuse" v="farmland"/>
    <tag k="name" v="Field 3 (12.6 ha)"/>
  </way>
  <way id="106" version="1" timestamp="2026-09-01T12:00:00Z" changeset="1" uid="1" user="generator">
    <nd ref="1654"/>
    <nd ref="1655"/>
    <nd ref="1656"/>
    <nd ref="1657"/>
    <nd ref="1658"/>
    <nd ref="1659"/>
    <nd ref="1654"/>
    <tag k="landuse" v="farmland"/>
    <tag k="name" v="Field 4 (7.2 ha)"/>
  </way>
  <way id="107" version="1" timestamp="2026-09-01T12:00:00Z" changeset="1" uid="1" user="generator">
    <nd ref="1660"/>
    <nd ref="1661"/>
    <nd ref="1662"/>
    <nd ref="1663"/>
    <nd ref="1664"/>
    <nd ref="1665"/>
    <nd ref="1666"/>
    <nd ref="1667"/>
    <nd ref="1660"/>
    <tag k="landuse" v="farmland"/>
    <tag k="name" v="Field 5 (21.1 ha)"/>
  </way>
  <way id="108" version="1" timestamp="2026-09-01T12:00:00Z" changeset="1" uid="1" user="generator">
    <nd ref="1668"/>
    <nd ref="1669"/>
    <nd ref="1670"/>
    <nd ref="1671"/>
    <nd ref="1672"/>
    <nd ref="1673"/>
    <nd ref="1674"/>
    <nd ref="1675"/>
    <nd ref="1676"/>
    <nd ref="1677"/>
    <nd ref="1668"/>
    <tag k="landuse" v="farmland"/>
    <tag k="name" v="Field 6 (25.5 ha)"/>
  </way>
  <way id="109" version="1" timestamp="2026-09-01T12:00:00Z" changeset="1" uid="1" user="generator">
    <nd ref="1678"/>
    <nd ref="1679"/>
    <nd ref="1680"/>
    <nd ref="1681"/>
    <nd ref="1682"/>
    <nd ref="1683"/>
    <nd ref="1678"/>
    <tag k="landuse" v="farmland"/>
    <tag k="name" v="Field 7 (6.9 ha)"/>
  </way>
  <way id="110" version="1" timestamp="2026-09-01T12:00:00Z" changeset="1" uid="1" user="generator">
    <nd ref="1684"/>
    <nd ref="1685"/>
    <nd ref="1686"/>
    <nd ref="1687"/>
    <nd ref="1688"/>
    <nd ref="1689"/>
    <nd ref="1690"/>
    <nd ref="1691"/>
    <nd ref="1692"/>
    <nd ref="1684"/>
    <tag k="landuse" v="farmland"/>
    <tag k="name" v="Field 8 (45.3 ha)"/>
  </way>
  <way id="111" version="1" timestamp="2026-09-01T12:00:00Z" changeset="1" uid="1" user="generator">
    <nd ref="1693"/>
    <nd ref="1694"/>
    <nd ref="1695"/>
    <nd ref="1696"/>
    <nd ref="1697"/>
    <nd ref="1698"/>
    <nd ref="1699"/>
    <nd ref="1693"/>
    <tag k="landuse" v="farmland"/>
    <tag k="name" v="Field 9 (24.0 ha)"/>
  </way>
  <way id="112" version="1" timestamp="2026-09-01T12:00:00Z" changeset="1" uid="1" user="generator">
    <nd ref="1700"/>
    <nd ref="1701"/>
    <nd ref="1702"/>
    <nd ref="1703"/>
    <nd ref="1704"/>
    <nd ref="1705"/>
    <nd ref="1706"/>
    <nd ref="1707"/>
    <nd ref="1708"/>
    <nd ref="1709"/>
    <nd ref="1710"/>
    <nd ref="1711"/>
    <nd ref="1712"/>
    <nd ref="1700"/>
    <tag k="landuse" v="farmland"/>
    <tag k="name" v="Field 10 (53.0 ha)"/>
  </way>
  <way id="113" version="1" timestamp="2026-09-01T12:00:00Z" changeset="1" uid="1" user="generator">
    <nd ref="1713"/>
    <nd ref="1714"/>
    <nd ref="1715"/>
    <nd ref="1716"/>
    <nd ref="1717"/>
    <nd ref="1718"/>
    <nd ref="1719"/>
    <nd ref="1720"/>
    <nd ref="1721"/>
    <nd ref="1713"/>
    <tag k="landuse" v="farmland"/>
    <tag k="name" v="Field 11 (31.4 ha)"/>
  </way>
  <way id="114" version="1" timestamp="2026-09-01T12:00:00Z" changeset="1" uid="1" user="generator">
    <nd ref="1722"/>
    <nd ref="1723"/>
    <nd ref="1724"/>
    <nd ref="1725"/>
    <nd ref="1726"/>
    <nd ref="1727"/>
    <nd ref="1728"/>
    <nd ref="1729"/>
    <nd ref="1730"/>
    <nd ref="1731"/>
    <nd ref="1732"/>
    <nd ref="1733"/>
    <nd ref="1734"/>
    <nd ref="1735"/>
    <nd ref="1736"/>
    <nd ref="1722"/>
    <tag k="landuse" v="farmland"/>
    <tag k="name" v="Field 12 (34.1 ha)"/>
  </way>
  <way id="115" version="1" timestamp="2026-09-01T12:00:00Z" changeset="1" uid="1" user="generator">
    <nd ref="1737"/>
    <nd ref="1738"/>
    <nd ref="1739"/>
    <nd ref="1740"/>
    <nd ref="1741"/>
    <nd ref="1742"/>
    <nd ref="1743"/>
    <nd ref="1744"/>
    <nd ref="1745"/>
    <nd ref="1746"/>
    <nd ref="1747"/>
    <nd ref="1748"/>
    <nd ref="1737"/>
    <tag k="landuse" v="farmland"/>
    <tag k="name" v="Field 13 (31.4 ha)"/>
  </way>
  <way id="116" version="1" timestamp="2026-09-01T12:00:00Z" changeset="1" uid="1" user="generator">
    <nd ref="1749"/>
    <nd ref="1750"/>
    <nd ref="1751"/>
    <nd ref="1752"/>
    <nd ref="1753"/>
    <nd ref="1754"/>
    <nd ref="1755"/>
    <nd ref="1756"/>
    <nd ref="1757"/>
    <nd ref="1749"/>
    <tag k="landuse" v="farmland"/>
    <tag k="name" v="Field 14 (10.1 ha)"/>
  </way>
  <way id="117" version="1" timestamp="2026-09-01T12:00:00Z" changeset="1" uid="1" user="generator">
    <nd ref="1758"/>
    <nd ref="1759"/>
    <nd ref="1760"/>
    <nd ref="1761"/>
    <nd ref="1762"/>
    <nd ref="1763"/>
    <nd ref="1764"/>
    <nd ref="1765"/>
    <nd ref="1766"/>
    <nd ref="1767"/>
    <nd ref="1758"/>
    <tag k="landuse" v="farmland"/>
    <tag k="name" v="Field 15 (35.9 ha)"/>
  </way>
  <way id="118" version="1" timestamp="2026-09-01T12:00:00Z" changeset="1" uid="1" user="generator">
    <nd ref="1768"/>
    <nd ref="1769"/>
    <nd ref="1770"/>
    <nd ref="1771"/>
    <nd ref="1772"/>
    <nd ref="1773"/>
    <nd ref="1774"/>
    <nd ref="1775"/>
    <nd ref="1776"/>
    <nd ref="1768"/>
    <tag k="landuse" v="farmland"/>
    <tag k="name" v="Field 16 (40.7 ha)"/>
  </way>
  <way id="119" version="1" timestamp="2026-09-01T12:00:00Z" changeset="1" uid="1" user="generator">
    <nd ref="1777"/>
    <nd ref="1778"/>
    <nd ref="1779"/>
    <nd ref="1780"/>
    <nd ref="1781"/>
    <nd ref="1777"/>
    <tag k="landuse" v="farmland"/>
    <tag k="name" v="Field 17 (37.5 ha)"/>
  </way>
  <way id="120" version="1" timestamp="2026-09-01T12:00:00Z" changeset="1" uid="1" user="generator">
    <nd ref="1782"/>
    <nd ref="1783"/>
    <nd ref="1784"/>
    <nd ref="1785"/>
    <nd ref="1786"/>
    <nd ref="1787"/>
    <nd ref="1788"/>
    <nd ref="1782"/>
    <tag k="landuse" v="farmland"/>
    <tag k="name" v="Field 18 (50.9 ha)"/>
  </way>
  <way id="121" version="1" timestamp="2026-09-01T12:00:00Z" changeset="1" uid="1" user="generator">
    <nd ref="1789"/>
    <nd ref="1790"/>
    <nd ref="1791"/>
    <nd ref="1792"/>
    <nd ref="1793"/>
    <nd ref="1794"/>
    <nd ref="1795"/>
    <nd ref="1789"/>
    <tag k="landuse" v="farmland"/>
    <tag k="name" v="Field 19 (5.2 ha)"/>
  </way>
  <way id="122" version="1" timestamp="2026-09-01T12:00:00Z" changeset="1" uid="1" user="generator">
    <nd ref="1796"/>
    <nd ref="1797"/>
    <nd ref="1798"/>
    <nd ref="1799"/>
    <nd ref="1800"/>
    <nd ref="1801"/>
    <nd ref="1802"/>
    <nd ref="1796"/>
    <tag k="landuse" v="farmland"/>
    <tag k="name" v="Field 20 (53.2 ha)"/>
  </way>
  <way id="123" version="1" timestamp="2026-09-01T12:00:00Z" changeset="1" uid="1" user="generator">
    <nd ref="1803"/>
    <nd ref="1804"/>
    <nd ref="1805"/>
    <nd ref="1806"/>
    <nd ref="1807"/>
    <nd ref="1808"/>
    <nd ref="1809"/>
    <nd ref="1803"/>
    <tag k="landuse" v="farmland"/>
    <tag k="name" v="Field 21 (10.2 ha)"/>
  </way>
  <way id="124" version="1" timestamp="2026-09-01T12:00:00Z" changeset="1" uid="1" user="generator">
    <nd ref="1810"/>
    <nd ref="1811"/>
    <nd ref="1812"/>
    <nd ref="1813"/>
    <nd ref="1814"/>
    <nd ref="1815"/>
    <nd ref="1816"/>
    <nd ref="1810"/>
    <tag k="landuse" v="farmland"/>
    <tag k="name" v="Field 22 (23.8 ha)"/>
  </way>
  <way id="125" version="1" timestamp="2026-09-01T12:00:00Z" changeset="1" uid="1" user="generator">
    <nd ref="1817"/>
    <nd ref="1818"/>
    <nd ref="1819"/>
    <nd ref="1820"/>
    <nd ref="1821"/>
    <nd ref="1822"/>
    <nd ref="1823"/>
    <nd ref="1824"/>
    <nd ref="1825"/>
    <nd ref="1826"/>
    <nd ref="1827"/>
    <nd ref="1828"/>
    <nd ref="1829"/>
    <nd ref="1830"/>
    <nd ref="1831"/>
    <nd ref="1832"/>
    <nd ref="1817"/>
    <tag k="landuse" v="farmland"/>
    <tag k="name" v="Field 23 (16.7 ha)"/>
  </way>
  <way id="126" version="1" timestamp="2026-09-01T12:00:00Z" changeset="1" uid="1" user="generator">
    <nd ref="1833"/>
    <nd ref="1834"/>
    <nd ref="1835"/>
    <nd ref="1836"/>
    <nd ref="1837"/>
    <nd ref="1838"/>
    <nd ref="1839"/>
    <nd ref="1840"/>
    <nd ref="1841"/>
    <nd ref="1842"/>
    <nd ref="1843"/>
    <nd ref="1844"/>
    <nd ref="1833"/>
    <tag k="landuse" v="farmland"/>
    <tag k="name" v="Field 24 (22.8 ha)"/>
  </way>
  <way id="127" version="1" timestamp="2026-09-01T12:00:00Z" changeset="1" uid="1" user="generator">
    <nd ref="1845"/>
    <nd ref="1846"/>
    <nd ref="1847"/>
    <nd ref="1848"/>
    <nd ref="1849"/>
    <nd ref="1850"/>
    <nd ref="1851"/>
    <nd ref="1852"/>
    <nd ref="1853"/>
    <nd ref="1845"/>
    <tag k="landuse" v="farmland"/>
    <tag k="name" v="Field 25 (13.5 ha)"/>
  </way>
  <way id="128" version="1" timestamp="2026-09-01T12:00:00Z" changeset="1" uid="1" user="generator">
    <nd ref="1854"/>
    <nd ref="1855"/>
    <nd ref="1856"/>
    <nd ref="1857"/>
    <nd ref="1858"/>
    <nd ref="1859"/>
    <nd ref="1860"/>
    <nd ref="1861"/>
    <nd ref="1862"/>
    <nd ref="1863"/>
    <nd ref="1864"/>
    <nd ref="1865"/>
    <nd ref="1866"/>
    <nd ref="1854"/>
    <tag k="landuse" v="farmland"/>
    <tag k="name" v="Field 26 (46.2 ha)"/>
  </way>
  <way id="129" version="1" timestamp="2026-09-01T12:00:00Z" changeset="1" uid="1" user="generator">
    <nd ref="1867"/>
    <nd ref="1868"/>
    <nd ref="1869"/>
    <nd ref="1870"/>
    <nd ref="1871"/>
    <nd ref="1872"/>
    <nd ref="1873"/>
    <nd ref="1874"/>
    <nd ref="1875"/>
    <nd ref="1876"/>
    <nd ref="1877"/>
    <nd ref="1878"/>
    <nd ref="1867"/>
    <tag k="landuse" v="farmland"/>
    <tag k="name" v="Field 27 (31.0 ha)"/>
  </way>
  <way id="130" version="1" timestamp="2026-09-01T12:00:00Z" changeset="1" uid="1" user="generator">
    <nd ref="1879"/>
    <nd ref="1880"/>
    <nd ref="1881"/>
    <nd ref="1882"/>
    <nd ref="1883"/>
    <nd ref="1884"/>
    <nd ref="1879"/>
    <tag k="landuse" v="farmland"/>
    <tag k="name" v="Field 28 (15.4 ha)"/>
  </way>
  <way id="131" version="1" timestamp="2026-09-01T12:00:00Z" changeset="1" uid="1" user="generator">
    <nd ref="1885"/>
    <nd ref="1886"/>
    <nd ref="1887"/>
    <nd ref="1888"/>
    <nd ref="1889"/>
    <nd ref="1885"/>
    <tag k="landuse" v="farmland"/>
    <tag k="name" v="Field 29 (10.1 ha)"/>
  </way>
  <way id="132" version="1" timestamp="2026-09-01T12:00:00Z" changeset="1" uid="1" user="generator">
    <nd ref="1890"/>
    <nd ref="1891"/>
    <nd ref="1892"/>
    <nd ref="1893"/>
    <nd ref="1894"/>
    <nd ref="1895"/>
    <nd ref="1890"/>
    <tag k="landuse" v="farmland"/>
    <tag k="name" v="Field 30 (5.3 ha)"/>
  </way>
  <way id="133" version="1" timestamp="2026-09-01T12:00:00Z" changeset="1" uid="1" user="generator">
    <nd ref="1896"/>
    <nd ref="1897"/>
    <nd ref="1898"/>
    <nd ref="1899"/>
    <nd ref="1900"/>
    <nd ref="1901"/>
    <nd ref="1902"/>
    <nd ref="1896"/>
    <tag k="landuse" v="farmland"/>
    <tag k="name" v="Field 31 (6.7 ha)"/>
  </way>
  <way id="134" version="1" timestamp="2026-09-01T12:00:00Z" changeset="1" uid="1" user="generator">
    <nd ref="1903"/>
    <nd ref="1904"/>
    <nd ref="1905"/>
    <nd ref="1906"/>
    <nd ref="1907"/>
    <nd ref="1908"/>
    <nd ref="1903"/>
    <tag k="landuse" v="farmland"/>
    <tag k="name" v="Field 32 (7.6 ha)"/>
  </way>
  <way id="135" version="1" timestamp="2026-09-01T12:00:00Z" changeset="1" uid="1" user="generator">
    <nd ref="1909"/>
    <nd ref="1910"/>
    <nd ref="1911"/>
    <nd ref="1912"/>
    <nd ref="1913"/>
    <nd ref="1914"/>
    <nd ref="1915"/>
    <nd ref="1916"/>
    <nd ref="1917"/>
    <nd ref="1918"/>
    <nd ref="1919"/>
    <nd ref="1920"/>
    <nd ref="1921"/>
    <nd ref="1909"/>
    <tag k="landuse" v="farmland"/>
    <tag k="name" v="Field 33 (20.7 ha)"/>
  </way>
  <way id="136" version="1" timestamp="2026-09-01T12:00:00Z" changeset="1" uid="1" user="generator">
    <nd ref="1922"/>
    <nd ref="1923"/>
    <nd ref="1924"/>
    <nd ref="1925"/>
    <nd ref="1926"/>
    <nd ref="1927"/>
    <nd ref="1928"/>
    <nd ref="1929"/>
    <nd ref="1930"/>
    <nd ref="1931"/>
    <nd ref="1932"/>
    <nd ref="1933"/>
    <nd ref="1934"/>
    <nd ref="1922"/>
    <tag k="landuse" v="farmland"/>
    <tag k="name" v="Field 34 (42.8 ha)"/>
  </way>
  <way id="137" version="1" timestamp="2026-09-01T12:00:00Z" changeset="1" uid="1" user="generator">
    <nd ref="1935"/>
    <nd ref="1936"/>
    <nd ref="1937"/>
    <nd ref="1938"/>
    <nd ref="1939"/>
    <nd ref="1940"/>
    <nd ref="1935"/>
    <tag k="landuse" v="farmland"/>
    <tag k="name" v="Field 35 (6.7 ha)"/>
  </way>
  <way id="138" version="1" timestamp="2026-09-01T12:00:00Z" changeset="1" uid="1" user="generator">
    <nd ref="1941"/>
    <nd ref="1942"/>
    <nd ref="1943"/>
    <nd ref="1944"/>
    <nd ref="1945"/>
    <nd ref="1946"/>
    <nd ref="1947"/>
    <nd ref="1948"/>
    <nd ref="1949"/>
    <nd ref="1950"/>
    <nd ref="1951"/>
    <nd ref="1952"/>
    <nd ref="1941"/>
    <tag k="landuse" v="farmland"/>
    <tag k="name" v="Field 36 (31.0 ha)"/>
  </way>
  <way id="139" version="1" timestamp="2026-09-01T12:00:00Z" changeset="1" uid="1" user="generator">
    <nd ref="1953"/>
    <nd ref="1954"/>
    <nd ref="1955"/>
    <nd ref="1956"/>
    <nd ref="1957"/>
    <nd ref="1958"/>
    <nd ref="1959"/>
    <nd ref="1960"/>
    <nd ref="1961"/>
    <nd ref="1962"/>
    <nd ref="1953"/>
    <tag k="landuse" v="farmland"/>
    <tag k="name" v="Field 37 (12.0 ha)"/>
  </way>
  <way id="140" version="1" timestamp="2026-09-01T12:00:00Z" changeset="1" uid="1" user="generator">
    <nd ref="1963"/>
    <nd ref="1964"/>
    <nd ref="1965"/>
    <nd ref="1966"/>
    <nd ref="1967"/>
    <nd ref="1963"/>
    <tag k="landuse" v="farmland"/>
    <tag k="name" v="Field 38 (8.4 ha)"/>
  </way>
  <way id="141" version="1" timestamp="2026-09-01T12:00:00Z" changeset="1" uid="1" user="generator">
    <nd ref="1968"/>
    <nd ref="1969"/>
    <nd ref="1970"/>
    <nd ref="1971"/>
    <nd ref="1972"/>
    <nd ref="1973"/>
    <nd ref="1968"/>
    <tag k="landuse" v="farmland"/>
    <tag k="name" v="Field 39 (29.8 ha)"/>
  </way>
  <way id="142" version="1" timestamp="2026-09-01T12:00:00Z" changeset="1" uid="1" user="generator">
    <nd ref="1974"/>
    <nd ref="1975"/>
    <nd ref="1976"/>
    <nd ref="1977"/>
    <nd ref="1978"/>
    <nd ref="1979"/>
    <nd ref="1980"/>
    <nd ref="1981"/>
    <nd ref="1982"/>
    <nd ref="1983"/>
    <nd ref="1984"/>
    <nd ref="1974"/>
    <tag k="landuse" v="farmland"/>
    <tag k="name" v="Field 40 (8.7 ha)"/>
  </way>
  <way id="143" version="1" timestamp="2026-09-01T12:00:00Z" changeset="1" uid="1" user="generator">
    <nd ref="1985"/>
    <nd ref="1986"/>
    <nd ref="1987"/>
    <nd ref="1988"/>
    <nd ref="1989"/>
    <nd ref="1990"/>
    <nd ref="1991"/>
    <nd ref="1992"/>
    <nd ref="1993"/>
    <nd ref="1985"/>
    <tag k="landuse" v="farmland"/>
    <tag k="name" v="Field 41 (16.7 ha)"/>
  </way>
  <way id="144" version="1" timestamp="2026-09-01T12:00:00Z" changeset="1" uid="1" user="generator">
    <nd ref="1994"/>
    <nd ref="1995"/>
    <nd ref="1996"/>
    <nd ref="1997"/>
    <nd ref="1998"/>
    <nd ref="1994"/>
    <tag k="landuse" v="farmland"/>
    <tag k="name" v="Field 42 (20.3 ha)"/>
  </way>
  <way id="145" version="1" timestamp="2026-09-01T12:00:00Z" changeset="1" uid="1" user="generator">
    <nd ref="1999"/>
    <nd ref="2000"/>
    <nd ref="2001"/>
    <nd ref="2002"/>
    <nd ref="2003"/>
    <nd ref="2004"/>
    <nd ref="2005"/>
    <nd ref="2006"/>
    <nd ref="1999"/>
    <tag k="landuse" v="farmland"/>
    <tag k="name" v="Field 43 (21.4 ha)"/>
  </way>
  <way id="146" version="1" timestamp="2026-09-01T12:00:00Z" changeset="1" uid="1" user="generator">
    <nd ref="2007"/>
    <nd ref="2008"/>
    <nd ref="2009"/>
    <nd ref="2010"/>
    <nd ref="2011"/>
    <nd ref="2012"/>
    <nd ref="2013"/>
    <nd ref="2014"/>
    <nd ref="2015"/>
    <nd ref="2016"/>
    <nd ref="2007"/>
    <tag k="landuse" v="farmland"/>
    <tag k="name" v="Field 44 (27.2 ha)"/>
  </way>
  <way id="147" version="1" timestamp="2026-09-01T12:00:00Z" changeset="1" uid="1" user="generator">
    <nd ref="2017"/>
    <nd ref="2018"/>
    <nd ref="2019"/>
    <nd ref="2020"/>
    <nd ref="2021"/>
    <nd ref="2022"/>
    <nd ref="2023"/>
    <nd ref="2024"/>
    <nd ref="2025"/>
    <nd ref="2017"/>
    <tag k="landuse" v="farmland"/>
    <tag k="name" v="Field 45 (12.2 ha)"/>
  </way>
  <way id="148" version="1" timestamp="2026-09-01T12:00:00Z" changeset="1" uid="1" user="generator">
    <nd ref="2026"/>
    <nd ref="2027"/>
    <nd ref="2028"/>
    <nd ref="2029"/>
    <nd ref="2030"/>
    <nd ref="2031"/>
    <nd ref="2032"/>
    <nd ref="2033"/>
    <nd ref="2034"/>
    <nd ref="2026"/>
    <tag k="landuse" v="farmland"/>
    <tag k="name" v="Field 46 (10.4 ha)"/>
  </way>
  <way id="149" version="1" timestamp="2026-09-01T12:00:00Z" changeset="1" uid="1" user="generator">
    <nd ref="2035"/>
    <nd ref="2036"/>
    <nd ref="2037"/>
    <nd ref="2038"/>
    <nd ref="2039"/>
    <nd ref="2040"/>
    <nd ref="2041"/>
    <nd ref="2042"/>
    <nd ref="2043"/>
    <nd ref="2044"/>
    <nd ref="2045"/>
    <nd ref="2035"/>
    <tag k="landuse" v="farmland"/>
    <tag k="name" v="Field 47 (7.8 ha)"/>
  </way>
  <way id="150" version="1" timestamp="2026-09-01T12:00:00Z" changeset="1" uid="1" user="generator">
    <nd ref="2046"/>
    <nd ref="2047"/>
    <nd ref="2048"/>
    <nd ref="2049"/>
    <nd ref="2050"/>
    <nd ref="2051"/>
    <nd ref="2052"/>
    <nd ref="2053"/>
    <nd ref="2054"/>
    <nd ref="2055"/>
    <nd ref="2056"/>
    <nd ref="2057"/>
    <nd ref="2058"/>
    <nd ref="2046"/>
    <tag k="landuse" v="farmland"/>
    <tag k="name" v="Field 48 (44.0 ha)"/>
  </way>
  <way id="151" version="1" timestamp="2026-09-01T12:00:00Z" changeset="1" uid="1" user="generator">
    <nd ref="2059"/>
    <nd ref="2060"/>
    <nd ref="2061"/>
    <nd ref="2062"/>
    <nd ref="2063"/>
    <nd ref="2064"/>
    <nd ref="2065"/>
    <nd ref="2066"/>
    <nd ref="2067"/>
    <nd ref="2068"/>
    <nd ref="2069"/>
    <nd ref="2070"/>
    <nd ref="2071"/>
    <nd ref="2072"/>
    <nd ref="2073"/>
    <nd ref="2074"/>
    <nd ref="2059"/>
    <tag k="landuse" v="farmland"/>
    <tag k="name" v="Field 49 (17.6 ha)"/>
  </way>
  <way id="152" version="1" timestamp="2026-09-01T12:00:00Z" changeset="1" uid="1" user="generator">
    <nd ref="2075"/>
    <nd ref="2076"/>
    <nd ref="2077"/>
    <nd ref="2078"/>
    <nd ref="2079"/>
    <nd ref="2080"/>
    <nd ref="2081"/>
    <nd ref="2082"/>
    <nd ref="2083"/>
    <nd ref="2084"/>
    <nd ref="2085"/>
    <nd ref="2086"/>
    <nd ref="2087"/>
    <nd ref="2088"/>
    <nd ref="2089"/>
    <nd ref="2090"/>
    <nd ref="2091"/>
    <nd ref="2092"/>
    <nd ref="2093"/>
    <nd ref="2094"/>
    <nd ref="2075"/>
    <tag k="landuse" v="farmland"/>
    <tag k="name" v="Field 50 (18.8 ha)"/>
  </way>
  <way id="153" version="1" timestamp="2026-09-01T12:00:00Z" changeset="1" uid="1" user="generator">
    <nd ref="2095"/>
    <nd ref="2096"/>
    <nd ref="2097"/>
    <nd ref="2098"/>
    <nd ref="2099"/>
    <nd ref="2100"/>
    <nd ref="2101"/>
    <nd ref="2102"/>
    <nd ref="2095"/>
    <tag k="landuse" v="farmland"/>
    <tag k="name" v="Field 51 (5.2 ha)"/>
  </way>
  <way id="154" version="1" timestamp="2026-09-01T12:00:00Z" changeset="1" uid="1" user="generator">
    <nd ref="2103"/>
    <nd ref="2104"/>
    <nd ref="2105"/>
    <nd ref="2106"/>
    <nd ref="2107"/>
    <nd ref="2108"/>
    <nd ref="2109"/>
    <nd ref="2110"/>
    <nd ref="2111"/>
    <nd ref="2112"/>
    <nd ref="2113"/>
    <nd ref="2114"/>
    <nd ref="2115"/>
    <nd ref="2116"/>
    <nd ref="2103"/>
    <tag k="landuse" v="farmland"/>
    <tag k="name" v="Field 52 (34.7 ha)"/>
  </way>
  <way id="155" version="1" timestamp="2026-09-01T12:00:00Z" changeset="1" uid="1" user="generator">
    <nd ref="2117"/>
    <nd ref="2118"/>
    <nd ref="2119"/>
    <nd ref="2120"/>
    <nd ref="2121"/>
    <nd ref="2117"/>
    <tag k="landuse" v="farmland"/>
    <tag k="name" v="Field 53 (15.5 ha)"/>
  </way>
  <way id="156" version="1" timestamp="2026-09-01T12:00:00Z" changeset="1" uid="1" user="generator">
    <nd ref="2122"/>
    <nd ref="2123"/>
    <nd ref="2124"/>
    <nd ref="2125"/>
    <nd ref="2126"/>
    <nd ref="2127"/>
    <nd ref="2128"/>
    <nd ref="2129"/>
    <nd ref="2130"/>
    <nd ref="2131"/>
    <nd ref="2122"/>
    <tag k="landuse" v="farmland"/>
    <tag k="name" v="Field 54 (18.1 ha)"/>
  </way>
  <way id="157" version="1" timestamp="2026-09-01T12:00:00Z" changeset="1" uid="1" user="generator">
    <nd ref="2132"/>
    <nd ref="2133"/>
    <nd ref="2134"/>
    <nd ref="2135"/>
    <nd ref="2136"/>
    <nd ref="2137"/>
    <nd ref="2138"/>
    <nd ref="2139"/>
    <nd ref="2140"/>
    <nd ref="2141"/>
    <nd ref="2142"/>
    <nd ref="2143"/>
    <nd ref="2144"/>
    <nd ref="2145"/>
    <nd ref="2146"/>
    <nd ref="2147"/>
    <nd ref="2148"/>
    <nd ref="2132"/>
    <tag k="landuse" v="farmland"/>
    <tag k="name" v="Field 55 (28.3 ha)"/>
  </way>
  <way id="158" version="1" timestamp="2026-09-01T12:00:00Z" changeset="1" uid="1" user="generator">
    <nd ref="2149"/>
    <nd ref="2150"/>
    <nd ref="2151"/>
    <nd ref="2152"/>
    <nd ref="2153"/>
    <nd ref="2154"/>
    <nd ref="2155"/>
    <nd ref="2149"/>
    <tag k="landuse" v="farmland"/>
    <tag k="name" v="Field 56 (38.6 ha)"/>
  </way>
  <way id="159" version="1" timestamp="2026-09-01T12:00:00Z" changeset="1" uid="1" user="generator">
    <nd ref="2156"/>
    <nd ref="2157"/>
    <nd ref="2158"/>
    <nd ref="2159"/>
    <nd ref="2160"/>
    <nd ref="2161"/>
    <nd ref="2162"/>
    <nd ref="2163"/>
    <nd ref="2164"/>
    <nd ref="2165"/>
    <nd ref="2156"/>
    <tag k="landuse" v="farmland"/>
    <tag k="name" v="Field 57 (9.0 ha)"/>
  </way>
  <way id="160" version="1" timestamp="2026-09-01T12:00:00Z" changeset="1" uid="1" user="generator">
    <nd ref="2166"/>
    <nd ref="2167"/>
    <nd ref="2168"/>
    <nd ref="2169"/>
    <nd ref="2170"/>
    <nd ref="2171"/>
    <nd ref="2172"/>
    <nd ref="2173"/>
    <nd ref="2166"/>
    <tag k="landuse" v="farmland"/>
    <tag k="name" v="Field 58 (35.7 ha)"/>
  </way>
  <way id="161" version="1" timestamp="2026-09-01T12:00:00Z" changeset="1" uid="1" user="generator">
    <nd ref="2174"/>
    <nd ref="2175"/>
    <nd ref="2176"/>
    <nd ref="2177"/>
    <nd ref="2178"/>
    <nd ref="2179"/>
    <nd ref="2180"/>
    <nd ref="2181"/>
    <nd ref="2182"/>
    <nd ref="2183"/>
    <nd ref="2184"/>
    <nd ref="2185"/>
    <nd ref="2174"/>
    <tag k="landuse" v="farmland"/>
    <tag k="name" v="Field 59 (15.9 ha)"/>
  </way>
  <way id="162" version="1" timestamp="2026-09-01T12:00:00Z" changeset="1" uid="1" user="generator">
    <nd ref="2186"/>
    <nd ref="2187"/>
    <nd ref="2188"/>
    <nd ref="2189"/>
    <nd ref="2190"/>
    <nd ref="2191"/>
    <nd ref="2192"/>
    <nd ref="2193"/>
    <nd ref="2186"/>
    <tag k="landuse" v="farmland"/>
    <tag k="name" v="Field 60 (48.3 ha)"/>
  </way>
  <way id="163" version="1" timestamp="2026-09-01T12:00:00Z" changeset="1" uid="1" user="generator">
    <nd ref="2194"/>
    <nd ref="2195"/>
    <nd ref="2196"/>
    <nd ref="2197"/>
    <nd ref="2198"/>
    <nd ref="2199"/>
    <nd ref="2200"/>
    <nd ref="2201"/>
    <nd ref="2202"/>
    <nd ref="2203"/>
    <nd ref="2204"/>
    <nd ref="2205"/>
    <nd ref="2206"/>
    <nd ref="2207"/>
    <nd ref="2208"/>
    <nd ref="2209"/>
    <nd ref="2194"/>
    <tag k="landuse" v="farmland"/>
    <tag k="name" v="Field 61 (24.6 ha)"/>
  </way>
  <way id="164" version="1" timestamp="2026-09-01T12:00:00Z" changeset="1" uid="1" user="generator">
    <nd ref="2210"/>
    <nd ref="2211"/>
    <nd ref="2212"/>
    <nd ref="2213"/>
    <nd ref="2214"/>
    <nd ref="2215"/>
    <nd ref="2210"/>
    <tag k="landuse" v="farmland"/>
    <tag k="name" v="Field 62 (12.1 ha)"/>
  </way>
  <way id="165" version="1" timestamp="2026-09-01T12:00:00Z" changeset="1" uid="1" user="generator">
    <nd ref="2216"/>
    <nd ref="2217"/>
    <nd ref="2218"/>
    <nd ref="2219"/>
    <nd ref="2220"/>
    <nd ref="2221"/>
    <nd ref="2222"/>
    <nd ref="2223"/>
    <nd ref="2224"/>
    <nd ref="2225"/>
    <nd ref="2226"/>
    <nd ref="2227"/>
    <nd ref="2216"/>
    <tag k="landuse" v="farmland"/>
    <tag k="name" v="Field 63 (35.8 ha)"/>
  </way>
  <way id="166" version="1" timestamp="2026-09-01T12:00:00Z" changeset="1" uid="1" user="generator">
    <nd ref="2228"/>
    <nd ref="2229"/>
    <nd ref="2230"/>
    <nd ref="2231"/>
    <nd ref="2232"/>
    <nd ref="2233"/>
    <nd ref="2234"/>
    <nd ref="2235"/>
    <nd ref="2236"/>
    <nd ref="2237"/>
    <nd ref="2228"/>
    <tag k="landuse" v="farmland"/>
    <tag k="name" v="Field 64 (31.1 ha)"/>
  </way>
  <way id="167" version="1" timestamp="2026-09-01T12:00:00Z" changeset="1" uid="1" user="generator">
    <nd ref="2238"/>
    <nd ref="2239"/>
    <nd ref="2240"/>
    <nd ref="2241"/>
    <nd ref="2242"/>
    <nd ref="2243"/>
    <nd ref="2244"/>
    <nd ref="2245"/>
    <nd ref="2246"/>
    <nd ref="2247"/>
    <nd ref="2248"/>
    <nd ref="2249"/>
    <nd ref="2238"/>
    <tag k="landuse" v="farmland"/>
    <tag k="name" v="Field 65 (48.3 ha)"/>
  </way>
  <way id="168" version="1" timestamp="2026-09-01T12:00:00Z" changeset="1" uid="1" user="generator">
    <nd ref="2250"/>
    <nd ref="2251"/>
    <nd ref="2252"/>
    <nd ref="2253"/>
    <nd ref="2254"/>
    <nd ref="2255"/>
    <nd ref="2256"/>
    <nd ref="2257"/>
    <nd ref="2258"/>
    <nd ref="2259"/>
    <nd ref="2260"/>
    <nd ref="2261"/>
    <nd ref="2262"/>
    <nd ref="2263"/>
    <nd ref="2264"/>
    <nd ref="2265"/>
    <nd ref="2250"/>
    <tag k="landuse" v="farmland"/>
    <tag k="name" v="Field 66 (45.9 ha)"/>
  </way>
  <way id="169" version="1" timestamp="2026-09-01T12:00:00Z" changeset="1" uid="1" user="generator">
    <nd ref="2266"/>
    <nd ref="2267"/>
    <nd ref="2268"/>
    <nd ref="2269"/>
    <nd ref="2270"/>
    <nd ref="2271"/>
    <nd ref="2272"/>
    <nd ref="2273"/>
    <nd ref="2274"/>
    <nd ref="2275"/>
    <nd ref="2276"/>
    <nd ref="2266"/>
    <tag k="landuse" v="farmland"/>
    <tag k="name" v="Field 67 (43.9 ha)"/>
  </way>
  <way id="170" version="1" timestamp="2026-09-01T12:00:00Z" changeset="1" uid="1" user="generator">
    <nd ref="2277"/>
    <nd ref="2278"/>
    <nd ref="2279"/>
    <nd ref="2280"/>
    <nd ref="2281"/>
    <nd ref="2282"/>
    <nd ref="2283"/>
    <nd ref="2284"/>
    <nd ref="2285"/>
    <nd ref="2286"/>
    <nd ref="2287"/>
    <nd ref="2288"/>
    <nd ref="2289"/>
    <nd ref="2290"/>
    <nd ref="2291"/>
    <nd ref="2277"/>
    <tag k="landuse" v="farmland"/>
    <tag k="name" v="Field 68 (44.6 ha)"/>
  </way>
  <way id="171" version="1" timestamp="2026-09-01T12:00:00Z" changeset="1" uid="1" user="generator">
    <nd ref="2292"/>
    <nd ref="2293"/>
    <nd ref="2294"/>
    <nd ref="2295"/>
    <nd ref="2296"/>
    <nd ref="2297"/>
    <nd ref="2298"/>
    <nd ref="2299"/>
    <nd ref="2300"/>
    <nd ref="2301"/>
    <nd ref="2302"/>
    <nd ref="2303"/>
    <nd ref="2304"/>
    <nd ref="2292"/>
    <tag k="landuse" v="farmland"/>
    <tag k="name" v="Field 69 (38.3 ha)"/>
  </way>
  <way id="172" version="1" timestamp="2026-09-01T12:00:00Z" changeset="1" uid="1" user="generator">
    <nd ref="2305"/>
    <nd ref="2306"/>
    <nd ref="2307"/>
    <nd ref="2308"/>
    <nd ref="2309"/>
    <nd ref="2310"/>
    <nd ref="2311"/>
    <nd ref="2312"/>
    <nd ref="2313"/>
    <nd ref="2305"/>
    <tag k="landuse" v="farmland"/>
    <tag k="name" v="Field 70 (34.3 ha)"/>
  </way>
  <way id="173" version="1" timestamp="2026-09-01T12:00:00Z" changeset="1" uid="1" user="generator">
    <nd ref="2314"/>
    <nd ref="2315"/>
    <nd ref="2316"/>
    <nd ref="2317"/>
    <nd ref="2318"/>
    <nd ref="2319"/>
    <nd ref="2320"/>
    <nd ref="2321"/>
    <nd ref="2322"/>
    <nd ref="2314"/>
    <tag k="landuse" v="farmland"/>
    <tag k="name" v="Field 71 (32.7 ha)"/>
  </way>
  <way id="174" version="1" timestamp="2026-09-01T12:00:00Z" changeset="1" uid="1" user="generator">
    <nd ref="2323"/>
    <nd ref="2324"/>
    <nd ref="2325"/>
    <nd ref="2326"/>
    <nd ref="2327"/>
    <nd ref="2328"/>
    <nd ref="2329"/>
    <nd ref="2330"/>
    <nd ref="2331"/>
    <nd ref="2332"/>
    <nd ref="2333"/>
    <nd ref="2334"/>
    <nd ref="2335"/>
    <nd ref="2323"/>
    <tag k="landuse" v="farmland"/>
    <tag k="name" v="Field 72 (19.1 ha)"/>
  </way>
  <way id="175" version="1" timestamp="2026-09-01T12:00:00Z" changeset="1" uid="1" user="generator">
    <nd ref="2336"/>
    <nd ref="2337"/>
    <nd ref="2338"/>
    <nd ref="2339"/>
    <nd ref="2340"/>
    <nd ref="2341"/>
    <nd ref="2342"/>
    <nd ref="2343"/>
    <nd ref="2344"/>
    <nd ref="2345"/>
    <nd ref="2336"/>
    <tag k="landuse" v="farmland"/>
    <tag k="name" v="Field 73 (16.5 ha)"/>
  </way>
  <way id="176" version="1" timestamp="2026-09-01T12:00:00Z" changeset="1" uid="1" user="generator">
    <nd ref="2346"/>
    <nd ref="2347"/>
    <nd ref="2348"/>
    <nd ref="2349"/>
    <nd ref="2350"/>
    <nd ref="2351"/>
    <nd ref="2352"/>
    <nd ref="2353"/>
    <nd ref="2354"/>
    <nd ref="2346"/>
    <tag k="landuse" v="farmland"/>
    <tag k="name" v="Field 74 (52.9 ha)"/>
  </way>
  <way id="177" version="1" timestamp="2026-09-01T12:00:00Z" changeset="1" uid="1" user="generator">
    <nd ref="2355"/>
    <nd ref="2356"/>
    <nd ref="2357"/>
    <nd ref="2358"/>
    <nd ref="2359"/>
    <nd ref="2360"/>
    <nd ref="2361"/>
    <nd ref="2362"/>
    <nd ref="2355"/>
    <tag k="landuse" v="farmland"/>
    <tag k="name" v="Field 75 (51.1 ha)"/>
  </way>
  <way id="178" version="1" timestamp="2026-09-01T12:00:00Z" changeset="1" uid="1" user="generator">
    <nd ref="2363"/>
    <nd ref="2364"/>
    <nd ref="2365"/>
    <nd ref="2366"/>
    <nd ref="2367"/>
    <nd ref="2368"/>
    <nd ref="2363"/>
    <tag k="landuse" v="farmland"/>
    <tag k="name" v="Field 76 (48.5 ha)"/>
  </way>
  <way id="179" version="1" timestamp="2026-09-01T12:00:00Z" changeset="1" uid="1" user="generator">
    <nd ref="2369"/>
    <nd ref="2370"/>
    <nd ref="2371"/>
    <nd ref="2372"/>
    <nd ref="2373"/>
    <nd ref="2369"/>
    <tag k="landuse" v="farmland"/>
    <tag k="name" v="Field 77 (59.4 ha)"/>
  </way>
  <way id="180" version="1" timestamp="2026-09-01T12:00:00Z" changeset="1" uid="1" user="generator">
    <nd ref="2374"/>
    <nd ref="2375"/>
    <nd ref="2376"/>
    <nd ref="2377"/>
    <nd ref="2378"/>
    <nd ref="2379"/>
    <nd ref="2380"/>
    <nd ref="2381"/>
    <nd ref="2382"/>
    <nd ref="2383"/>
    <nd ref="2384"/>
    <nd ref="2385"/>
    <nd ref="2374"/>
    <tag k="landuse" v="farmland"/>
    <tag k="name" v="Field 78 (56.7 ha)"/>
  </way>
  <way id="181" version="1" timestamp="2026-09-01T12:00:00Z" changeset="1" uid="1" user="generator">
    <nd ref="2386"/>
    <nd ref="2387"/>
    <nd ref="2388"/>
    <nd ref="2389"/>
    <nd ref="2390"/>
    <nd ref="2391"/>
    <nd ref="2392"/>
    <nd ref="2393"/>
    <nd ref="2394"/>
    <nd ref="2395"/>
    <nd ref="2386"/>
    <tag k="landuse" v="farmland"/>
    <tag k="name" v="Field 79 (32.7 ha)"/>
  </way>
  <way id="182" version="1" timestamp="2026-09-01T12:00:00Z" changeset="1" uid="1" user="generator">
    <nd ref="2396"/>
    <nd ref="2397"/>
    <nd ref="2398"/>
    <nd ref="2399"/>
    <nd ref="2400"/>
    <nd ref="2401"/>
    <nd ref="2396"/>
    <tag k="landuse" v="farmland"/>
    <tag k="name" v="Field 80 (39.4 ha)"/>
  </way>
  <way id="183" version="1" timestamp="2026-09-01T12:00:00Z" changeset="1" uid="1" user="generator">
    <nd ref="2402"/>
    <nd ref="2403"/>
    <nd ref="2404"/>
    <nd ref="2405"/>
    <nd ref="2406"/>
    <nd ref="2407"/>
    <nd ref="2408"/>
    <nd ref="2409"/>
    <nd ref="2410"/>
    <nd ref="2411"/>
    <nd ref="2412"/>
    <nd ref="2413"/>
    <nd ref="2414"/>
    <nd ref="2415"/>
    <nd ref="2416"/>
    <nd ref="2417"/>
    <nd ref="2402"/>
    <tag k="landuse" v="farmland"/>
    <tag k="name" v="Field 81 (35.5 ha)"/>
  </way>
  <way id="184" version="1" timestamp="2026-09-01T12:00:00Z" changeset="1" uid="1" user="generator">
    <nd ref="2418"/>
    <nd ref="2419"/>
    <nd ref="2420"/>
    <nd ref="2421"/>
    <nd ref="2422"/>
    <nd ref="2423"/>
    <nd ref="2424"/>
    <nd ref="2425"/>
    <nd ref="2426"/>
    <nd ref="2427"/>
    <nd ref="2418"/>
    <tag k="landuse" v="farmland"/>
    <tag k="name" v="Field 82 (9.3 ha)"/>
  </way>
  <way id="185" version="1" timestamp="2026-09-01T12:00:00Z" changeset="1" uid="1" user="generator">
    <nd ref="2428"/>
    <nd ref="2429"/>
    <nd ref="2430"/>
    <nd ref="2431"/>
    <nd ref="2432"/>
    <nd ref="2433"/>
    <nd ref="2434"/>
    <nd ref="2435"/>
    <nd ref="2436"/>
    <nd ref="2437"/>
    <nd ref="2438"/>
    <nd ref="2439"/>
    <nd ref="2428"/>
    <tag k="landuse" v="farmland"/>
    <tag k="name" v="Field 83 (14.1 ha)"/>
  </way>
  <way id="186" version="1" timestamp="2026-09-01T12:00:00Z" changeset="1" uid="1" user="generator">
    <nd ref="2440"/>
    <nd ref="2441"/>
    <nd ref="2442"/>
    <nd ref="2443"/>
    <nd ref="2444"/>
    <nd ref="2445"/>
    <nd ref="2446"/>
    <nd ref="2447"/>
    <nd ref="2448"/>
    <nd ref="2449"/>
    <nd ref="2450"/>
    <nd ref="2451"/>
    <nd ref="2440"/>
    <tag k="landuse" v="farmland"/>
    <tag k="name" v="Field 84 (26.4 ha)"/>
  </way>
  <way id="187" version="1" timestamp="2026-09-01T12:00:00Z" changeset="1" uid="1" user="generator">
    <nd ref="2452"/>
    <nd ref="2453"/>
    <nd ref="2454"/>
    <nd ref="2455"/>
    <nd ref="2456"/>
    <nd ref="2457"/>
    <nd ref="2458"/>
    <nd ref="2459"/>
    <nd ref="2460"/>
    <nd ref="2461"/>
    <nd ref="2462"/>
    <nd ref="2463"/>
    <nd ref="2464"/>
    <nd ref="2465"/>
    <nd ref="2466"/>
    <nd ref="2467"/>
    <nd ref="2468"/>
    <nd ref="2469"/>
    <nd ref="2470"/>
    <nd ref="2471"/>
    <nd ref="2472"/>
    <nd ref="2473"/>
    <nd ref="2452"/>
    <tag k="landuse" v="farmland"/>
    <tag k="name" v="Field 85 (39.5 ha)"/>
  </way>
  <way id="188" version="1" timestamp="2026-09-01T12:00:00Z" changeset="1" uid="1" user="generator">
    <nd ref="2474"/>
    <nd ref="2475"/>
    <nd ref="2476"/>
    <nd ref="2477"/>
    <nd ref="2478"/>
    <nd ref="2479"/>
    <nd ref="2480"/>
    <nd ref="2481"/>
    <nd ref="2482"/>
    <nd ref="2483"/>
    <nd ref="2484"/>
    <nd ref="2474"/>
    <tag k="landuse" v="farmland"/>
    <tag k="name" v="Field 86 (47.1 ha)"/>
  </way>
  <way id="189" version="1" timestamp="2026-09-01T12:00:00Z" changeset="1" uid="1" user="generator">
    <nd ref="2485"/>
    <nd ref="2486"/>
    <nd ref="2487"/>
    <nd ref="2488"/>
    <nd ref="2489"/>
    <nd ref="2490"/>
    <nd ref="2485"/>
    <tag k="landuse" v="farmland"/>
    <tag k="name" v="Field 87 (46.5 ha)"/>
  </way>
  <way id="190" version="1" timestamp="2026-09-01T12:00:00Z" changeset="1" uid="1" user="generator">
    <nd ref="2491"/>
    <nd ref="2492"/>
    <nd ref="2493"/>
    <nd ref="2494"/>
    <nd ref="2495"/>
    <nd ref="2496"/>
    <nd ref="2497"/>
    <nd ref="2498"/>
    <nd ref="2499"/>
    <nd ref="2491"/>
    <tag k="landuse" v="farmland"/>
    <tag k="name" v="Field 88 (25.9 ha)"/>
  </way>
  <way id="191" version="1" timestamp="2026-09-01T12:00:00Z" changeset="1" uid="1" user="generator">
    <nd ref="2500"/>
    <nd ref="2501"/>
    <nd ref="2502"/>
    <nd ref="2503"/>
    <nd ref="2504"/>
    <nd ref="2505"/>
    <nd ref="2506"/>
    <nd ref="2507"/>
    <nd ref="2508"/>
    <nd ref="2500"/>
    <tag k="landuse" v="farmland"/>
    <tag k="name" v="Field 89 (43.0 ha)"/>
  </way>
  <way id="192" version="1" timestamp="2026-09-01T12:00:00Z" changeset="1" uid="1" user="generator">
    <nd ref="2509"/>
    <nd ref="2510"/>
    <nd ref="2511"/>
    <nd ref="2512"/>
    <nd ref="2513"/>
    <nd ref="2514"/>
    <nd ref="2515"/>
    <nd ref="2516"/>
    <nd ref="2517"/>
    <nd ref="2518"/>
    <nd ref="2509"/>
    <tag k="landuse" v="farmland"/>
    <tag k="name" v="Field 90 (27.7 ha)"/>
  </way>
  <way id="193" version="1" timestamp="2026-09-01T12:00:00Z" changeset="1" uid="1" user="generator">
    <nd ref="2519"/>
    <nd ref="2520"/>
    <nd ref="2521"/>
    <nd ref="2522"/>
    <nd ref="2523"/>
    <nd ref="2524"/>
    <nd ref="2525"/>
    <nd ref="2526"/>
    <nd ref="2527"/>
    <nd ref="2519"/>
    <tag k="landuse" v="farmland"/>
    <tag k="name" v="Field 91 (6.9 ha)"/>
  </way>
  <way id="194" version="1" timestamp="2026-09-01T12:00:00Z" changeset="1" uid="1" user="generator">
    <nd ref="2528"/>
    <nd ref="2529"/>
    <nd ref="2530"/>
    <nd ref="2531"/>
    <nd ref="2532"/>
    <nd ref="2533"/>
    <nd ref="2534"/>
    <nd ref="2535"/>
    <nd ref="2528"/>
    <tag k="landuse" v="farmland"/>
    <tag k="name" v="Field 92 (7.9 ha)"/>
  </way>
  <way id="195" version="1" timestamp="2026-09-01T12:00:00Z" changeset="1" uid="1" user="generator">
    <nd ref="2536"/>
    <nd ref="2537"/>
    <nd ref="2538"/>
    <nd ref="2539"/>
    <nd ref="2540"/>
    <nd ref="2541"/>
    <nd ref="2542"/>
    <nd ref="2543"/>
    <nd ref="2544"/>
    <nd ref="2545"/>
    <nd ref="2536"/>
    <tag k="landuse" v="farmland"/>
    <tag k="name" v="Field 93 (11.3 ha)"/>
  </way>
  <way id="196" version="1" timestamp="2026-09-01T12:00:00Z" changeset="1" uid="1" user="generator">
    <nd ref="2546"/>
    <nd ref="2547"/>
    <nd ref="2548"/>
    <nd ref="2549"/>
    <nd ref="2550"/>
    <nd ref="2551"/>
    <nd ref="2552"/>
    <nd ref="2553"/>
    <nd ref="2554"/>
    <nd ref="2555"/>
    <nd ref="2556"/>
    <nd ref="2557"/>
    <nd ref="2558"/>
    <nd ref="2559"/>
    <nd ref="2560"/>
    <nd ref="2561"/>
    <nd ref="2562"/>
    <nd ref="2563"/>
    <nd ref="2564"/>
    <nd ref="2565"/>
    <nd ref="2546"/>
    <tag k="landuse" v="farmland"/>
    <tag k="name" v="Field 94 (51.2 ha)"/>
  </way>
  <way id="197" version="1" timestamp="2026-09-01T12:00:00Z" changeset="1" uid="1" user="generator">
    <nd ref="2566"/>
    <nd ref="2567"/>
    <nd ref="2568"/>
    <nd ref="2569"/>
    <nd ref="2570"/>
    <nd ref="2571"/>
    <nd ref="2572"/>
    <nd ref="2573"/>
    <nd ref="2574"/>
    <nd ref="2575"/>
    <nd ref="2576"/>
    <nd ref="2566"/>
    <tag k="landuse" v="farmland"/>
    <tag k="name" v="Field 95 (72.1 ha)"/>
  </way>
  <way id="198" version="1" timestamp="2026-09-01T12:00:00Z" changeset="1" uid="1" user="generator">
    <nd ref="2577"/>
    <nd ref="2578"/>
    <nd ref="2579"/>
    <nd ref="2580"/>
    <nd ref="2581"/>
    <nd ref="2582"/>
    <nd ref="2583"/>
    <nd ref="2584"/>
    <nd ref="2577"/>
    <tag k="landuse" v="farmland"/>
    <tag k="name" v="Field 96 (53.1 ha)"/>
  </way>
  <way id="199" version="1" timestamp="2026-09-01T12:00:00Z" changeset="1" uid="1" user="generator">
    <nd ref="2585"/>
    <nd ref="2586"/>
    <nd ref="2587"/>
    <nd ref="2588"/>
    <nd ref="2589"/>
    <nd ref="2585"/>
    <tag k="landuse" v="farmland"/>
    <tag k="name" v="Field 97 (45.8 ha)"/>
  </way>
  <way id="200" version="1" timestamp="2026-09-01T12:00:00Z" changeset="1" uid="1" user="generator">
    <nd ref="2590"/>
    <nd ref="2591"/>
    <nd ref="2592"/>
    <nd ref="2593"/>
    <nd ref="2594"/>
    <nd ref="2595"/>
    <nd ref="2596"/>
    <nd ref="2597"/>
    <nd ref="2598"/>
    <nd ref="2599"/>
    <nd ref="2600"/>
    <nd ref="2601"/>
    <nd ref="2590"/>
    <tag k="landuse" v="farmland"/>
    <tag k="name" v="Field 98 (45.7 ha)"/>
  </way>
  <way id="201" version="1" timestamp="2026-09-01T12:00:00Z" changeset="1" uid="1" user="generator">
    <nd ref="2602"/>
    <nd ref="2603"/>
    <nd ref="2604"/>
    <nd ref="2605"/>
    <nd ref="2606"/>
    <nd ref="2607"/>
    <nd ref="2608"/>
    <nd ref="2609"/>
    <nd ref="2610"/>
    <nd ref="2611"/>
    <nd ref="2612"/>
    <nd ref="2613"/>
    <nd ref="2614"/>
    <nd ref="2602"/>
    <tag k="landuse" v="farmland"/>
    <tag k="name" v="Field 99 (58.6 ha)"/>
  </way>
  <way id="202" version="1" timestamp="2026-09-01T12:00:00Z" changeset="1" uid="1" user="generator">
    <nd ref="2615"/>
    <nd ref="2616"/>
    <nd ref="2617"/>
    <nd ref="2618"/>
    <nd ref="2619"/>
    <nd ref="2620"/>
    <nd ref="2621"/>
    <nd ref="2615"/>
    <tag k="landuse" v="farmland"/>
    <tag k="name" v="Field 100 (17.7 ha)"/>
  </way>
  <way id="203" version="1" timestamp="2026-09-01T12:00:00Z" changeset="1" uid="1" user="generator">
    <nd ref="2622"/>
    <nd ref="2623"/>
    <nd ref="2624"/>
    <nd ref="2625"/>
    <nd ref="2626"/>
    <nd ref="2627"/>
    <nd ref="2628"/>
    <nd ref="2629"/>
    <nd ref="2630"/>
    <nd ref="2631"/>
    <nd ref="2632"/>
    <nd ref="2633"/>
    <nd ref="2634"/>
    <nd ref="2635"/>
    <nd ref="2636"/>
    <nd ref="2637"/>
    <nd ref="2638"/>
    <nd ref="2639"/>
    <nd ref="2640"/>
    <nd ref="2641"/>
    <nd ref="2622"/>
    <tag k="landuse" v="farmland"/>
    <tag k="name" v="Field 101 (50.4 ha)"/>
  </way>
  <way id="204" version="1" timestamp="2026-09-01T12:00:00Z" changeset="1" uid="1" user="generator">
    <nd ref="2642"/>
    <nd ref="2643"/>
    <nd ref="2644"/>
    <nd ref="2645"/>
    <nd ref="2646"/>
    <nd ref="2647"/>
    <nd ref="2648"/>
    <nd ref="2649"/>
    <nd ref="2650"/>
    <nd ref="2651"/>
    <nd ref="2652"/>
    <nd ref="2653"/>
    <nd ref="2654"/>
    <nd ref="2655"/>
    <nd ref="2656"/>
    <nd ref="2657"/>
    <nd ref="2658"/>
    <nd ref="2642"/>
    <tag k="landuse" v="farmland"/>
    <tag k="name" v="Field 102 (32.1 ha)"/>
  </way>
  <way id="205" version="1" timestamp="2026-09-01T12:00:00Z" changeset="1" uid="1" user="generator">
    <nd ref="2659"/>
    <nd ref="2660"/>
    <nd ref="2661"/>
    <nd ref="2662"/>
    <nd ref="2663"/>
    <nd ref="2664"/>
    <nd ref="2665"/>
    <nd ref="2666"/>
    <nd ref="2667"/>
    <nd ref="2668"/>
    <nd ref="2669"/>
    <nd ref="2659"/>
    <tag k="landuse" v="farmland"/>
    <tag k="name" v="Field 103 (52.4 ha)"/>
  </way>
  <way id="206" version="1" timestamp="2026-09-01T12:00:00Z" changeset="1" uid="1" user="generator">
    <nd ref="2670"/>
    <nd ref="2671"/>
    <nd ref="2672"/>
    <nd ref="2673"/>
    <nd ref="2674"/>
    <nd ref="2675"/>
    <nd ref="2676"/>
    <nd ref="2677"/>
    <nd ref="2678"/>
    <nd ref="2679"/>
    <nd ref="2680"/>
    <nd ref="2681"/>
    <nd ref="2682"/>
    <nd ref="2683"/>
    <nd ref="2670"/>
    <tag k="landuse" v="farmland"/>
    <tag k="name" v="Field 104 (43.7 ha)"/>
  </way>
  <way id="207" version="1" timestamp="2026-09-01T12:00:00Z" changeset="1" uid="1" user="generator">
    <nd ref="2684"/>
    <nd ref="2685"/>
    <nd ref="2686"/>
    <nd ref="2687"/>
    <nd ref="2688"/>
    <nd ref="2689"/>
    <nd ref="2690"/>
    <nd ref="2684"/>
    <tag k="landuse" v="farmland"/>
    <tag k="name" v="Field 105 (11.7 ha)"/>
  </way>
  <way id="208" version="1" timestamp="2026-09-01T12:00:00Z" changeset="1" uid="1" user="generator">
    <nd ref="2691"/>
    <nd ref="2692"/>
    <nd ref="2693"/>
    <nd ref="2694"/>
    <nd ref="2695"/>
    <nd ref="2696"/>
    <nd ref="2697"/>
    <nd ref="2698"/>
    <nd ref="2699"/>
    <nd ref="2700"/>
    <nd ref="2701"/>
    <nd ref="2702"/>
    <nd ref="2691"/>
    <tag k="landuse" v="farmland"/>
    <tag k="name" v="Field 106 (59.8 ha)"/>
  </way>
  <way id="209" version="1" timestamp="2026-09-01T12:00:00Z" changeset="1" uid="1" user="generator">
    <nd ref="2703"/>
    <nd ref="2704"/>
    <nd ref="2705"/>
    <nd ref="2706"/>
    <nd ref="2707"/>
    <nd ref="2708"/>
    <nd ref="2709"/>
    <nd ref="2710"/>
    <nd ref="2711"/>
    <nd ref="2703"/>
    <tag k="landuse" v="farmland"/>
    <tag k="name" v="Field 107 (23.8 ha)"/>
  </way>
  <way id="210" version="1" timestamp="2026-09-01T12:00:00Z" changeset="1" uid="1" user="generator">
    <nd ref="2712"/>
    <nd ref="2713"/>
    <nd ref="2714"/>
    <nd ref="2715"/>
    <nd ref="2716"/>
    <nd ref="2717"/>
    <nd ref="2712"/>
    <tag k="landuse" v="farmland"/>
    <tag k="name" v="Field 108 (17.0 ha)"/>
  </way>
  <way id="211" version="1" timestamp="2026-09-01T12:00:00Z" changeset="1" uid="1" user="generator">
    <nd ref="2718"/>
    <nd ref="2719"/>
    <nd ref="2720"/>
    <nd ref="2721"/>
    <nd ref="2722"/>
    <nd ref="2723"/>
    <nd ref="2724"/>
    <nd ref="2718"/>
    <tag k="landuse" v="farmland"/>
    <tag k="name" v="Field 109 (37.2 ha)"/>
  </way>
  <way id="212" version="1" timestamp="2026-09-01T12:00:00Z" changeset="1" uid="1" user="generator">
    <nd ref="2725"/>
    <nd ref="2726"/>
    <nd ref="2727"/>
    <nd ref="2728"/>
    <nd ref="2729"/>
    <nd ref="2730"/>
    <nd ref="2725"/>
    <tag k="landuse" v="farmland"/>
    <tag k="name" v="Field 110 (25.7 ha)"/>
  </way>
  <way id="213" version="1" timestamp="2026-09-01T12:00:00Z" changeset="1" uid="1" user="generator">
    <nd ref="2731"/>
    <nd ref="2732"/>
    <nd ref="2733"/>
    <nd ref="2734"/>
    <nd ref="2735"/>
    <nd ref="2731"/>
    <tag k="landuse" v="farmland"/>
    <tag k="name" v="Field 111 (7.4 ha)"/>
  </way>
  <way id="214" version="1" timestamp="2026-09-01T12:00:00Z" changeset="1" uid="1" user="generator">
    <nd ref="2736"/>
    <nd ref="2737"/>
    <nd ref="2738"/>
    <nd ref="2739"/>
    <nd ref="2740"/>
    <nd ref="2741"/>
    <nd ref="2742"/>
    <nd ref="2743"/>
    <nd ref="2744"/>
    <nd ref="2745"/>
    <nd ref="2746"/>
    <nd ref="2747"/>
    <nd ref="2748"/>
    <nd ref="2749"/>
    <nd ref="2736"/>
    <tag k="landuse" v="farmland"/>
    <tag k="name" v="Field 112 (54.6 ha)"/>
  </way>
  <way id="215" version="1" timestamp="2026-09-01T12:00:00Z" changeset="1" uid="1" user="generator">
    <nd ref="2750"/>
    <nd ref="2751"/>
    <nd ref="2752"/>
    <nd ref="2753"/>
    <nd ref="2754"/>
    <nd ref="2755"/>
    <nd ref="2756"/>
    <nd ref="2757"/>
    <nd ref="2758"/>
    <nd ref="2759"/>
    <nd ref="2750"/>
    <tag k="landuse" v="farmland"/>
    <tag k="name" v="Field 113 (24.2 ha)"/>
  </way>
  <way id="216" version="1" timestamp="2026-09-01T12:00:00Z" changeset="1" uid="1" user="generator">
    <nd ref="2760"/>
    <nd ref="2761"/>
    <nd ref="2762"/>
    <nd ref="2763"/>
    <nd ref="2764"/>
    <nd ref="2765"/>
    <nd ref="2766"/>
    <nd ref="2760"/>
    <tag k="landuse" v="farmland"/>
    <tag k="name" v="Field 114 (10.5 ha)"/>
  </way>
  <way id="217" version="1" timestamp="2026-09-01T12:00:00Z" changeset="1" uid="1" user="generator">
    <nd ref="2767"/>
    <nd ref="2768"/>
    <nd ref="2769"/>
    <nd ref="2770"/>
    <nd ref="2771"/>
    <nd ref="2772"/>
    <nd ref="2773"/>
    <nd ref="2767"/>
    <tag k="landuse" v="farmland"/>
    <tag k="name" v="Field 115 (10.7 ha)"/>
  </way>
  <way id="218" version="1" timestamp="2026-09-01T12:00:00Z" changeset="1" uid="1" user="generator">
    <nd ref="2774"/>
    <nd ref="2775"/>
    <nd ref="2776"/>
    <nd ref="2777"/>
    <nd ref="2778"/>
    <nd ref="2779"/>
    <nd ref="2780"/>
    <nd ref="2781"/>
    <nd ref="2782"/>
    <nd ref="2783"/>
    <nd ref="2774"/>
    <tag k="landuse" v="farmland"/>
    <tag k="name" v="Field 116 (35.6 ha)"/>
  </way>
  <way id="219" version="1" timestamp="2026-09-01T12:00:00Z" changeset="1" uid="1" user="generator">
    <nd ref="2784"/>
    <nd ref="2785"/>
    <nd ref="2786"/>
    <nd ref="2787"/>
    <nd ref="2788"/>
    <nd ref="2789"/>
    <nd ref="2790"/>
    <nd ref="2791"/>
    <nd ref="2792"/>
    <nd ref="2784"/>
    <tag k="landuse" v="farmland"/>
    <tag k="name" v="Field 117 (13.1 ha)"/>
  </way>
  <way id="220" version="1" timestamp="2026-09-01T12:00:00Z" changeset="1" uid="1" user="generator">
    <nd ref="2793"/>
    <nd ref="2794"/>
    <nd ref="2795"/>
    <nd ref="2796"/>
    <nd ref="2797"/>
    <nd ref="2798"/>
    <nd ref="2799"/>
    <nd ref="2793"/>
    <tag k="landuse" v="farmland"/>
    <tag k="name" v="Field 118 (15.6 ha)"/>
  </way>
  <way id="221" version="1" timestamp="2026-09-01T12:00:00Z" changeset="1" uid="1" user="generator">
    <nd ref="2800"/>
    <nd ref="2801"/>
    <nd ref="2802"/>
    <nd ref="2803"/>
    <nd ref="2804"/>
    <nd ref="2805"/>
    <nd ref="2806"/>
    <nd ref="2807"/>
    <nd ref="2808"/>
    <nd ref="2809"/>
    <nd ref="2810"/>
    <nd ref="2811"/>
    <nd ref="2812"/>
    <nd ref="2813"/>
    <nd ref="2814"/>
    <nd ref="2800"/>
    <tag k="landuse" v="farmland"/>
    <tag k="name" v="Field 119 (46.1 ha)"/>
  </way>
  <way id="222" version="1" timestamp="2026-09-01T12:00:00Z" changeset="1" uid="1" user="generator">
    <nd ref="2815"/>
    <nd ref="2816"/>
    <nd ref="2817"/>
    <nd ref="2818"/>
    <nd ref="2819"/>
    <nd ref="2820"/>
    <nd ref="2821"/>
    <nd ref="2822"/>
    <nd ref="2823"/>
    <nd ref="2824"/>
    <nd ref="2815"/>
    <tag k="landuse" v="farmland"/>
    <tag k="name" v="Field 120 (56.2 ha)"/>
  </way>
  <way id="223" version="1" timestamp="2026-09-01T12:00:00Z" changeset="1" uid="1" user="generator">
    <nd ref="2825"/>
    <nd ref="2826"/>
    <nd ref="2827"/>
    <nd ref="2828"/>
    <nd ref="2829"/>
    <nd ref="2830"/>
    <nd ref="2831"/>
    <nd ref="2832"/>
    <nd ref="2833"/>
    <nd ref="2834"/>
    <nd ref="2835"/>
    <nd ref="2836"/>
    <nd ref="2825"/>
    <tag k="landuse" v="farmland"/>
    <tag k="name" v="Field 121 (48.9 ha)"/>
  </way>
  <way id="224" version="1" timestamp="2026-09-01T12:00:00Z" changeset="1" uid="1" user="generator">
    <nd ref="2837"/>
    <nd ref="2838"/>
    <nd ref="2839"/>
    <nd ref="2840"/>
    <nd ref="2841"/>
    <nd ref="2842"/>
    <nd ref="2843"/>
    <nd ref="2844"/>
    <nd ref="2845"/>
    <nd ref="2846"/>
    <nd ref="2847"/>
    <nd ref="2848"/>
    <nd ref="2849"/>
    <nd ref="2850"/>
    <nd ref="2851"/>
    <nd ref="2852"/>
    <nd ref="2853"/>
    <nd ref="2854"/>
    <nd ref="2855"/>
    <nd ref="2856"/>
    <nd ref="2857"/>
    <nd ref="2858"/>
    <nd ref="2859"/>
    <nd ref="2860"/>
    <nd ref="2861"/>
    <nd ref="2837"/>
    <tag k="landuse" v="farmland"/>
    <tag k="name" v="Field 122 (18.6 ha)"/>
  </way>
  <way id="225" version="1" timestamp="2026-09-01T12:00:00Z" changeset="1" uid="1" user="generator">
    <nd ref="2862"/>
    <nd ref="2863"/>
    <nd ref="2864"/>
    <nd ref="2865"/>
    <nd ref="2866"/>
    <nd ref="2867"/>
    <nd ref="2868"/>
    <nd ref="2869"/>
    <nd ref="2870"/>
    <nd ref="2871"/>
    <nd ref="2872"/>
    <nd ref="2873"/>
    <nd ref="2874"/>
    <nd ref="2875"/>
    <nd ref="2862"/>
    <tag k="landuse" v="farmland"/>
    <tag k="name" v="Field 123 (18.6 ha)"/>
  </way>
  <way id="226" version="1" timestamp="2026-09-01T12:00:00Z" changeset="1" uid="1" user="generator">
    <nd ref="2876"/>
    <nd ref="2877"/>
    <nd ref="2878"/>
    <nd ref="2879"/>
    <nd ref="2880"/>
    <nd ref="2881"/>
    <nd ref="2876"/>
    <tag k="landuse" v="farmland"/>
    <tag k="name" v="Field 124 (33.4 ha)"/>
  </way>
  <way id="227" version="1" timestamp="2026-09-01T12:00:00Z" changeset="1" uid="1" user="generator">
    <nd ref="2882"/>
    <nd ref="2883"/>
    <nd ref="2884"/>
    <nd ref="2885"/>
    <nd ref="2886"/>
    <nd ref="2887"/>
    <nd ref="2888"/>
    <nd ref="2889"/>
    <nd ref="2890"/>
    <nd ref="2882"/>
    <tag k="landuse" v="farmland"/>
    <tag k="name" v="Field 125 (9.1 ha)"/>
  </way>
  <way id="228" version="1" timestamp="2026-09-01T12:00:00Z" changeset="1" uid="1" user="generator">
    <nd ref="2891"/>
    <nd ref="2892"/>
    <nd ref="2893"/>
    <nd ref="2894"/>
    <nd ref="2895"/>
    <nd ref="2896"/>
    <nd ref="2897"/>
    <nd ref="2898"/>
    <nd ref="2899"/>
    <nd ref="2900"/>
    <nd ref="2901"/>
    <nd ref="2902"/>
    <nd ref="2903"/>
    <nd ref="2891"/>
    <tag k="landuse" v="farmland"/>
    <tag k="name" v="Field 126 (19.0 ha)"/>
  </way>
  <way id="229" version="1" timestamp="2026-09-01T12:00:00Z" changeset="1" uid="1" user="generator">
    <nd ref="2904"/>
    <nd ref="2905"/>
    <nd ref="2906"/>
    <nd ref="2907"/>
    <nd ref="2908"/>
    <nd ref="2909"/>
    <nd ref="2910"/>
    <nd ref="2911"/>
    <nd ref="2912"/>
    <nd ref="2913"/>
    <nd ref="2914"/>
    <nd ref="2915"/>
    <nd ref="2916"/>
    <nd ref="2917"/>
    <nd ref="2904"/>
    <tag k="landuse" v="farmland"/>
    <tag k="name" v="Field 127 (36.6 ha)"/>
  </way>
  <way id="230" version="1" timestamp="2026-09-01T12:00:00Z" changeset="1" uid="1" user="generator">
    <nd ref="2918"/>
    <nd ref="2919"/>
    <nd ref="2920"/>
    <nd ref="2921"/>
    <nd ref="2922"/>
    <nd ref="2923"/>
    <nd ref="2924"/>
    <nd ref="2925"/>
    <nd ref="2926"/>
    <nd ref="2927"/>
    <nd ref="2918"/>
    <tag k="landuse" v="farmland"/>
    <tag k="name" v="Field 128 (36.5 ha)"/>
  </way>
  <way id="231" version="1" timestamp="2026-09-01T12:00:00Z" changeset="1" uid="1" user="generator">
    <nd ref="2928"/>
    <nd ref="2929"/>
    <nd ref="2930"/>
    <nd ref="2931"/>
    <nd ref="2932"/>
    <nd ref="2933"/>
    <nd ref="2934"/>
    <nd ref="2935"/>
    <nd ref="2936"/>
    <nd ref="2937"/>
    <nd ref="2938"/>
    <nd ref="2928"/>
    <tag k="landuse" v="farmland"/>
    <tag k="name" v="Field 129 (53.6 ha)"/>
  </way>
  <way id="232" version="1" timestamp="2026-09-01T12:00:00Z" changeset="1" uid="1" user="generator">
    <nd ref="2939"/>
    <nd ref="2940"/>
    <nd ref="2941"/>
    <nd ref="2942"/>
    <nd ref="2943"/>
    <nd ref="2939"/>
    <tag k="landuse" v="farmland"/>
    <tag k="name" v="Field 130 (44.0 ha)"/>
  </way>
  <way id="233" version="1" timestamp="2026-09-01T12:00:00Z" changeset="1" uid="1" user="generator">
    <nd ref="2944"/>
    <nd ref="2945"/>
    <nd ref="2946"/>
    <nd ref="2947"/>
    <nd ref="2948"/>
    <nd ref="2949"/>
    <nd ref="2950"/>
    <nd ref="2951"/>
    <nd ref="2952"/>
    <nd ref="2953"/>
    <nd ref="2944"/>
    <tag k="landuse" v="farmland"/>
    <tag k="name" v="Field 131 (46.4 ha)"/>
  </way>
  <way id="234" version="1" timestamp="2026-09-01T12:00:00Z" changeset="1" uid="1" user="generator">
    <nd ref="2954"/>
    <nd ref="2955"/>
    <nd ref="2956"/>
    <nd ref="2957"/>
    <nd ref="2958"/>
    <nd ref="2959"/>
    <nd ref="2960"/>
    <nd ref="2961"/>
    <nd ref="2962"/>
    <nd ref="2963"/>
    <nd ref="2964"/>
    <nd ref="2965"/>
    <nd ref="2966"/>
    <nd ref="2967"/>
    <nd ref="2968"/>
    <nd ref="2969"/>
    <nd ref="2970"/>
    <nd ref="2971"/>
    <nd ref="2972"/>
    <nd ref="2973"/>
    <nd ref="2974"/>
    <nd ref="2954"/>
    <tag k="landuse" v="farmland"/>
    <tag k="name" v="Field 132 (21.7 ha)"/>
  </way>
  <way id="235" version="1" timestamp="2026-09-01T12:00:00Z" changeset="1" uid="1" user="generator">
    <nd ref="2975"/>
    <nd ref="2976"/>
    <nd ref="2977"/>
    <nd ref="2978"/>
    <nd ref="2979"/>
    <nd ref="2980"/>
    <nd ref="2981"/>
    <nd ref="2982"/>
    <nd ref="2983"/>
    <nd ref="2975"/>
    <tag k="landuse" v="farmland"/>
    <tag k="name" v="Field 133 (38.6 ha)"/>
  </way>
  <way id="236" version="1" timestamp="2026-09-01T12:00:00Z" changeset="1" uid="1" user="generator">
    <nd ref="2984"/>
    <nd ref="2985"/>
    <nd ref="2986"/>
    <nd ref="2987"/>
    <nd ref="2988"/>
    <nd ref="2989"/>
    <nd ref="2990"/>
    <nd ref="2991"/>
    <nd ref="2992"/>
    <nd ref="2993"/>
    <nd ref="2994"/>
    <nd ref="2984"/>
    <tag k="landuse" v="farmland"/>
    <tag k="name" v="Field 134 (6.5 ha)"/>
  </way>
  <way id="237" version="1" timestamp="2026-09-01T12:00:00Z" changeset="1" uid="1" user="generator">
    <nd ref="2995"/>
    <nd ref="2996"/>
    <nd ref="2997"/>
    <nd ref="2998"/>
    <nd ref="2999"/>
    <nd ref="3000"/>
    <nd ref="3001"/>
    <nd ref="3002"/>
    <nd ref="3003"/>
    <nd ref="3004"/>
    <nd ref="3005"/>
    <nd ref="3006"/>
    <nd ref="3007"/>
    <nd ref="2995"/>
    <tag k="landuse" v="farmland"/>
    <tag k="name" v="Field 135 (6.8 ha)"/>
  </way>
  <way id="238" version="1" timestamp="2026-09-01T12:00:00Z" changeset="1" uid="1" user="generator">
    <nd ref="3008"/>
    <nd ref="3009"/>
    <nd ref="3010"/>
    <nd ref="3011"/>
    <nd ref="3012"/>
    <nd ref="3013"/>
    <nd ref="3014"/>
    <nd ref="3015"/>
    <nd ref="3016"/>
    <nd ref="3017"/>
    <nd ref="3018"/>
    <nd ref="3008"/>
    <tag k="landuse" v="farmland"/>
    <tag k="name" v="Field 136 (41.6 ha)"/>
  </way>
  <way id="239" version="1" timestamp="2026-09-01T12:00:00Z" changeset="1" uid="1" user="generator">
    <nd ref="3019"/>
    <nd ref="3020"/>
    <nd ref="3021"/>
    <nd ref="3022"/>
    <nd ref="3023"/>
    <nd ref="3024"/>
    <nd ref="3025"/>
    <nd ref="3019"/>
    <tag k="landuse" v="farmland"/>
    <tag k="name" v="Field 137 (41.3 ha)"/>
  </way>
  <way id="240" version="1" timestamp="2026-09-01T12:00:00Z" changeset="1" uid="1" user="generator">
    <nd ref="3026"/>
    <nd ref="3027"/>
    <nd ref="3028"/>
    <nd ref="3029"/>
    <nd ref="3030"/>
    <nd ref="3031"/>
    <nd ref="3032"/>
    <nd ref="3033"/>
    <nd ref="3034"/>
    <nd ref="3026"/>
    <tag k="landuse" v="farmland"/>
    <tag k="name" v="Field 138 (20.8 ha)"/>
  </way>
  <way id="241" version="1" timestamp="2026-09-01T12:00:00Z" changeset="1" uid="1" user="generator">
    <nd ref="3035"/>
    <nd ref="3036"/>
    <nd ref="3037"/>
    <nd ref="3038"/>
    <nd ref="3039"/>
    <nd ref="3040"/>
    <nd ref="3041"/>
    <nd ref="3042"/>
    <nd ref="3043"/>
    <nd ref="3035"/>
    <tag k="landuse" v="farmland"/>
    <tag k="name" v="Field 139 (20.8 ha)"/>
  </way>
  <way id="242" version="1" timestamp="2026-09-01T12:00:00Z" changeset="1" uid="1" user="generator">
    <nd ref="3044"/>
    <nd ref="3045"/>
    <nd ref="3046"/>
    <nd ref="3047"/>
    <nd ref="3048"/>
    <nd ref="3049"/>
    <nd ref="3050"/>
    <nd ref="3044"/>
    <tag k="landuse" v="farmland"/>
    <tag k="name" v="Field 140 (12.1 ha)"/>
  </way>
  <way id="243" version="1" timestamp="2026-09-01T12:00:00Z" changeset="1" uid="1" user="generator">
    <nd ref="3051"/>
    <nd ref="3052"/>
    <nd ref="3053"/>
    <nd ref="3054"/>
    <nd ref="3055"/>
    <nd ref="3056"/>
    <nd ref="3051"/>
    <tag k="landuse" v="farmland"/>
    <tag k="name" v="Field 141 (30.3 ha)"/>
  </way>
  <way id="244" version="1" timestamp="2026-09-01T12:00:00Z" changeset="1" uid="1" user="generator">
    <nd ref="3057"/>
    <nd ref="3058"/>
    <nd ref="3059"/>
    <nd ref="3060"/>
    <nd ref="3061"/>
    <nd ref="3062"/>
    <nd ref="3063"/>
    <nd ref="3057"/>
    <tag k="landuse" v="farmland"/>
    <tag k="name" v="Field 142 (56.9 ha)"/>
  </way>
  <way id="245" version="1" timestamp="2026-09-01T12:00:00Z" changeset="1" uid="1" user="generator">
    <nd ref="3064"/>
    <nd ref="3065"/>
    <nd ref="3066"/>
    <nd ref="3067"/>
    <nd ref="3068"/>
    <nd ref="3069"/>
    <nd ref="3070"/>
    <nd ref="3071"/>
    <nd ref="3072"/>
    <nd ref="3073"/>
    <nd ref="3074"/>
    <nd ref="3075"/>
    <nd ref="3076"/>
    <nd ref="3077"/>
    <nd ref="3078"/>
    <nd ref="3079"/>
    <nd ref="3080"/>
    <nd ref="3081"/>
    <nd ref="3082"/>
    <nd ref="3064"/>
    <tag k="landuse" v="farmland"/>
    <tag k="name" v="Field 143 (16.9 ha)"/>
  </way>
  <way id="246" version="1" timestamp="2026-09-01T12:00:00Z" changeset="1" uid="1" user="generator">
    <nd ref="3083"/>
    <nd ref="3084"/>
    <nd ref="3085"/>
    <nd ref="3086"/>
    <nd ref="3087"/>
    <nd ref="3088"/>
    <nd ref="3089"/>
    <nd ref="3090"/>
    <nd ref="3083"/>
    <tag k="landuse" v="farmland"/>
    <tag k="name" v="Field 144 (34.9 ha)"/>
  </way>
  <way id="247" version="1" timestamp="2026-09-01T12:00:00Z" changeset="1" uid="1" user="generator">
    <nd ref="3091"/>
    <nd ref="3092"/>
    <nd ref="3093"/>
    <nd ref="3094"/>
    <nd ref="3095"/>
    <nd ref="3096"/>
    <nd ref="3097"/>
    <nd ref="3098"/>
    <nd ref="3099"/>
    <nd ref="3100"/>
    <nd ref="3101"/>
    <nd ref="3102"/>
    <nd ref="3103"/>
    <nd ref="3104"/>
    <nd ref="3105"/>
    <nd ref="3106"/>
    <nd ref="3107"/>
    <nd ref="3091"/>
    <tag k="landuse" v="farmland"/>
    <tag k="name" v="Field 145 (20.9 ha)"/>
  </way>
  <way id="248" version="1" timestamp="2026-09-01T12:00:00Z" changeset="1" uid="1" user="generator">
    <nd ref="3108"/>
    <nd ref="3109"/>
    <nd ref="3110"/>
    <nd ref="3111"/>
    <nd ref="3112"/>
    <nd ref="3113"/>
    <nd ref="3114"/>
    <nd ref="3115"/>
    <nd ref="3116"/>
    <nd ref="3117"/>
    <nd ref="3118"/>
    <nd ref="3108"/>
    <tag k="landuse" v="farmland"/>
    <tag k="name" v="Field 146 (39.4 ha)"/>
  </way>
  <way id="249" version="1" timestamp="2026-09-01T12:00:00Z" changeset="1" uid="1" user="generator">
    <nd ref="3119"/>
    <nd ref="3120"/>
    <nd ref="3121"/>
    <nd ref="3122"/>
    <nd ref="3123"/>
    <nd ref="3124"/>
    <nd ref="3125"/>
    <nd ref="3126"/>
    <nd ref="3119"/>
    <tag k="landuse" v="farmland"/>
    <tag k="name" v="Field 147 (19.1 ha)"/>
  </way>
  <way id="250" version="1" timestamp="2026-09-01T12:00:00Z" changeset="1" uid="1" user="generator">
    <nd ref="3127"/>
    <nd ref="3128"/>
    <nd ref="3129"/>
    <nd ref="3130"/>
    <nd ref="3131"/>
    <nd ref="3132"/>
    <nd ref="3133"/>
    <nd ref="3127"/>
    <tag k="landuse" v="farmland"/>
    <tag k="name" v="Field 148 (61.0 ha)"/>
  </way>
  <way id="251" version="1" timestamp="2026-09-01T12:00:00Z" changeset="1" uid="1" user="generator">
    <nd ref="3134"/>
    <nd ref="3135"/>
    <nd ref="3136"/>
    <nd ref="3137"/>
    <nd ref="3138"/>
    <nd ref="3139"/>
    <nd ref="3140"/>
    <nd ref="3141"/>
    <nd ref="3142"/>
    <nd ref="3143"/>
    <nd ref="3144"/>
    <nd ref="3145"/>
    <nd ref="3146"/>
    <nd ref="3147"/>
    <nd ref="3148"/>
    <nd ref="3149"/>
    <nd ref="3150"/>
    <nd ref="3134"/>
    <tag k="landuse" v="farmland"/>
    <tag k="name" v="Field 149 (47.7 ha)"/>
  </way>
  <way id="252" version="1" timestamp="2026-09-01T12:00:00Z" changeset="1" uid="1" user="generator">
    <nd ref="3151"/>
    <nd ref="3152"/>
    <nd ref="3153"/>
    <nd ref="3154"/>
    <nd ref="3155"/>
    <nd ref="3156"/>
    <nd ref="3157"/>
    <nd ref="3158"/>
    <nd ref="3159"/>
    <nd ref="3160"/>
    <nd ref="3161"/>
    <nd ref="3162"/>
    <nd ref="3163"/>
    <nd ref="3164"/>
    <nd ref="3165"/>
    <nd ref="3166"/>
    <nd ref="3167"/>
    <nd ref="3151"/>
    <tag k="landuse" v="farmland"/>
    <tag k="name" v="Field 150 (51.7 ha)"/>
  </way>
  <way id="253" version="1" timestamp="2026-09-01T12:00:00Z" changeset="1" uid="1" user="generator">
    <nd ref="3168"/>
    <nd ref="3169"/>
    <nd ref="3170"/>
    <nd ref="3171"/>
    <nd ref="3172"/>
    <nd ref="3173"/>
    <nd ref="3174"/>
    <nd ref="3168"/>
    <tag k="landuse" v="farmland"/>
    <tag k="name" v="Field 151 (40.5 ha)"/>
  </way>
  <way id="254" version="1" timestamp="2026-09-01T12:00:00Z" changeset="1" uid="1" user="generator">
    <nd ref="3175"/>
    <nd ref="3176"/>
    <nd ref="3177"/>
    <nd ref="3178"/>
    <nd ref="3179"/>
    <nd ref="3180"/>
    <nd ref="3181"/>
    <nd ref="3182"/>
    <nd ref="3183"/>
    <nd ref="3184"/>
    <nd ref="3185"/>
    <nd ref="3186"/>
    <nd ref="3187"/>
    <nd ref="3188"/>
    <nd ref="3189"/>
    <nd ref="3190"/>
    <nd ref="3191"/>
    <nd ref="3192"/>
    <nd ref="3175"/>
    <tag k="landuse" v="farmland"/>
    <tag k="name" v="Field 152 (24.0 ha)"/>
  </way>
  <way id="255" version="1" timestamp="2026-09-01T12:00:00Z" changeset="1" uid="1" user="generator">
    <nd ref="3193"/>
    <nd ref="3194"/>
    <nd ref="3195"/>
    <nd ref="3196"/>
    <nd ref="3197"/>
    <nd ref="3198"/>
    <nd ref="3199"/>
    <nd ref="3200"/>
    <nd ref="3201"/>
    <nd ref="3202"/>
    <nd ref="3203"/>
    <nd ref="3204"/>
    <nd ref="3205"/>
    <nd ref="3206"/>
    <nd ref="3193"/>
    <tag k="landuse" v="farmland"/>
    <tag k="name" v="Field 153 (31.8 ha)"/>
  </way>
  <way id="256" version="1" timestamp="2026-09-01T12:00:00Z" changeset="1" uid="1" user="generator">
    <nd ref="3207"/>
    <nd ref="3208"/>
    <nd ref="3209"/>
    <nd ref="3210"/>
    <nd ref="3211"/>
    <nd ref="3212"/>
    <nd ref="3213"/>
    <nd ref="3214"/>
    <nd ref="3215"/>
    <nd ref="3216"/>
    <nd ref="3217"/>
    <nd ref="3218"/>
    <nd ref="3219"/>
    <nd ref="3207"/>
    <tag k="landuse" v="farmland"/>
    <tag k="name" v="Field 154 (21.1 ha)"/>
  </way>
  <way id="257" version="1" timestamp="2026-09-01T12:00:00Z" changeset="1" uid="1" user="generator">
    <nd ref="3220"/>
    <nd ref="3221"/>
    <nd ref="3222"/>
    <nd ref="3223"/>
    <nd ref="3224"/>
    <nd ref="3225"/>
    <nd ref="3226"/>
    <nd ref="3227"/>
    <nd ref="3228"/>
    <nd ref="3229"/>
    <nd ref="3230"/>
    <nd ref="3231"/>
    <nd ref="3232"/>
    <nd ref="3220"/>
    <tag k="landuse" v="farmland"/>
    <tag k="name" v="Field 155 (22.3 ha)"/>
  </way>
  <way id="258" version="1" timestamp="2026-09-01T12:00:00Z" changeset="1" uid="1" user="generator">
    <nd ref="3233"/>
    <nd ref="3234"/>
    <nd ref="3235"/>
    <nd ref="3236"/>
    <nd ref="3237"/>
    <nd ref="3238"/>
    <nd ref="3239"/>
    <nd ref="3233"/>
    <tag k="landuse" v="farmland"/>
    <tag k="name" v="Field 156 (5.7 ha)"/>
  </way>
  <way id="259" version="1" timestamp="2026-09-01T12:00:00Z" changeset="1" uid="1" user="generator">
    <nd ref="3240"/>
    <nd ref="3241"/>
    <nd ref="3242"/>
    <nd ref="3243"/>
    <nd ref="3244"/>
    <nd ref="3245"/>
    <nd ref="3246"/>
    <nd ref="3247"/>
    <nd ref="3248"/>
    <nd ref="3249"/>
    <nd ref="3250"/>
    <nd ref="3251"/>
    <nd ref="3252"/>
    <nd ref="3240"/>
    <tag k="landuse" v="farmland"/>
    <tag k="name" v="Field 157 (52.9 ha)"/>
  </way>
  <way id="260" version="1" timestamp="2026-09-01T12:00:00Z" changeset="1" uid="1" user="generator">
    <nd ref="3253"/>
    <nd ref="3254"/>
    <nd ref="3255"/>
    <nd ref="3256"/>
    <nd ref="3257"/>
    <nd ref="3258"/>
    <nd ref="3259"/>
    <nd ref="3260"/>
    <nd ref="3261"/>
    <nd ref="3262"/>
    <nd ref="3263"/>
    <nd ref="3264"/>
    <nd ref="3265"/>
    <nd ref="3253"/>
    <tag k="landuse" v="farmland"/>
    <tag k="name" v="Field 158 (45.3 ha)"/>
  </way>
  <way id="261" version="1" timestamp="2026-09-01T12:00:00Z" changeset="1" uid="1" user="generator">
    <nd ref="3266"/>
    <nd ref="3267"/>
    <nd ref="3268"/>
    <nd ref="3269"/>
    <nd ref="3270"/>
    <nd ref="3271"/>
    <nd ref="3272"/>
    <nd ref="3273"/>
    <nd ref="3274"/>
    <nd ref="3266"/>
    <tag k="landuse" v="farmland"/>
    <tag k="name" v="Field 159 (63.5 ha)"/>
  </way>
  <way id="262" version="1" timestamp="2026-09-01T12:00:00Z" changeset="1" uid="1" user="generator">
    <nd ref="3275"/>
    <nd ref="3276"/>
    <nd ref="3277"/>
    <nd ref="3278"/>
    <nd ref="3279"/>
    <nd ref="3280"/>
    <nd ref="3281"/>
    <nd ref="3282"/>
    <nd ref="3283"/>
    <nd ref="3284"/>
    <nd ref="3285"/>
    <nd ref="3286"/>
    <nd ref="3287"/>
    <nd ref="3275"/>
    <tag k="landuse" v="farmland"/>
    <tag k="name" v="Field 160 (57.9 ha)"/>
  </way>
  <way id="263" version="1" timestamp="2026-09-01T12:00:00Z" changeset="1" uid="1" user="generator">
    <nd ref="3288"/>
    <nd ref="3289"/>
    <nd ref="3290"/>
    <nd ref="3291"/>
    <nd ref="3292"/>
    <nd ref="3293"/>
    <nd ref="3294"/>
    <nd ref="3288"/>
    <tag k="landuse" v="farmland"/>
    <tag k="name" v="Field 161 (52.2 ha)"/>
  </way>
  <way id="264" version="1" timestamp="2026-09-01T12:00:00Z" changeset="1" uid="1" user="generator">
    <nd ref="3295"/>
    <nd ref="3296"/>
    <nd ref="3297"/>
    <nd ref="3298"/>
    <nd ref="3299"/>
    <nd ref="3300"/>
    <nd ref="3301"/>
    <nd ref="3302"/>
    <nd ref="3303"/>
    <nd ref="3304"/>
    <nd ref="3305"/>
    <nd ref="3306"/>
    <nd ref="3307"/>
    <nd ref="3295"/>
    <tag k="landuse" v="farmland"/>
    <tag k="name" v="Field 162 (16.9 ha)"/>
  </way>
  <way id="265" version="1" timestamp="2026-09-01T12:00:00Z" changeset="1" uid="1" user="generator">
    <nd ref="3308"/>
    <nd ref="3309"/>
    <nd ref="3310"/>
    <nd ref="3311"/>
    <nd ref="3312"/>
    <nd ref="3313"/>
    <nd ref="3314"/>
    <nd ref="3315"/>
    <nd ref="3316"/>
    <nd ref="3317"/>
    <nd ref="3318"/>
    <nd ref="3308"/>
    <tag k="landuse" v="farmland"/>
    <tag k="name" v="Field 163 (28.9 ha)"/>
  </way>
  <way id="266" version="1" timestamp="2026-09-01T12:00:00Z" changeset="1" uid="1" user="generator">
    <nd ref="3319"/>
    <nd ref="3320"/>
    <nd ref="3321"/>
    <nd ref="3322"/>
    <nd ref="3323"/>
    <nd ref="3324"/>
    <nd ref="3325"/>
    <nd ref="3326"/>
    <nd ref="3327"/>
    <nd ref="3328"/>
    <nd ref="3329"/>
    <nd ref="3330"/>
    <nd ref="3331"/>
    <nd ref="3319"/>
    <tag k="landuse" v="farmland"/>
    <tag k="name" v="Field 164 (42.5 ha)"/>
  </way>
  <way id="267" version="1" timestamp="2026-09-01T12:00:00Z" changeset="1" uid="1" user="generator">
    <nd ref="3332"/>
    <nd ref="3333"/>
    <nd ref="3334"/>
    <nd ref="3335"/>
    <nd ref="3336"/>
    <nd ref="3337"/>
    <nd ref="3338"/>
    <nd ref="3339"/>
    <nd ref="3340"/>
    <nd ref="3341"/>
    <nd ref="3342"/>
    <nd ref="3332"/>
    <tag k="landuse" v="farmland"/>
    <tag k="name" v="Field 165 (9.9 ha)"/>
  </way>
  <way id="268" version="1" timestamp="2026-09-01T12:00:00Z" changeset="1" uid="1" user="generator">
    <nd ref="3343"/>
    <nd ref="3344"/>
    <nd ref="3345"/>
    <nd ref="3346"/>
    <nd ref="3347"/>
    <nd ref="3348"/>
    <nd ref="3349"/>
    <nd ref="3350"/>
    <nd ref="3343"/>
    <tag k="landuse" v="farmland"/>
    <tag k="name" v="Field 166 (12.0 ha)"/>
  </way>
  <way id="269" version="1" timestamp="2026-09-01T12:00:00Z" changeset="1" uid="1" user="generator">
    <nd ref="3351"/>
    <nd ref="3352"/>
    <nd ref="3353"/>
    <nd ref="3354"/>
    <nd ref="3355"/>
    <nd ref="3356"/>
    <nd ref="3357"/>
    <nd ref="3358"/>
    <nd ref="3359"/>
    <nd ref="3360"/>
    <nd ref="3361"/>
    <nd ref="3362"/>
    <nd ref="3363"/>
    <nd ref="3364"/>
    <nd ref="3365"/>
    <nd ref="3366"/>
    <nd ref="3367"/>
    <nd ref="3368"/>
    <nd ref="3369"/>
    <nd ref="3370"/>
    <nd ref="3351"/>
    <tag k="landuse" v="farmland"/>
    <tag k="name" v="Field 167 (12.4 ha)"/>
  </way>
  <way id="270" version="1" timestamp="2026-09-01T12:00:00Z" changeset="1" uid="1" user="generator">
    <nd ref="3371"/>
    <nd ref="3372"/>
    <nd ref="3373"/>
    <nd ref="3374"/>
    <nd ref="3375"/>
    <nd ref="3376"/>
    <nd ref="3377"/>
    <nd ref="3378"/>
    <nd ref="3379"/>
    <nd ref="3380"/>
    <nd ref="3371"/>
    <tag k="landuse" v="farmland"/>
    <tag k="name" v="Field 168 (32.8 ha)"/>
  </way>
  <way id="271" version="1" timestamp="2026-09-01T12:00:00Z" changeset="1" uid="1" user="generator">
    <nd ref="3381"/>
    <nd ref="3382"/>
    <nd ref="3383"/>
    <nd ref="3384"/>
    <nd ref="3385"/>
    <nd ref="3381"/>
    <tag k="landuse" v="farmland"/>
    <tag k="name" v="Field 169 (36.1 ha)"/>
  </way>
  <way id="272" version="1" timestamp="2026-09-01T12:00:00Z" changeset="1" uid="1" user="generator">
    <nd ref="3386"/>
    <nd ref="3387"/>
    <nd ref="3388"/>
    <nd ref="3389"/>
    <nd ref="3390"/>
    <nd ref="3391"/>
    <nd ref="3392"/>
    <nd ref="3393"/>
    <nd ref="3394"/>
    <nd ref="3386"/>
    <tag k="landuse" v="farmland"/>
    <tag k="name" v="Field 170 (32.2 ha)"/>
  </way>
  <way id="273" version="1" timestamp="2026-09-01T12:00:00Z" changeset="1" uid="1" user="generator">
    <nd ref="3395"/>
    <nd ref="3396"/>
    <nd ref="3397"/>
    <nd ref="3398"/>
    <nd ref="3399"/>
    <nd ref="3400"/>
    <nd ref="3401"/>
    <nd ref="3402"/>
    <nd ref="3395"/>
    <tag k="landuse" v="farmland"/>
    <tag k="name" v="Field 171 (11.2 ha)"/>
  </way>
  <way id="274" version="1" timestamp="2026-09-01T12:00:00Z" changeset="1" uid="1" user="generator">
    <nd ref="3403"/>
    <nd ref="3404"/>
    <nd ref="3405"/>
    <nd ref="3406"/>
    <nd ref="3407"/>
    <nd ref="3408"/>
    <nd ref="3409"/>
    <nd ref="3410"/>
    <nd ref="3411"/>
    <nd ref="3412"/>
    <nd ref="3413"/>
    <nd ref="3414"/>
    <nd ref="3415"/>
    <nd ref="3416"/>
    <nd ref="3417"/>
    <nd ref="3403"/>
    <tag k="landuse" v="farmland"/>
    <tag k="name" v="Field 172 (20.7 ha)"/>
  </way>
  <way id="275" version="1" timestamp="2026-09-01T12:00:00Z" changeset="1" uid="1" user="generator">
    <nd ref="3418"/>
    <nd ref="3419"/>
    <nd ref="3420"/>
    <nd ref="3421"/>
    <nd ref="3422"/>
    <nd ref="3423"/>
    <nd ref="3424"/>
    <nd ref="3425"/>
    <nd ref="3426"/>
    <nd ref="3427"/>
    <nd ref="3418"/>
    <tag k="landuse" v="farmland"/>
    <tag k="name" v="Field 173 (32.8 ha)"/>
  </way>
  <way id="276" version="1" timestamp="2026-09-01T12:00:00Z" changeset="1" uid="1" user="generator">
    <nd ref="3428"/>
    <nd ref="3429"/>
    <nd ref="3430"/>
    <nd ref="3431"/>
    <nd ref="3428"/>
    <tag k="landuse" v="farmland"/>
    <tag k="name" v="Field 174 (29.4 ha)"/>
  </way>
  <way id="277" version="1" timestamp="2026-09-01T12:00:00Z" changeset="1" uid="1" user="generator">
    <nd ref="3432"/>
    <nd ref="3433"/>
    <nd ref="3434"/>
    <nd ref="3435"/>
    <nd ref="3436"/>
    <nd ref="3437"/>
    <nd ref="3438"/>
    <nd ref="3439"/>
    <nd ref="3440"/>
    <nd ref="3441"/>
    <nd ref="3442"/>
    <nd ref="3443"/>
    <nd ref="3444"/>
    <nd ref="3445"/>
    <nd ref="3446"/>
    <nd ref="3447"/>
    <nd ref="3448"/>
    <nd ref="3432"/>
    <tag k="landuse" v="farmland"/>
    <tag k="name" v="Field 175 (16.5 ha)"/>
  </way>
  <way id="278" version="1" timestamp="2026-09-01T12:00:00Z" changeset="1" uid="1" user="generator">
    <nd ref="3449"/>
    <nd ref="3450"/>
    <nd ref="3451"/>
    <nd ref="3452"/>
    <nd ref="3453"/>
    <nd ref="3454"/>
    <nd ref="3455"/>
    <nd ref="3456"/>
    <nd ref="3457"/>
    <nd ref="3458"/>
    <nd ref="3459"/>
    <nd ref="3460"/>
    <nd ref="3461"/>
    <nd ref="3462"/>
    <nd ref="3463"/>
    <nd ref="3464"/>
    <nd ref="3465"/>
    <nd ref="3466"/>
    <nd ref="3467"/>
    <nd ref="3468"/>
    <nd ref="3469"/>
    <nd ref="3470"/>
    <nd ref="3449"/>
    <tag k="natural" v="wood"/>
    <tag k="landuse" v="farmyard"/>
    <tag k="leaf_type" v="broadleaved"/>
    <tag k="name" v="Wood 1 (101.8 ha)"/>
  </way>
  <way id="279" version="1" timestamp="2026-09-01T12:00:00Z" changeset="1" uid="1" user="generator">
    <nd ref="3471"/>
    <nd ref="3472"/>
    <nd ref="3473"/>
    <nd ref="3474"/>
    <nd ref="3475"/>
    <nd ref="3476"/>
    <nd ref="3477"/>
    <nd ref="3478"/>
    <nd ref="3479"/>
    <nd ref="3480"/>
    <nd ref="3481"/>
    <nd ref="3482"/>
    <nd ref="3483"/>
    <nd ref="3484"/>
    <nd ref="3485"/>
    <nd ref="3486"/>
    <nd ref="3487"/>
    <nd ref="3488"/>
    <nd ref="3489"/>
    <nd ref="3490"/>
    <nd ref="3491"/>
    <nd ref="3492"/>
    <nd ref="3493"/>
    <nd ref="3494"/>
    <nd ref="3495"/>
    <nd ref="3496"/>
    <nd ref="3497"/>
    <nd ref="3498"/>
    <nd ref="3499"/>
    <nd ref="3500"/>
    <nd ref="3471"/>
    <tag k="natural" v="wood"/>
    <tag k="landuse" v="farmyard"/>
    <tag k="leaf_type" v="broadleaved"/>
    <tag k="name" v="Wood 2 (88.7 ha)"/>
  </way>
  <way id="280" version="1" timestamp="2026-09-01T12:00:00Z" changeset="1" uid="1" user="generator">
    <nd ref="3501"/>
    <nd ref="3502"/>
    <nd ref="3503"/>
    <nd ref="3504"/>
    <nd ref="3505"/>
    <nd ref="3506"/>
    <nd ref="3507"/>
    <nd ref="3508"/>
    <nd ref="3509"/>
    <nd ref="3510"/>
    <nd ref="3511"/>
    <nd ref="3512"/>
    <nd ref="3513"/>
    <nd ref="3514"/>
    <nd ref="3515"/>
    <nd ref="3516"/>
    <nd ref="3517"/>
    <nd ref="3501"/>
    <tag k="natural" v="wood"/>
    <tag k="landuse" v="farmyard"/>
    <tag k="leaf_type" v="broadleaved"/>
    <tag k="name" v="Wood 3 (87.3 ha)"/>
  </way>
  <way id="281" version="1" timestamp="2026-09-01T12:00:00Z" changeset="1" uid="1" user="generator">
    <nd ref="3518"/>
    <nd ref="3519"/>
    <nd ref="3520"/>
    <nd ref="3521"/>
    <nd ref="3522"/>
    <nd ref="3523"/>
    <nd ref="3524"/>
    <nd ref="3525"/>
    <nd ref="3526"/>
    <nd ref="3527"/>
    <nd ref="3528"/>
    <nd ref="3529"/>
    <nd ref="3530"/>
    <nd ref="3531"/>
    <nd ref="3532"/>
    <nd ref="3533"/>
    <nd ref="3534"/>
    <nd ref="3535"/>
    <nd ref="3536"/>
    <nd ref="3537"/>
    <nd ref="3538"/>
    <nd ref="3518"/>
    <tag k="natural" v="wood"/>
    <tag k="landuse" v="farmyard"/>
    <tag k="leaf_type" v="broadleaved"/>
    <tag k="name" v="Wood 4 (69.8 ha)"/>
  </way>
  <way id="282" version="1" timestamp="2026-09-01T12:00:00Z" changeset="1" uid="1" user="generator">
    <nd ref="3539"/>
    <nd ref="3540"/>
    <nd ref="3541"/>
    <nd ref="3542"/>
    <nd ref="3543"/>
    <nd ref="3544"/>
    <nd ref="3545"/>
    <nd ref="3546"/>
    <nd ref="3547"/>
    <nd ref="3548"/>
    <nd ref="3549"/>
    <nd ref="3550"/>
    <nd ref="3551"/>
    <nd ref="3552"/>
    <nd ref="3539"/>
    <tag k="natural" v="wood"/>
    <tag k="landuse" v="farmyard"/>
    <tag k="leaf_type" v="broadleaved"/>
    <tag k="name" v="Wood 5 (55.3 ha)"/>
  </way>
  <way id="283" version="1" timestamp="2026-09-01T12:00:00Z" changeset="1" uid="1" user="generator">
    <nd ref="3553"/>
    <nd ref="3554"/>
    <nd ref="3555"/>
    <nd ref="3556"/>
    <nd ref="3557"/>
    <nd ref="3558"/>
    <nd ref="3559"/>
    <nd ref="3560"/>
    <nd ref="3561"/>
    <nd ref="3562"/>
    <nd ref="3563"/>
    <nd ref="3564"/>
    <nd ref="3565"/>
    <nd ref="3566"/>
    <nd ref="3567"/>
    <nd ref="3568"/>
    <nd ref="3569"/>
    <nd ref="3570"/>
    <nd ref="3553"/>
    <tag k="natural" v="wood"/>
    <tag k="landuse" v="farmyard"/>
    <tag k="leaf_type" v="broadleaved"/>
    <tag k="name" v="Wood 6 (41.3 ha)"/>
  </way>
  <way id="284" version="1" timestamp="2026-09-01T12:00:00Z" changeset="1" uid="1" user="generator">
    <nd ref="3571"/>
    <nd ref="3572"/>
    <nd ref="3573"/>
    <nd ref="3574"/>
    <nd ref="3575"/>
    <nd ref="3576"/>
    <nd ref="3577"/>
    <nd ref="3578"/>
    <nd ref="3579"/>
    <nd ref="3580"/>
    <nd ref="3581"/>
    <nd ref="3582"/>
    <nd ref="3583"/>
    <nd ref="3584"/>
    <nd ref="3585"/>
    <nd ref="3571"/>
    <tag k="natural" v="wood"/>
    <tag k="landuse" v="farmyard"/>
    <tag k="leaf_type" v="broadleaved"/>
    <tag k="name" v="Wood 7 (35.1 ha)"/>
  </way>
  <way id="285" version="1" timestamp="2026-09-01T12:00:00Z" changeset="1" uid="1" user="generator">
    <nd ref="3586"/>
    <nd ref="3587"/>
    <nd ref="3588"/>
    <nd ref="3589"/>
    <nd ref="3590"/>
    <nd ref="3591"/>
    <nd ref="3592"/>
    <nd ref="3593"/>
    <nd ref="3594"/>
    <nd ref="3595"/>
    <nd ref="3596"/>
    <nd ref="3597"/>
    <nd ref="3586"/>
    <tag k="natural" v="wood"/>
    <tag k="landuse" v="farmyard"/>
    <tag k="leaf_type" v="broadleaved"/>
    <tag k="name" v="Wood 8 (25.7 ha)"/>
  </way>
  <way id="286" version="1" timestamp="2026-09-01T12:00:00Z" changeset="1" uid="1" user="generator">
    <nd ref="3598"/>
    <nd ref="3599"/>
    <nd ref="3600"/>
    <nd ref="3601"/>
    <nd ref="3602"/>
    <nd ref="3603"/>
    <nd ref="3604"/>
    <nd ref="3605"/>
    <nd ref="3606"/>
    <nd ref="3607"/>
    <nd ref="3608"/>
    <nd ref="3609"/>
    <nd ref="3610"/>
    <nd ref="3611"/>
    <nd ref="3612"/>
    <nd ref="3613"/>
    <nd ref="3614"/>
    <nd ref="3598"/>
    <tag k="natural" v="wood"/>
    <tag k="landuse" v="farmyard"/>
    <tag k="leaf_type" v="broadleaved"/>
    <tag k="name" v="Wood 9 (16.6 ha)"/>
  </way>
  <way id="287" version="1" timestamp="2026-09-01T12:00:00Z" changeset="1" uid="1" user="generator">
    <nd ref="3615"/>
    <nd ref="3616"/>
    <nd ref="3617"/>
    <nd ref="3618"/>
    <nd ref="3619"/>
    <nd ref="3620"/>
    <nd ref="3621"/>
    <nd ref="3622"/>
    <nd ref="3623"/>
    <nd ref="3624"/>
    <nd ref="3625"/>
    <nd ref="3626"/>
    <nd ref="3615"/>
    <tag k="natural" v="wood"/>
    <tag k="landuse" v="farmyard"/>
    <tag k="leaf_type" v="broadleaved"/>
    <tag k="name" v="Wood 10 (12.4 ha)"/>
  </way>
  <way id="288" version="1" timestamp="2026-09-01T12:00:00Z" changeset="1" uid="1" user="generator">
    <nd ref="3627"/>
    <nd ref="3628"/>
    <nd ref="3629"/>
    <nd ref="3630"/>
    <nd ref="3631"/>
    <nd ref="3632"/>
    <nd ref="3633"/>
    <nd ref="3634"/>
    <nd ref="3635"/>
    <nd ref="3636"/>
    <nd ref="3627"/>
    <tag k="natural" v="wood"/>
    <tag k="landuse" v="farmyard"/>
    <tag k="leaf_type" v="broadleaved"/>
    <tag k="name" v="Wood 11 (11.7 ha)"/>
  </way>
  <way id="289" version="1" timestamp="2026-09-01T12:00:00Z" changeset="1" uid="1" user="generator">
    <nd ref="3637"/>
    <nd ref="3638"/>
    <nd ref="3639"/>
    <nd ref="3640"/>
    <nd ref="3641"/>
    <nd ref="3642"/>
    <nd ref="3643"/>
    <nd ref="3644"/>
    <nd ref="3645"/>
    <nd ref="3646"/>
    <nd ref="3637"/>
    <tag k="natural" v="wood"/>
    <tag k="landuse" v="farmyard"/>
    <tag k="leaf_type" v="broadleaved"/>
    <tag k="name" v="Wood 12 (11.7 ha)"/>
  </way>
  <way id="290" version="1" timestamp="2026-09-01T12:00:00Z" changeset="1" uid="1" user="generator">
    <nd ref="3647"/>
    <nd ref="3648"/>
    <nd ref="3649"/>
    <nd ref="3650"/>
    <nd ref="3651"/>
    <nd ref="3652"/>
    <nd ref="3653"/>
    <nd ref="3654"/>
    <nd ref="3655"/>
    <nd ref="3656"/>
    <nd ref="3657"/>
    <nd ref="3647"/>
    <tag k="natural" v="wood"/>
    <tag k="landuse" v="farmyard"/>
    <tag k="leaf_type" v="broadleaved"/>
    <tag k="name" v="Wood 13 (11.4 ha)"/>
  </way>
  <way id="291" version="1" timestamp="2026-09-01T12:00:00Z" changeset="1" uid="1" user="generator">
    <nd ref="3658"/>
    <nd ref="3659"/>
    <nd ref="3660"/>
    <nd ref="3661"/>
    <nd ref="3662"/>
    <nd ref="3663"/>
    <nd ref="3664"/>
    <nd ref="3665"/>
    <nd ref="3666"/>
    <nd ref="3658"/>
    <tag k="natural" v="wood"/>
    <tag k="landuse" v="farmyard"/>
    <tag k="leaf_type" v="broadleaved"/>
    <tag k="name" v="Wood 14 (6.6 ha)"/>
  </way>
  <way id="292" version="1" timestamp="2026-09-01T12:00:00Z" changeset="1" uid="1" user="generator">
    <nd ref="3667"/>
    <nd ref="3668"/>
    <nd ref="3669"/>
    <nd ref="3670"/>
    <nd ref="3671"/>
    <nd ref="3672"/>
    <nd ref="3673"/>
    <nd ref="3667"/>
    <tag k="natural" v="wood"/>
    <tag k="landuse" v="farmyard"/>
    <tag k="leaf_type" v="broadleaved"/>
    <tag k="name" v="Wood 15 (5.2 ha)"/>
  </way>
  <way id="293" version="1" timestamp="2026-09-01T12:00:00Z" changeset="1" uid="1" user="generator">
    <nd ref="3674"/>
    <nd ref="3675"/>
    <nd ref="3676"/>
    <nd ref="3677"/>
    <nd ref="3678"/>
    <nd ref="3679"/>
    <nd ref="3674"/>
    <tag k="natural" v="wood"/>
    <tag k="landuse" v="farmyard"/>
    <tag k="leaf_type" v="broadleaved"/>
    <tag k="name" v="Wood 16 (4.8 ha)"/>
  </way>
  <way id="294" version="1" timestamp="2026-09-01T12:00:00Z" changeset="1" uid="1" user="generator">
    <nd ref="3680"/>
    <nd ref="3681"/>
    <nd ref="3682"/>
    <nd ref="3683"/>
    <nd ref="3684"/>
    <nd ref="3685"/>
    <nd ref="3686"/>
    <nd ref="3687"/>
    <nd ref="3680"/>
    <tag k="natural" v="wood"/>
    <tag k="landuse" v="farmyard"/>
    <tag k="leaf_type" v="broadleaved"/>
    <tag k="name" v="Wood 17 (4.8 ha)"/>
  </way>
  <way id="295" version="1" timestamp="2026-09-01T12:00:00Z" changeset="1" uid="1" user="generator">
    <nd ref="3688"/>
    <nd ref="3689"/>
    <nd ref="3690"/>
    <nd ref="3691"/>
    <nd ref="3692"/>
    <nd ref="3693"/>
    <nd ref="3688"/>
    <tag k="natural" v="wood"/>
    <tag k="landuse" v="farmyard"/>
    <tag k="leaf_type" v="broadleaved"/>
    <tag k="name" v="Wood 18 (4.6 ha)"/>
  </way>
  <way id="296" version="1" timestamp="2026-09-01T12:00:00Z" changeset="1" uid="1" user="generator">
    <nd ref="3694"/>
    <nd ref="3695"/>
    <nd ref="3696"/>
    <nd ref="3697"/>
    <nd ref="3698"/>
    <nd ref="3699"/>
    <nd ref="3700"/>
    <nd ref="3701"/>
    <nd ref="3694"/>
    <tag k="natural" v="wood"/>
    <tag k="landuse" v="farmyard"/>
    <tag k="leaf_type" v="broadleaved"/>
    <tag k="name" v="Wood 19 (4.6 ha)"/>
  </way>
  <way id="297" version="1" timestamp="2026-09-01T12:00:00Z" changeset="1" uid="1" user="generator">
    <nd ref="3702"/>
    <nd ref="3703"/>
    <nd ref="3704"/>
    <nd ref="3705"/>
    <nd ref="3706"/>
    <nd ref="3707"/>
    <nd ref="3702"/>
    <tag k="natural" v="wood"/>
    <tag k="landuse" v="farmyard"/>
    <tag k="leaf_type" v="broadleaved"/>
    <tag k="name" v="Wood 20 (4.5 ha)"/>
  </way>
  <way id="298" version="1" timestamp="2026-09-01T12:00:00Z" changeset="1" uid="1" user="generator">
    <nd ref="3708"/>
    <nd ref="3709"/>
    <nd ref="3710"/>
    <nd ref="3711"/>
    <nd ref="3712"/>
    <nd ref="3713"/>
    <nd ref="3714"/>
    <nd ref="3715"/>
    <nd ref="3708"/>
    <tag k="natural" v="wood"/>
    <tag k="landuse" v="farmyard"/>
    <tag k="leaf_type" v="broadleaved"/>
    <tag k="name" v="Wood 21 (3.9 ha)"/>
  </way>
  <way id="299" version="1" timestamp="2026-09-01T12:00:00Z" changeset="1" uid="1" user="generator">
    <nd ref="3716"/>
    <nd ref="3717"/>
    <nd ref="3718"/>
    <nd ref="3719"/>
    <nd ref="3720"/>
    <nd ref="3716"/>
    <tag k="natural" v="wood"/>
    <tag k="landuse" v="farmyard"/>
    <tag k="leaf_type" v="broadleaved"/>
    <tag k="name" v="Wood 22 (3.5 ha)"/>
  </way>
</osm>
